S1,S2
-0.00446318905214868,0.5760415461324571
-0.009984422536715084,1.0460175825117275
-0.009714318640523883,0.6306409139627196
-0.010938547868251778,0.1088652940595082
-0.023264975815243498,0.3837862621518746
-0.03361876304338742,-0.0603343357065394
-0.021210065042203387,-1.912880092000268
0.025941649693066893,-3.680856016839906
0.10484300226324322,-6.342638765406996
0.21330455353965994,-6.900681379335869
0.3470564185607379,-6.559616382355638
0.5023128778497108,-7.614809517053323
0.6753758248557578,-6.403452880887711
0.8613990532287837,-6.739937542446725
1.0517500462696827,-5.634232424876521
1.2401111487705125,-7.050577033581041
1.4195593499884507,-6.34384112171935
1.590075755323338,-6.672315821981733
1.7452704658418317,-4.319805267555522
1.8889762544847326,-2.651676022285112
2.03014428706521,-1.149286216003068
2.1688263349283563,0.0810213369334436
2.2881455478919785,1.6133466176143525
2.4001042356901743,-0.418116944261115
2.4951260270383147,-2.1855957919978994
2.56532729100451,-2.8600146600033067
2.611277629251115,-2.3022463579867165
2.6374718296739372,-1.9494493035004432
2.6737867303263108,-0.8086412026901783
2.729189316541932,-1.9160722991882435
2.784970852753865,-2.206682381715937
2.8486345837793077,-3.352996250832738
2.93685482958674,-2.76991665674684
3.0578719914932284,-1.8152019845219949
3.221013265481909,-0.943351018039453
3.4190136583576027,-1.0074079499592017
3.650923512676254,-0.8916755019946546
3.916867015589163,-1.174938221183908
4.224365120778477,-2.0224173490434563
4.572605712013503,-3.2272424874501957
4.952003471921786,-3.672221845645181
5.3563280840512295,-3.4503799341628247
5.78210239272969,-3.1399283550277746
6.2189007037781066,-4.079675103193251
6.672854902389912,-6.64115938690423
7.163372613959148,-5.116052387556826
7.698105305484375,-2.987762900430186
8.274752233410656,-3.9603903075562696
8.87567406850675,-6.103523110655887
9.48651638506459,-7.222274308399636
10.11625557324784,-6.133889452503638
10.74884990916874,-6.835330719987407
11.363573336147521,-5.8667546160827255
11.963633923451802,-6.1855621590584455
12.530480218952569,-4.755363281795038
13.07463452340555,-1.5199236345569864
13.611136068383637,-1.3451795487502178
14.136439187132652,-3.017587169996836
14.663128670311972,-4.890099712982082
15.193321407456674,-5.841976579149328
15.73029670186623,-5.234057399477389
16.28367856099127,-3.76937813258352
16.849411488889675,-1.483596190677507
17.41440503248873,-0.1008817212119047
17.969629544696183,1.8992855930912809
18.522659444407886,1.450273052477102
19.07026006377899,0.8587643280333879
19.60315241561725,0.5179325030345692
20.139757870831183,0.336655987437493
20.702594285314685,0.5345066583820295
21.265387303832203,-0.557749468906229
21.80853654284669,-0.5768229618132861
22.352172743732716,-0.8536005810509918
22.89781998329076,-0.3637337226508494
23.44328706453105,1.0640662143893371
23.96912601640086,2.849927001481687
24.486962781142488,4.398033122647978
24.980859681662693,2.2684623760014206
25.45146615659753,1.1422767210707343
25.89381528725225,-0.9666984290899416
26.30873747472797,-2.066154976161764
26.71958863583305,-2.372802695154538
27.12559385731556,-1.8561905163892287
27.51783510575388,-0.8370942027858629
27.89662799546699,-0.4408328358862938
28.25290545720041,1.3446457828215712
28.583570546175032,1.727268167688595
28.89415608515499,1.7149782566103102
29.191151725805106,0.6326368542249563
29.49592186228485,-0.1131842602927912
29.815186813835584,-0.928049841396193
30.128090111252124,-0.093626855272225
30.435300330228014,1.1111711383291034
30.730837254442534,0.7710704792853832
31.00857827147888,1.505961398436917
31.278599725009148,2.402843058919826
31.54668001763048,3.996212345367361
31.80120543170248,5.257948518204956
32.04855143299996,4.405880347685861
32.28104380226353,3.3411978494016705
32.490214758983655,3.671198552884407
32.69435367948903,4.313489111286115
32.889975079048156,3.6500447828362073
33.073847145571094,3.628518629299757
33.2524446511232,3.5447325365059124
33.434012124261585,3.2109445320805774
33.610845679017594,1.4491235149974433
33.7981761644799,1.3849010223342857
33.991378904616,-1.173036152553013
34.185774149629495,-1.4296056984877237
34.38082510345711,-1.18409818992713
34.57905280874408,-0.2021278641396922
34.76886800388772,0.2805254106405024
34.944336893042916,1.61078937181999
35.11322990221651,2.036673933633156
35.28670495100809,2.5631242545422976
35.46297861016987,1.955639011634137
35.64312288454784,2.4495786046507035
35.8355124158043,0.4903768645003024
36.024254521741724,-1.0576837391226972
36.22181245771471,-1.8682333322293612
36.41651360970675,-3.38770259657092
36.611105103468894,-2.1257996776987245
36.79923288576125,-1.19103743151339
36.98303598163908,-1.0829254626929898
37.163091688487704,-0.1886591733529268
37.35373942281112,0.5066215729396776
37.55394855283814,-0.2572481630379695
37.77672582655528,-2.8721017041566195
38.01518171720849,-1.2649775418705491
38.25381696201638,-1.0014910596752076
38.480479974795315,1.0171017394954882
38.683372817406735,1.1637151525052023
38.86311982441734,1.8888222266391257
39.00919693577769,2.465845908145842
39.12340588825534,2.104996918858077
39.22657161796022,0.8641125425952051
39.31650856134574,2.312404512555996
39.41153494376124,2.565651983460585
39.51163245497516,3.547214506375976
39.615305439108724,2.678720104404168
39.73528988620682,2.478198161307672
39.86923583306355,4.258223334534226
39.99977650135548,4.655597121083837
40.12463939803782,4.353100520545089
40.24577364184527,3.8931610244935673
40.36034621479456,4.670711692088794
40.48104478437564,4.807886322544827
40.60036162639187,3.200995297010567
40.71852732523013,1.5224061233607458
40.83804394935661,-0.1547289407490381
40.94692624365294,-0.4377463317678032
41.04674132435984,0.5086982033191327
41.13633029107369,0.7006333398756925
41.22116423550266,0.3206299432477238
41.29342771207595,-0.4121276293269175
41.36275223740438,-1.2702588580861636
41.43023556152447,-1.9851127670348372
41.48286302804968,-1.5080026464607663
41.51928335958257,-2.8471087247015934
41.5375538789087,-1.9755342161500888
41.534103866977375,-2.031845307928066
41.52489461147308,-2.526849018756028
41.50696807373271,-2.190373249972784
41.466223467639885,-1.6511707098185888
41.410927041107016,0.7510135570505441
41.35594198012295,1.8490397897821405
41.29606476259495,2.967255676188021
41.22563887512323,2.7707735596602694
41.13377119001069,2.3623073823522605
41.02901167989032,1.6611516994893398
40.92211234635883,1.3653799998530756
40.82031401652333,3.713713784878268
40.73419662368958,4.768945736101205
40.65901143193536,5.546488318182921
40.596663894238176,4.945389667464023
40.54231087563824,4.101875122128765
40.48972381417899,2.3616304723345776
40.423532394595135,1.482893144954157
40.34834635800142,0.9620498954029968
40.256165404237194,0.6889278064888326
40.14755383216961,0.6007333145058351
40.01795143372948,1.8720660727656413
39.88479446273587,2.447395927644062
39.74194595140553,2.278774652782754
39.5703657853055,2.7079550711568987
39.375658594501324,1.7266329708944277
39.17524403877949,3.281849604057408
38.96674938192279,1.9293214677764572
38.779405359625535,4.170264917283273
38.62881936260235,3.1168843919340867
38.509408517225,2.2819076563508918
38.409294764864704,2.4276781499742404
38.31551786949298,3.144358734558017
38.22190672996249,2.762311921260161
38.13994530162582,1.558250950878549
38.08603252081461,1.653604954868686
38.055429562069016,3.41861309262736
38.01858271393087,2.3626679359585463
37.97408232826776,1.4483497638477814
37.91304155659946,0.3959874436662209
37.822814686743286,0.7489073047146172
37.69639481807403,-0.095102591174487
37.54539721800448,-0.5016236446282555
37.37361693237191,-0.3382776428050704
37.17054732830951,-0.1784445813449353
36.9583725767683,1.214390894203221
36.73942603411502,2.73994228070332
36.49871367766438,0.106022241216269
36.24470671409561,-1.5438075708132284
35.974040509182814,-3.892397968426845
35.68478732932429,-4.955331737890271
35.375611935149024,-6.389048898661828
35.036885406132704,-6.298546653370294
34.69386455143436,-5.541588620303917
34.35790510841799,-4.85689556145708
34.02541072794333,-1.6559350991960349
33.687439070260986,1.2203386916228107
33.35852318551379,1.3842794265182916
33.035329696822316,2.8794856950141217
32.71212028676306,4.568134261251826
32.39278743608747,5.34129290874307
32.07475209981857,3.7581522718803058
31.764066048129493,3.226340427303529
31.468131537660792,2.8931478891131674
31.1817633181465,1.8750015682633936
30.90855430203027,0.0123183006010203
30.66659575163366,-0.9012717450503114
30.4546088163524,-1.7783677427046825
30.263967743067745,-3.054733797241856
30.094859256092978,-2.028962411650697
29.947240471679493,-0.8093515336571109
29.82590073750506,0.4567881153984376
29.725574005206482,-2.5440894781337824
29.658836080902528,-3.399344833707016
29.60762117018786,-4.365434109253354
29.56632402172518,-3.353231618829934
29.534351781509027,-1.8254222775168023
29.502775170186545,-0.7510831995691513
29.470751847424093,1.1426844890629784
29.463355069661723,0.8492437084890054
29.477231841848198,1.5085825330780085
29.51969699552212,-0.2083712400349786
29.592249586071077,-1.0462792981086522
29.679078383345004,-1.5291387069504847
29.79100126335607,-1.1540889415641775
29.935202018459552,-0.6994659201368593
30.09837761374188,-1.0965818868303625
30.28071633239805,-1.383873266040108
30.477121063691946,0.3109611813625725
30.67381360711766,1.5823654098278834
30.866240649048233,4.167302794889747
31.05098449954526,3.140541982665155
31.22819027411819,2.29438787959435
31.415934191063975,0.7484521864354206
31.627647736255334,0.9177783292586312
31.86253232331853,-0.3966548270268328
32.12761055260301,0.6282235992548271
32.417142032239916,3.388787243908898
32.72354869433041,5.194404052952167
33.051964617379966,6.627896642024296
33.396256034619654,5.534722681126487
33.74152021301167,3.440924214454605
34.09341469098709,2.932194145056934
34.454878120278444,2.5242004409089867
34.81984191796278,3.769739355240288
35.190102924839806,2.692423511649232
35.55962664683103,2.897064694868127
35.91809094538427,1.4155461271055332
36.2668720781275,-0.0831723550075979
36.62164908365388,-0.6662612938225783
36.9706719559598,-0.1302598018142115
37.32952843510597,-1.8213780288645196
37.708852325005765,-2.527392287513214
38.1184085097149,-1.6451144364911865
38.55016360481818,-0.5931431871904566
39.00015672366579,0.620272581415047
39.46601425290179,1.213731413474141
39.944984951760766,0.7602489445654163
40.4244301901079,-1.3745047280846672
40.919148321740366,-1.576840801225691
41.43492394051386,-0.1187201700205062
41.968751116120906,0.3444391474247443
42.513221235493816,0.8248415147264387
43.06558907161095,3.2082176334428496
43.62214107385453,3.7398931555757713
44.18734090557349,4.337115528283901
44.772578423280414,4.4517774138376005
45.370476226202705,3.260048327439652
45.99024449857326,3.368905868774088
46.62321528716178,3.5715567059965103
47.277865176434716,3.2994272597162566
47.9574735882699,1.6141413301432377
48.662847868314216,1.943198977552878
49.393041604274494,2.0947901302637653
50.15547038394984,1.942327733518178
50.94269459183381,0.4383963408070932
51.753718880496514,0.7228145687908889
52.565477795282355,0.5635668538465227
53.37634696018751,0.2622358138061427
54.18891890718085,0.850677736876723
54.99604114310003,2.37643049631982
55.80492056482422,2.061652509117534
56.63747667120659,1.844224370204257
57.479481486180084,2.062120797852361
58.314572110014936,1.5908188604312268
59.13820457091158,1.2111140976056052
59.95031729044919,2.439532286830204
60.73968512091285,1.8260344547855347
61.531080653689415,2.351821353102501
62.31877875729835,-0.906850981004304
63.08837410533959,0.0256127705863127
63.83230772806629,0.6342550064642948
64.56414338674242,-0.060817087178018
65.292379754639,-1.1491979498309752
66.00952123026455,-0.9752666517760428
66.72708749818875,-0.7381264715853701
67.43385652596598,-0.9187962022669574
68.13702417043025,0.3746967720384784
68.85611055226796,1.252025630848724
69.60012581190672,1.3299801309524306
70.36252049408355,1.2463406013109035
71.13543713519577,0.3631997557590393
71.90227754060302,0.1918785944024997
72.66647046422555,-0.6550060354835244
73.43331598505034,-1.4087655143941635
74.21954524154246,-0.1757268781910692
75.02782002223046,1.0200493543007465
75.86635030764312,0.9811948272159432
76.72010614999905,2.9981517436291867
77.58035938036558,1.0783367131827517
78.45365440339035,-0.2336951654575068
79.31590798269657,-0.8984946252807895
80.15997507591433,0.0305624184457728
80.98247672006902,0.923617315711566
81.77153743252076,0.7013906967659131
82.52783481529102,0.4879995551978351
83.2455295126303,1.1170662152228454
83.94030111170598,2.1379383744793383
84.61417146358426,1.7614565327690146
85.25209954430517,0.9055630923122082
85.85077485892106,0.8832150553596323
86.4082114251101,1.0580756501614463
86.92707332831873,0.6444710827713439
87.42606761823406,-0.095616888479832
87.90907247510746,0.0792894395898635
88.37996717674513,1.0212947230135616
88.85851649000962,1.7495011858417897
89.33414454119016,1.2221827882219096
89.79797220949692,0.817490260848662
90.26734743416887,-0.8675766077592552
90.72967057562148,-2.2373827017032024
91.18052514449144,-1.821541695515504
91.61682569635191,-2.1744073939283197
92.04873179762558,-1.6983858718473248
92.46746884303415,-2.017249087316821
92.87526620683566,-0.2419225760243519
93.28993484720304,1.038401737741649
93.7152361712686,1.9593573989698003
94.14258925275296,3.4969256499661565
94.54836296892086,3.0334361292447456
94.93890936537731,3.85352245575824
95.31689771323205,5.115327718698474
95.68647015169101,4.565510920830633
96.04601984869528,4.290304994801364
96.392701322423,3.9593379502518986
96.73208738917523,3.4094415082168705
97.05019445918187,3.8036540022857768
97.34908007980665,4.488842828612103
97.62320719218091,3.33254241147918
97.85116211731714,1.983881802564727
98.03764364398734,1.3271870607258351
98.20537936072031,0.8365539656244558
98.34678503282218,0.2264959131453981
98.46248159993831,-1.306260928501739
98.58119466238054,-2.590601596276192
98.69964154644317,-2.801131513861931
98.80019778645456,-1.7985662959538071
98.88846093256554,-0.6363057667030372
98.9771424145158,-0.2336729779561653
99.08011601608212,-1.337793304741454
99.19402228281358,-1.4275657226876497
99.34230829021574,-2.72318704169327
99.52106518945688,-2.641988843917939
99.72845229300117,-1.822784110222961
99.9529784566338,-2.2073598233073075
100.18556687192978,-2.290827739080478
100.4316324682934,-1.5324983039136963
100.6958397050988,-0.9167936123097788
100.97612016325759,-2.5421497073397505
101.27538539869079,-4.117477821883712
101.59192647039823,-4.636395058960584
101.9400855603723,-3.0107339447112684
102.32242415349212,-1.4667230429525866
102.73407043763265,-1.3108254801230763
103.18419469704614,-0.6482882801824561
103.6731238526351,-0.8993617287108288
104.17703489233749,0.3622275551321052
104.69595407218625,0.5681492624384222
105.23790940406445,-0.3029174160270451
105.79101630893632,0.1814552397444219
106.34326185954933,0.1059763586733937
106.90729273643147,0.4234645164549001
107.46871032264711,-1.852803150877525
108.0108877827868,-2.026912884184965
108.52200581825515,-1.9933724128391992
108.99460359387042,-0.2738615927861318
109.44838027372519,-2.505289216996527
109.89982805295779,-3.5285973588294
110.32645842429407,-3.7048824563081912
110.72837342191086,-1.5090017758708152
111.10888966218701,-1.690653570368621
111.4712326215441,-1.4990499567931317
111.82477772800402,-2.0707660716908256
112.18355837585098,-0.7811648251453696
112.5443637255693,-1.5007453402082231
112.88989872306664,-2.272976032133045
113.21463074565969,-4.919575618785374
113.52156328661991,-5.571241882871033
113.81684743511384,-3.629356731040204
114.090754133225,-2.633683166086551
114.36168192270507,-1.798277646096182
114.63086796054523,0.153700065454871
114.8989919050473,-0.1187609620689249
115.17017558915659,-0.7477327002893892
115.43799143624794,0.7840805159049531
115.7001195775022,2.5915170194981667
115.97035513265217,5.036859574266999
116.26113034951736,6.161199071196842
116.5756898833166,6.857370896063196
116.90837967230611,6.124841020753808
117.27290359255788,4.797473381217539
117.66577066682517,2.4865512166044925
118.09852494304135,-0.5935177803165685
118.54229254608832,-1.757701952904115
118.98915175859003,-1.9057250921249531
119.45148301328724,-1.1905974113312796
119.91031134282879,-0.1569479020474399
120.37444399540932,-0.725072241203609
120.84310652925664,-0.0205934726861352
121.3215002182876,-0.5201815442725592
121.8135307835709,-1.3316771295926064
122.3288336784465,-2.4286293919484163
122.85827547183901,-2.933427932916189
123.4103475246504,-3.717603571943581
123.986085650053,-2.8074545276550418
124.57687315270884,-2.57299442931722
125.17241690062174,-1.4102944206259242
125.76376765730004,-0.4335778597468672
126.34048382045958,0.367213872351752
126.90795435770636,-0.5408070736874775
127.47554931524493,-1.0971589962352932
128.04338632142998,1.0645595200412663
128.60536372714793,1.8720505777385057
129.1543939690039,2.346450798126743
129.70239599765944,-0.3400305210130143
130.23697270510417,-1.4653791442572963
130.76042102848575,-2.644104414252028
131.28695897643354,-1.9381265221683937
131.814450587874,-0.0192311916943825
132.3418694972439,0.3578713564442135
132.8661684141076,0.9637325876841372
133.38611316784358,-0.7505502340847522
133.89278648962426,-1.7642876743203333
134.37779687069548,-3.2262977240092696
134.8503890760997,-3.187487089612812
135.32086805651335,-2.662876854569029
135.7763767594504,-2.74961071339534
136.2066149498318,-2.1521206240031225
136.6249801136908,-2.27217438102013
137.03261038256042,-0.6849495612770331
137.44998325614736,0.4827585402480914
137.88622291434973,0.5116882075298076
138.33687374705104,1.0288934697299388
138.80482319018643,0.4443782435021117
139.282418487155,0.8019564573176761
139.76877748818777,-1.0965277796471131
140.2564777877419,-1.231961743949085
140.7370553812486,-1.2013435639073613
141.20179896121894,-1.7131895418005514
141.6639685054624,-0.8576288051193919
142.1185991037819,-0.5024679307963451
142.56261683163174,-0.9346096289353738
142.97986522224136,-0.7025550259230038
143.391416345224,-0.4729129099198082
143.78943429199052,-0.6092990761356566
144.15834556135275,-0.9580039818562804
144.50314393380742,1.530158323680909
144.82583852670015,2.5271728212350784
145.13931300895288,1.657322687622703
145.45277430429704,1.9813466906973491
145.77183443172873,2.565679955659178
146.11177031239347,4.531026071387957
146.46796224296648,5.957503558508188
146.81989845164156,5.898845434712267
147.18116293763447,5.034588772760953
147.5439040697655,4.877032539867148
147.90811369365892,3.464290654198422
148.27045285301898,2.965704246169959
148.63280195608624,1.5533772991271926
148.99600335135074,1.840018943519516
149.36266282273243,1.2473911661639974
149.74041721220524,1.481480063004521
150.1337373960157,2.9303548224994804
150.51340307769365,3.7572655434314366
150.865729552948,3.5563799946092267
151.20154838450802,2.437571294455054
151.50673064989147,3.222596466051772
151.76267026049916,3.912853384821818
151.98636433005947,5.43960539370056
152.1767090535094,5.575192351210333
152.3256805621206,5.008051367135532
152.43697310080194,4.3129127693159335
152.52503367554985,4.077870286118247
152.5952704409393,5.071512763310417
152.64744586173032,5.736718898516788
152.6924719249558,4.977151739224441
152.7327243398675,3.754135010889456
152.76763596199407,2.9908267706875025
152.7904953610291,2.64598927983653
152.80415465582664,2.866903602676431
152.81930616769083,1.6565148853739515
152.84449236777485,0.1247679102786318
152.86831290676054,-1.2508669865533522
152.89419293264262,-2.1394284914394746
152.92757741717892,-2.819518574105042
152.9405234670639,-2.014640211265695
152.96510546805766,-2.443103434997789
152.98230987754218,-2.434216132891056
153.00348339142556,-2.871495384598532
153.05785553965808,-1.5573440048465563
153.12831151054408,-0.0860591899388732
153.20468233798437,1.6754477259972862
153.29173328127067,3.448754419960929
153.37944944960876,3.9318978671578138
153.46652324878087,3.4019321589882727
153.5768208688594,1.638407558333289
153.7174274280048,0.4479124249389575
153.87836547381903,-0.6562535108238359
154.04488754457282,-1.2491650360496849
154.20328190734088,-1.0335222973614595
154.35669271640646,-1.946706672196851
154.52575378357864,-1.9019625808810263
154.70024747504104,-2.332177963896288
154.87518003640616,-0.4583407807923956
155.0480685431657,0.5318080241418879
155.21511766277837,0.7433379024639004
155.36315431720973,1.872901912451488
155.4974083212894,1.933394960579112
155.6086281595304,0.889222376427108
155.71548150587364,-2.131760094368463
155.79492719338262,-3.758140545161668
155.85843973317156,-4.152376627328547
155.9351533454472,-3.403341165044365
156.02751995802927,-2.982351321049138
156.12583226773964,-1.940314362690616
156.22096326064133,-1.7162551392207186
156.32209875702898,-5.922719649054109e-05
156.4315556370732,-0.3962711073228984
156.544082880243,-1.6427642679473282
156.66395668277275,-2.6678423525877437
156.80564547068485,-3.57974017800566
156.9845124042413,-4.596224685876694
157.18943362070706,-5.504720793704095
157.42757230064288,-5.879480190877711
157.68930205570837,-4.773690586584928
157.96702249304735,-5.406899914716186
158.25178522802042,-5.724142351363087
158.54357364098476,-4.903847742910113
158.84028050039626,-2.902555555375607
159.13811577724465,-1.5641966116261332
159.4365651725708,-0.7589621330485024
159.7361773127245,0.8872230569896354
160.01953012316207,0.6331220089079547
160.28612386570927,-0.2469278429807223
160.54710269623212,-1.026137021451828
160.8030846235529,-0.6860532275943528
161.06818354571394,0.382121110349532
161.35284139038015,0.5538460591528911
161.66701627438303,-0.9393283224494948
162.00999861266249,-1.8629077912811216
162.37368440847516,-1.1495357841858898
162.754459786884,1.410086369872848
163.15845671411748,2.646252057246808
163.57808098959163,1.261509706331365
164.02759237138318,1.231906642655422
164.49176640028793,2.089018927245591
164.96788437164818,1.6770312576857076
165.45048625373798,2.3677695179968707
165.9475256533142,0.863307973822194
166.4453906566377,0.4257049313648402
166.95314554934868,0.8281065872696023
167.48193912287422,0.5066705483607721
168.0216793867268,-1.4643428237259952
168.54802597659523,-2.338697245273789
169.0665116967555,-2.4321070720968807
169.58228159821894,-1.466728913907145
170.08114669417932,-2.0767423635155184
170.58345041707375,-3.202547537359691
171.08729076931195,-2.299098450038767
171.5876279861373,-1.993419555962072
172.09648824424517,-1.6554391389534322
172.61004167749888,-2.516950730739209
173.1174961918062,-3.289466911397041
173.607433874988,-2.703312302177182
174.09452690591112,-1.3188060397644523
174.59840117941965,-0.0980168742671443
175.10782271537997,0.686593555623101
175.61783134303514,2.1251047963701426
176.12326093683967,2.445941777075788
176.61981483747394,2.866284203932062
177.08249771375887,1.1427928467352486
177.50769692798002,1.2009196321165496
177.89463957609155,0.4830519221292283
178.24349073780317,0.3144529298236742
178.58054344693323,-1.2565657480411632
178.90608217518894,-0.8948151459489878
179.21930921111638,-0.7498915459153721
179.51733852608515,-0.4379934196465205
179.79775886293143,-0.9645989619378876
180.0664736770745,0.6309165685507367
180.32503521472003,0.5130510788566569
180.57081164321033,0.5824445955329824
180.8102323953135,0.8713055495992024
181.05073170591734,0.5618082504367286
181.29282807705775,0.2635209734901311
181.53483599745158,0.6253531880455704
181.78297968587032,0.271547918950818
182.04160895027778,1.767791333292901
182.31256224609683,1.8496223707676835
182.59089919977365,0.3616226518795131
182.88031749549532,-1.5743139548896856
183.1716321246696,-0.2861046089585963
183.48111271426268,1.3517858745422835
183.82148690380671,0.6699259899138295
184.18587369965084,0.9201404053011802
184.56128812082176,1.754543288627786
184.97471952798432,1.866138455768061
185.41324510713952,1.045212271610887
185.8589927029828,1.559504719163456
186.31641432350136,0.7007501562024725
186.7754222888767,1.7408222995665734
187.2348806005886,1.8825690381266316
187.68185955417346,0.7400265643532353
188.13573511434217,-1.0821056289019708
188.5932156823458,-3.363731250605788
189.06087874306215,-2.8391704922815437
189.5254023208472,-1.26601630461353
189.98600572939915,-2.211562395067068
190.46140214484637,-0.588412776590717
190.95751408094685,-1.5448208876877874
191.46824185878623,-0.777486250439797
192.00230870002628,-1.8070749120820409
192.54204446838654,-1.678829562447768
193.06602940486545,-1.9083506304997344
193.58462749623413,-1.5164601827702977
194.10246335708757,-0.3594432575948388
194.62178738497485,0.4753769151225187
195.14790274455143,0.2085398463407356
195.68972891340047,-1.0278513994876537
196.26018192238737,-3.832068895961116
196.84649492819977,-4.541434643450058
197.43076581231233,-3.2471977546998345
198.03146154197267,-2.836981078613367
198.64781362771478,-1.956467726673521
199.26780952583718,0.328322847555669
199.88356961488736,0.6738857024911546
200.49414202716665,0.983436158894727
201.0923112579578,-1.4150350535467142
201.6740813689767,-1.6651299955792758
202.24633510260776,-2.2925602973449988
202.82132842579324,-1.0466417488474864
203.41523423905574,0.2475744435858893
204.01426032127364,0.8339868036313224
204.61838288633888,1.182321441688602
205.22486503866384,1.5524285347473714
205.82386372832553,1.954229535401777
206.4079846337805,1.5375545700414412
206.98827928984002,0.0491624926220415
207.5666286124745,-0.5047753483774042
208.1345549077733,-1.7849145122297396
208.7136438418147,-1.68452547610417
209.30491576292758,-1.5079745396348965
209.90419189122306,-0.4640528271661286
210.52835911208962,0.5851781813914737
211.18364160904994,2.4621293535029283
211.8619147908034,2.7192719511628693
212.55531706757102,1.1284522358834363
213.26158028792898,2.0131654198968207
213.9771152847163,1.7043633638601734
214.69082204543417,0.751598177601733
215.39468956677726,0.1498407704991572
216.07683188866693,-0.3365269537776667
216.72160184241434,-0.4357582796174876
217.3421631915658,0.2107920419389554
217.94702940832337,-0.1902763223245859
218.5370622094723,1.3838577777886665
219.124040898372,1.80025517454731
219.69801041023595,2.506399598370009
220.2692339427407,1.7195915272780835
220.83985052122554,1.976879711012733
221.4150298970758,1.3766832669196465
221.98712773167418,1.2700657229958967
222.5581853555932,2.126964188961312
223.12673981575963,2.5263082972349458
223.69314163627357,-0.0049972700762128
224.26739382883983,1.2508431071253046
224.8426441855024,1.606724107045004
225.42271028165024,3.7146217404871535
226.0232308305269,5.145853632867105
226.6293714819264,5.944803524842077
227.25218625464544,6.422485257022268
227.87628767610371,5.675090156822005
228.484907336621,7.33550183706967
229.09491132567587,6.104534334199517
229.6998591809424,4.628809961752904
230.30078043304607,0.9927678215510642
230.88723269783472,-0.3538437994205071
231.4518939777919,-1.6911281477498223
232.0094258135136,-1.638350183833048
232.57133045522397,-1.335888845723739
233.1476499632578,-1.2663649424867611
233.73434849896304,-1.4621125528386771
234.33950468358375,-2.8006252580805864
234.96715449242808,-3.370514675936357
235.61331820523247,-3.5272289938855548
236.2502860193766,-2.506257494297427
236.86400000237904,-1.6442010598923975
237.46436998909823,-0.5815543669432814
238.05580256914635,0.1302388159494225
238.64590513307576,0.8962254189488192
239.2390404678728,0.8626737036809351
239.81993766336106,0.8021549354288101
240.4022030727323,0.6412710606620536
240.9890398958183,-0.728520745581797
241.58739311616358,-1.050493583981159
242.19810420910005,0.2195932640852345
242.8087891888719,0.0779132943114239
243.41164429667492,0.1317662001205138
244.01753020717223,-0.7937056898132667
244.6236307468288,0.0384930171878515
245.23378561447572,-1.014077859398857
245.84519298947038,1.1737877141469155
246.4614828380778,3.246997716870075
247.07410295032372,4.765811106469883
247.65218650222346,4.459651092768262
248.18960311424354,3.772251384100611
248.69383345331502,4.9187144791706405
249.15327535493637,4.434011752370223
249.561140277212,2.279212637147032
249.92144920980408,1.1512232712530197
250.2365185342134,2.380233777866398
250.4998322002755,4.18787454969652
250.72393569568024,4.692539357700005
250.8986697054167,4.155120731008084
251.02169480649886,1.970464300392416
251.12628792134436,1.2054253438311435
251.21089182287915,2.4752610285604906
251.28410140250244,5.0079382893644
251.37533085104158,5.749399982343956
251.4844033189918,4.790988377633046
251.59861585643606,4.084814082100477
251.7266197748118,5.304486041821818
251.84823890867827,6.536935976598612
251.97571670534967,7.217241959307465
252.11757178033787,6.22651742316205
252.2647295334786,5.0614738917881805
252.3997438273824,3.360992555541612
252.53945185183736,2.272664833147477
252.6989066858456,1.2727420589361769
252.8818442674121,2.289982657779825
253.07445816372734,2.3488726525888413
253.27178418043235,2.4540570775797925
253.47418806770364,2.165118677396917
253.6887410337424,1.697270036357228
253.89291973776417,1.2851465239493645
254.08759119762217,-0.4804835091194472
254.264950048747,-1.537993954861376
254.43357323033757,-0.671586625720221
254.59379103459048,-0.8685684695997266
254.7507599551512,-2.2339054934121343
254.8781475047456,-4.047946753161761
254.97851606321777,-2.9916094538593185
255.0505826496177,-2.116562060383868
255.10595564190623,-3.0558468134750685
255.15660009320007,-3.6088279171305584
255.20522041065485,-1.9717983448646608
255.24080426783638,-0.4024475136959278
255.2605214893521,0.9533673527954244
255.25990631150918,-0.7556310236204882
255.23632433183985,-0.8930704666102097
255.1841532047251,-1.8657782364782705
255.10443027166437,-2.215070257301507
254.99943880687243,-2.875383375876165
254.8680502568861,-3.7323137335446495
254.7338416761577,-3.052859021021882
254.6138769531208,-2.43681288925116
254.513457575326,-1.87581924152954
254.41814083027,-1.0361392824636275
254.33232521585737,0.7012891786702867
254.27139079255625,1.2695118722130678
254.21387982397104,1.0536242499823307
254.15283611330014,-0.5386415473296764
254.09543599207635,-0.2343887845399302
254.0515877921153,-0.7116930278801414
254.02162062551375,0.2757543855191733
253.99863021741487,0.5171871372556563
253.97541139177036,-1.270166693113557
253.9407321135408,-2.817759703774328
253.90272906826786,-1.979994448162412
253.85557153417867,-2.072867721973842
253.8124937272241,-2.350410934773117
253.7762762227166,-2.5576674074102344
253.74324286567335,-3.4735689000441603
253.72269104873703,-2.939367949484243
253.71532666978604,-3.8594123953645183
253.71325237305985,-2.940345848656993
253.71984820031864,-2.4978449278069217
253.7418295971581,-2.585636457879553
253.75979072884124,-2.663938570974813
253.77012237927738,-2.634861706997766
253.7635096989615,-2.348085388098145
253.7396427507122,-2.8685361039047503
253.706712513837,-3.45188762603661
253.662273623322,-3.817359492818637
253.5809230764773,-4.777370259053395
253.47609127267006,-4.648035454012878
253.35449863451666,-3.860971058748744
253.22152265565722,-3.7397165446345615
253.10470220945584,-3.933322245584346
252.99866046268306,-3.2540751451041543
252.8998421817956,-1.5920422641812708
252.79620201693635,-0.7993027154255243
252.6813908562199,-2.592475791949945
252.55851181004363,-3.3377091303637183
252.42634441887466,-2.468307284533617
252.29121553338487,-1.3021476384829251
252.15623002017907,-1.4607390285282733
252.02151836506096,-1.3257154876659791
251.88566663195482,-1.1792146373176149
251.76563008644516,-0.4027231529258352
251.64231050186302,-1.0877953356964405
251.50055469345563,-0.585017597267031
251.35195806313638,-1.5574046495584146
251.18536539813414,-1.9023841222915696
250.99837062936717,-1.9963308163960545
250.790051951126,-1.1793944791021338
250.56579161993213,-0.6826815018492296
250.32894742811587,-2.1685383719748623
250.09002010966114,-2.706145963932475
249.8482099467604,-1.9414480771200855
249.5988941332947,-2.7871196442997315
249.3432198211191,-2.576366486388301
249.07690080218825,-3.075620272665504
248.7943168625526,-2.709891755897444
248.50875941254733,-2.3448673661702566
248.21877461528032,-0.9893946606651856
247.91940136062692,-0.1520422989305806
247.6058809616056,0.3379064370195347
247.30467876501407,0.1943650171042006
247.00981683666575,-0.0589783833885077
246.7095399271075,2.269088625278984
246.3888639392024,1.81505191363933
246.04956163686592,1.2177416751893024
245.69578053808976,-0.2597111898395214
245.33831074152238,-0.7090700808718683
245.006486555626,-1.6572636336163435
244.7145937813602,-1.817276391130609
244.43861965951788,-1.430663093812892
244.18960236888168,-2.053201026416943
243.9585735147799,-2.8926486391424
243.73996411579452,-3.7583626224736
243.5291658360361,-4.755298105963896
243.3223690295344,-3.7865186455488864
243.1297726188998,-5.2529882513856325
242.93591526059123,-2.409208547925134
242.74126781188542,-0.4639692376809864
242.54363244931764,1.106408886118356
242.34728613385417,2.231871975310335
242.1531283403393,4.511529253135931
241.96316973122342,4.656978441903178
241.7925428572321,3.414533289309952
241.65639745396578,5.44649450300363
241.54331351466666,7.359122245425073
241.46141537476896,7.463486538590478
241.42091412056632,5.413099585462017
241.41013385716786,3.624554138176614
241.42272231872704,1.6832893108920488
241.44904882243577,1.1401163392828249
241.4940397639133,-0.7851141495374102
241.56281335787122,-1.3306296750883708
241.63030193638627,-0.5042227613048442
241.70227693933174,-0.0592697652654067
241.75897564872324,-1.3667135226467582
241.80589230492387,-2.501520295802425
241.83951204699906,-3.5342860958058244
241.8556815319411,-4.143985994319589
241.8341844158225,-3.538357313236645
241.78655801564383,-3.4088286925314466
241.72484830947784,-2.7337109250138467
241.65171497340063,-3.6570961963392894
241.57665276027606,-5.056921924216515
241.49198214946938,-7.326648526537001
241.3818320383986,-8.920497119483214
241.2401909546041,-10.459604351502836
241.06324277652212,-10.353141696945736
240.84179628665862,-9.54062209658081
240.5755247471656,-8.380225437560359
240.27081028150036,-6.1072349618427
239.9350187499387,-3.455045148810155
239.59285891846935,-0.7419947982233905
239.2492798934506,1.0162292926360976
238.88678591985328,3.147084845944244
238.52295548880747,1.5522338709915489
238.17749544290905,-1.9658516971785989
237.84749282965464,-4.230772148288876
237.51700173394033,-5.411821694776269
237.18346169249207,-6.080351469344448
236.86076009568862,-6.149364345735359
236.54425798517943,-3.6299419632922367
236.23156585680942,-1.8295116864288492
235.92239323925355,-1.0661925521150777
235.61785070217073,0.4753878934355136
235.31629664241987,0.9979103895963232
235.0022961346889,1.3868141805466574
234.67959557299008,1.1032742970325788
234.3551942764405,0.7182298514631398
234.0438926836817,0.6748976088256275
233.74400661721955,1.829422076092745
233.43696930638725,1.8763141695165564
233.12831277676662,1.0543568038092412
232.82023940757625,1.2561586088748469
232.52019015995853,1.4819690086915165
232.22825186283788,1.3248893042907248
231.9297041220083,-0.5533480976683733
231.61894067878384,0.2051451002189095
231.29863585719073,-0.0509003807541179
230.97931100997934,-1.2936016798998584
230.66656696469806,-2.3774801825745
230.36307964246132,-2.1771535815913965
230.08778956598712,-0.4813742680882253
229.82829016483146,-1.435012449201166
229.57494879292767,-1.5866110131385436
229.32056827313804,0.045477177610091
229.06223573871293,1.1131708290138336
228.79420583701554,1.15854427016777
228.52195084535867,0.0364934537318376
228.25334289469885,-1.7366667550596413
227.98642453908215,-3.5724089204842646
227.7232074508952,-4.620802860279115
227.46448966028018,-4.23356849448612
227.21137444475042,-3.159087307098339
226.97440935127022,-2.707600475400307
226.74156903378415,-3.0829142223556696
226.50551725576216,-2.899235639292851
226.2639472713509,-0.3339189403851597
226.0361016778957,1.421166401369554
225.81550904258705,3.172391828488198
225.59150784697542,2.2385683736261903
225.36562748042087,1.7798199209941352
225.15922363214762,0.6652739835652316
224.98381621755013,0.6970078179822436
224.8388776389813,1.7192806415648754
224.71598846279608,3.2843715840455414
224.59919689605098,3.0456038584662823
224.48043907555828,3.0232280313234177
224.36744743958963,1.3184155210090684
224.25332231923807,1.2881001063854338
224.13199546868046,1.6850155142183485
224.00308033276085,1.2567730905282473
223.87109281039034,1.5612263811111513
223.73129523545728,1.4581856885394229
223.58024468489114,1.8739714623428572
223.41634528207368,1.553426525028856
223.24407080684205,1.7222022210849748
223.0673992717952,2.760120986289487
222.8623411768071,3.4887766892967638
222.6285410026154,3.39897855614151
222.37828094901988,0.6533407162826634
222.11979779457585,-0.2473390552845496
221.835650961793,-0.0013577688080016
221.52203784516345,-0.5382936216154048
221.21030134640597,0.8195076931579979
220.90351157153307,1.2745737411140186
220.59792298531613,0.1500470739261066
220.29552889697203,0.106882087241978
219.97565044053923,0.1249662619978428
219.64555893748351,-0.0960257129615385
219.30991961069859,0.0320169318552798
218.9698818445015,-0.1962145378641366
218.61435558662507,-1.2845463064092413
218.227336893671,-1.9848771333619044
217.80642007138087,-1.0245609393955248
217.3563298612697,0.9200793535092682
216.87268535879568,2.179636411195572
216.3741592429047,2.293826196537884
215.86241706767098,2.3778412189406657
215.34472694265796,1.6990837773508654
214.8299467975901,2.3847489569286813
214.31407652176338,2.8652359729297783
213.77708036308096,3.076185885188059
213.197372147607,0.8063203153945204
212.5746082861172,1.0846259293572689
211.90009421803572,1.7773967556732733
211.19480331955288,3.231423916527654
210.48162308918384,2.376478945610507
209.74743996566528,1.2237802839701348
209.016558066125,1.8892094982026395
208.2953538759144,2.924830870013724
207.57158621176652,5.408437862645835
206.84928258333193,4.272613860565632
206.13078339320748,3.619958552828289
205.40759019264098,1.6729592621689655
204.6762331519262,1.51190752164954
203.93447038931086,1.5748171333728913
203.1870395496653,2.183999122161425
202.43713076325344,1.701412101392712
201.6970209147585,0.0591308575262621
200.96562073935107,-0.1462380277796867
200.22768340277642,-0.3947977772280825
199.49035983812746,0.6714744215757775
198.753074367052,0.9544715364854732
198.02240097570376,0.9498817881655812
197.31721120094358,1.835392678659065
196.63811497765633,1.987561982561438
195.97191049793446,1.3706553843982947
195.3208185697315,1.9092060248825795
194.68190194315423,2.4197568623078927
194.0681602316234,3.633835542194994
193.46931403242112,4.199441197961967
192.89689132779242,4.44231799060723
192.34205165948217,4.608473474037747
191.80865899718557,5.390589391994866
191.2921408548982,3.873029236088813
190.79267512832143,2.692104834121672
190.30975466456331,2.0268810819430176
189.83658705978115,1.7595389667427637
189.3619808081088,1.8382076021924572
188.88381602771335,0.4897748205160963
188.39936814001587,0.6932167763030235
187.907082627897,1.26965364170782
187.40732061260158,0.370005526610262
186.89984293019563,-0.4347829325585874
186.37363659634235,-0.7957545060324075
185.832165914088,-1.058092811424897
185.28144602634916,-1.870949682494804
184.7171761615241,-2.525322129339054
184.13868689397557,-1.6180640001167337
183.55010037910938,-1.879968557759951
182.96346928346244,-1.1780472523101628
182.38618907485363,-1.8662309499259888
181.80237096305316,0.1676757315693926
181.2153269270282,0.1250015120505331
180.62228174543034,0.6153817544948575
180.0419559860537,-0.5326743565660836
179.47472949980457,-1.1042589256446544
178.92580265598252,-1.8492378697794087
178.39835957958252,0.0631045198045034
177.87078781044897,1.0675314255971913
177.32913063086067,1.7186720973252674
176.7753934047577,1.186518941668302
176.1992615383033,-0.3386941142661827
175.612368700031,-1.96204170891159
175.00786813863203,-3.846864063717239
174.3984901896907,-3.713939486850773
173.787111457434,-5.331042788645255
173.1655146677701,-4.261860747760978
172.52550578611928,-2.7602308304392773
171.8814439946758,-2.078613856984812
171.23054812426537,-1.6393199933642388
170.5882919066063,-2.5051625148217207
169.96751149381976,-0.5105214155092965
169.36203134819405,-0.0936512176576522
168.78389826306415,1.2777315132135878
168.23878326638314,1.9843343672687963
167.71322974362866,1.961777992498764
167.2063371579913,1.093534946574363
166.71073919689124,-0.8148425735004649
166.21556387566054,-2.312552142658599
165.71660429055922,-3.544677691075304
165.22724677664186,-3.5482290626076765
164.75270021239407,-2.540375418306252
164.27842247830202,-0.6098957248708139
163.82877290712312,0.3577804664374225
163.4105279190284,-1.9864076093121783
163.01460837098642,-1.966328842084518
162.647258613819,-1.6400458539081566
162.30485349954952,0.2722868823755417
161.97561096154894,0.6858668879119592
161.64216209492943,1.8695004603605725
161.29641622222843,1.4394438755856394
160.924031279637,0.4786205862836626
160.50995061220806,0.2224706647226816
160.0801365449791,0.6076782681026587
159.6371625034248,0.8029257441419648
159.16891184999452,-0.7263129830658044
158.6702278608254,-2.743177895049708
158.16145979714628,-2.2389924539078896
157.6399599576436,-3.0655161701675504
157.10625087601164,-2.6035928327911178
156.55717417608713,-2.1658786111709545
155.99520114312847,-0.4390727164748438
155.41702952017658,1.231387734343172
154.82701143877767,1.71121299010696
154.230929343743,5.559297068190177
153.6115560993186,4.786002101528217
152.96778844268763,2.960799513950234
152.31265981571454,1.6942615037982758
151.64718020708335,0.8144864266760176
150.96482925472367,-0.4467237993651348
150.27190068603005,0.3346050512995919
149.55800953949785,0.0415410352344584
148.81365008761392,0.1394922471059855
148.05134296550048,0.4695773094566882
147.26687742957301,1.9000554801042056
146.46483039414372,2.163877680786189
145.6483732701499,0.4566448088663124
144.82586157731782,-1.9901481582195992
144.02020780178967,-3.1894025242102897
143.2181010246052,-2.6832095689089024
142.4158156818533,-2.8782194592442845
141.59207619101844,-4.153071939059644
140.75280631761558,-4.439308073931831
139.91572209495146,-4.298044284895246
139.07517403041746,-3.42202144550928
138.2312568209962,-3.0224434881921605
137.3909184949804,-2.6132199991955174
136.5460101590401,-1.3634804882762832
135.70401191750827,-0.081768378185934
134.8692142414594,0.0143140619137425
134.04406078905367,0.8348897458104019
133.22357894085053,0.0130188016663592
132.41010409242438,0.3439734718092732
131.6103124711422,-1.304859800889809
130.81310857179912,-0.9419189680178972
130.03111959805298,-0.2480977983796269
129.25406877861622,0.3670200422046444
128.47049368482544,1.1765741970960095
127.67454958143006,0.0436653973685228
126.88714155743014,-1.1098533621984132
126.1269484163842,-2.098851670867119
125.38048920273138,-2.5423070628515547
124.63365870081766,-2.9881324210635043
123.88950008114654,-4.020649587080779
123.14835130937219,-3.355498293272235
122.39126387902516,-2.1897397333993167
121.64171479211213,-2.1973445743046547
120.8925334471243,-3.043718268691182
120.14836278088868,-4.550738461272862
119.41662078787645,-3.4855112412322127
118.69013180039298,-3.630899229797429
117.96727621814665,-2.749705605964259
117.24979697934417,-1.6443462933063266
116.53061132079094,-0.0042412103751416
115.81414820712597,0.3169902874321951
115.11285503705253,0.9086570348092812
114.4365626091053,0.5694393541193749
113.78236532188131,-0.0498830169352583
113.15737960945629,-1.1398029103302516
112.55299181411415,-0.3595214058945138
111.96135756014631,0.7246399690353813
111.38751537093738,3.834247604774677
110.82851421854392,4.057901586562995
110.27102022779202,2.9296223347158703
109.70556972126526,1.6404752493227592
109.1420502238367,1.3467755277597115
108.57559307718213,0.632763577925796
108.00121100521686,-2.5366808966250383
107.423074554461,-4.791755988269242
106.8319266679756,-5.109264942843743
106.2066004390596,-3.990297743264529
105.55404193315636,-3.749885472241546
104.88012443254073,-2.4281963849927117
104.19759734246595,-2.0047676895139808
103.511817333199,-2.270786694651406
102.82364798468551,-0.5134124043042676
102.1325167862831,1.1468460903059272
101.4302041688495,3.303499955990414
100.73016174043232,3.275768020044405
100.02744270590837,3.291106986451929
99.31515056224458,3.112289423992933
98.59509525454317,-0.2315947356858738
97.86280657509253,-0.7877771527927095
97.12023101022542,-0.5235998088310962
96.3794547677056,1.3668551048925113
95.64297739487526,2.2276657115088323
94.91111388403215,3.3671525274347243
94.16809032605944,4.858400548520745
93.42083577337606,5.222637501177241
92.65810257099285,5.932047361655208
91.875666729783,4.126038923609775
91.07044366796869,4.734842174149924
90.23304033846112,4.244064099079159
89.38830486896569,5.422906068843806
88.54895984151733,6.276180801299977
87.69529390016909,6.196598354658936
86.8435515994065,5.99283568163582
85.9888208070436,6.200238346147961
85.13177296836473,7.015663562119129
84.28364221796853,7.163288310342728
83.44933904402087,5.084167405750314
82.63806031094036,3.2247799091639378
81.85267953825334,1.9914697840601847
81.08132321285036,3.1472871554788977
80.3208050427451,2.236025316227587
79.57783569622154,3.85327188386309
78.83953315609149,4.34305180847519
78.10782579019644,2.828660715649393
77.37906836194698,1.1881284514242836
76.63122709257163,0.4931237224571442
75.87289192660779,0.4053823511468146
75.09948855016914,1.0888728849584144
74.30542431122319,3.6764384058433617
73.51493616848077,5.931793025483625
72.72244643489947,5.28010801933763
71.92573520670199,3.6172044468066207
71.12052601076056,3.617126777931883
70.30417447179545,3.8121542621124704
69.46596588572835,3.183720687560715
68.62019981342229,3.4180326346573366
67.78654569905251,3.305601630317591
66.96479105232811,2.558624887994437
66.14747819546864,1.6347095675663827
65.33470474707154,2.6552611531199304
64.53589530940775,2.8073363472637847
63.741077564616425,3.226017462568941
62.94663422189363,4.323354367313325
62.15563934418012,4.902528564426049
61.364902177984945,4.6811760085954734
60.56191666493608,3.353596457957688
59.765468696500776,1.7762712690785798
58.9967292828842,0.0790162686040722
58.24267109443394,0.1290418220892006
57.51314553819405,-0.3219996893584163
56.80752401248042,-0.9981855368370408
56.11811855643669,-3.0213768188712367
55.442153122372666,-4.770983437673838
54.77861831161262,-4.129598405745874
54.11787426451428,-3.572588791342364
53.45529970134639,-0.8592314808034078
52.78407629806867,1.223349041867506
52.114335543713636,1.9170099872532624
51.434675796875986,2.7525805936271204
50.75161743145091,2.528404586285308
50.06618715321045,1.0985308322090064
49.380007565728306,3.038980787199357
48.67764278122983,4.93464715092129
47.958069242919095,5.724745848784275
47.20449539278943,5.168534822833989
46.42313243579497,4.5217870004400975
45.621129294579475,2.8802851099973763
44.800626175579396,-0.27911412124873
43.96760148874515,-2.2730905629659235
43.112754519997374,-2.8442807285134672
42.248254668692745,-2.3481219965559843
41.37135946109422,0.010178837420391
40.49565628859621,0.726773904885063
39.61657965050564,-1.2608157901535424
38.75391296924498,-2.1726099285913505
37.901850470833644,-1.7861309174376
37.059224727606576,-0.9985547453382658
36.23542161060223,-0.2415629071153441
35.43282945933959,0.5049738925101737
34.64062359084536,-0.0354240314169899
33.865375049269296,-0.8406064049127029
33.10711684907268,-2.0129520122309703
32.351358737315444,-1.8720145402463375
31.59180843003888,-2.045567330448677
30.819395583242525,-0.6921308621498705
30.02550287259241,0.7675366802494922
29.217539484411745,2.138132659943689
28.400060803185834,1.092767006188931
27.568942458717483,2.4050327416617643
26.738622157475948,0.2297538510885282
25.909418905719225,0.2765424039047838
25.072232831561887,0.1040159792388069
24.22605641623188,1.728088418770198
23.37132864667989,2.9957503554304568
22.512331179625733,3.974314024231053
21.664083433897737,4.786852104501017
20.83623612495104,4.793181554261893
20.028173209944658,4.176300719792957
19.23901518636572,4.909067580046633
18.46938211977736,4.3830592520563405
17.732200050300516,4.182093249147824
17.039288083737453,2.946787255186768
16.368705313334903,2.3967005396852428
15.703064432886785,0.771534706678197
15.048113692206025,-0.7275657332273084
14.389517429166421,-1.8606141027277951
13.707142525700041,-2.6086105701358733
13.005662837110192,-3.5298925110454578
12.30334391246769,-1.1078836936915075
11.592782723245636,-0.5332931276542483
10.85576708314697,-0.2158511553998673
10.100387385886599,1.3626893558252382
9.329777465509899,3.5033686043626133
8.52914832067339,4.139298326283848
7.716716545171014,4.156780968338876
6.8873532430183335,4.908005828044879
6.041654444346686,4.633332396986257
5.185648262127909,4.081357138031823
4.331836825668379,1.2499845162118934
3.47936411194837,-0.3590130648936959
2.6304480686419702,0.8215574001026147
1.7903141154242652,1.6382571559701
0.945035817630062,2.1083756053646696
0.10992310039278852,2.3871415924268127
-0.7134294440793785,0.8755327442603769
-1.539743679097096,-0.772324457283205
-2.370707628411716,-0.2593454202230874
-3.205360203970061,1.455275451450822
-4.03895140391311,2.532699102763181
-4.869478590276883,1.7864143188957282
-5.7151415970393895,1.5092162646092673
-6.564276268979553,0.9353640606217328
-7.410236784936831,1.4118459937249834
-8.261954763365617,-0.6832772824426518
-9.12524496905363,-0.5025231554416228
-9.992250930102312,-0.4999343839430414
-10.835328134362937,0.49692445529139
-11.664249514866405,-0.6099477044341713
-12.485309017042123,0.0309916993074831
-13.274889121821726,0.7645390265104353
-14.036932902660727,2.703909318177532
-14.774796903425198,2.456909386528081
-15.499594764565103,1.7855757506627474
-16.209359669497974,1.489165806280378
-16.904876361980406,0.2539176977847366
-17.58872697789656,-0.401183445848477
-18.288520980343364,-0.1214287554396377
-18.98392059080048,1.7646465394290698
-19.64948304011823,1.2317407875134607
-20.294222634220098,0.825230953640515
-20.929958558280287,1.272740689050392
-21.553569382419862,0.8296777542072923
-22.17465648916524,1.792296566008126
-22.792581718611252,1.908328619101624
-23.406990519374443,-0.115750795713041
-24.01274109824891,0.1121355105078945
-24.606464614681034,1.1410011918639416
-25.186699077697448,1.1183319625528427
-25.76364902202229,0.8478679881938094
-26.323164080091416,0.7805653877414774
-26.85765115242475,0.402138565459443
-27.37307715022844,1.0363087221013958
-27.872612615911493,1.8510786912350008
-28.374167874163422,4.020014286857297
-28.878950000847446,3.025775503069899
-29.39116614343118,2.316833662796149
-29.902037056957965,3.68417810382962
-30.41127325823115,4.783400197733398
-30.91631457750511,3.697895213698433
-31.429361500040965,2.459931699425675
-31.957239232483275,-1.2966286408024734
-32.494504288445555,-2.9783824583145035
-33.04497170553726,-3.54013687335251
-33.61119486798448,-2.8842982274948104
-34.19166057812981,-2.058855140469242
-34.78164729689694,-4.300777730786073
-35.38052087007869,-4.489963269449214
-35.99657791358624,-3.00571457155974
-36.627969408828896,-0.6643168991041599
-37.27871639924805,-1.6739348554129376
-37.94542192765424,-1.708981095226037
-38.62097900027645,-2.5059864620528702
-39.30397969344038,-3.4581591970825327
-39.9890358953183,-2.699161577024197
-40.671208255277875,-2.161246858716072
-41.35373378281135,-2.2686418513449
-42.03473921644334,-1.147627456994393
-42.703291574581044,-0.8226310479944396
-43.368925532153,-1.7725918901500173
-44.03955193230197,-2.582049748695081
-44.720005705237504,-3.6236027227634056
-45.39226160770075,-2.5672190659574614
-46.052787244199884,-0.77664929657063
-46.70363441131552,-1.2998961285896118
-47.33687052936742,-1.0900474626852676
-47.959952208381964,-1.3568829378208378
-48.59155951670421,-1.7625504387745068
-49.222084601577635,-1.8452203459535568
-49.83082956517845,-3.331476328547676
-50.41823561732754,-3.085923790526361
-50.98721419452232,-2.6494245578343403
-51.5423058573996,-3.071488806877525
-52.08269944563348,-4.161089244298555
-52.61434182903671,-3.712221398161263
-53.144061834333634,-1.741631559783781
-53.66165468575431,1.43035732420936
-54.16897289572479,2.792921322563015
-54.66948190124056,3.963673619593707
-55.167373055967076,3.0643538273183
-55.670851360907584,2.1126332877351035
-56.19057152253154,-0.2490575124932597
-56.72845628571397,-0.8506600939748683
-57.27041154628234,-1.6919420613630929
-57.82417153311751,-2.708316081571032
-58.373928205171396,-3.3031059690031226
-58.91642974138444,-3.789987176565637
-59.45284013900418,-4.032072795303503
-59.97702942491537,-3.0837971176973578
-60.4842932433658,-2.7226634835516963
-60.98268014321432,0.7986233088673549
-61.472731472961286,1.3186183394932502
-61.95669148616989,2.3950102760222065
-62.437320378709956,1.157873049175529
-62.90463157929741,-0.4283571668312219
-63.33202863940047,-1.4896024632303662
-63.73977898848368,-1.4719541977827355
-64.12621583774879,-1.92312030466782
-64.49940371460384,-2.4840028712128417
-64.84951452482699,-1.5215354763907138
-65.18354555541664,-0.9219723715060516
-65.51443937349936,0.9936664151111176
-65.82915348191793,-0.5480062942421127
-66.12768742055559,-2.344464265485244
-66.42229151731092,-2.7870092110038254
-66.71350731481813,-2.616404587782457
-67.02165816201332,-1.1357955161415731
-67.35879350738696,-2.095758895197054
-67.72047269554719,-0.7265312164979925
-68.11744535073954,-1.3710653216566686
-68.5486225845191,1.0911610738721351
-69.00219412273927,1.439469900207383
-69.45955944218206,3.715788380941987
-69.92030501732687,4.487523746742869
-70.39159462782122,5.131535728376141
-70.87475579038971,3.883713439734888
-71.36357428972862,3.2346102201534745
-71.8693078895593,2.154981357968768
-72.39636140996208,1.3806183532431784
-72.95705697875721,1.478228911097896
-73.54250516090562,1.1092311491438211
-74.15246093962976,2.267810390446616
-74.7747574444024,1.3324283264180212
-75.40859753462823,0.2818602110487123
-76.05324926717759,-1.316692412862039
-76.71230396874273,-1.0908162332452704
-77.38406285017948,0.0664063303858142
-78.05846670605325,0.2048411522578718
-78.74275679389635,1.101229354475446
-79.44932446399666,1.261064714429655
-80.19779150672619,1.9099185976089517
-80.96231616496081,1.736305266674664
-81.7521031167355,2.4105873179624338
-82.55811616427624,4.061588232114415
-83.37120299977187,4.187671476646301
-84.18588068102594,2.9779944781558947
-85.00847783096819,-0.1604338126982893
-85.83155807232579,-1.299564789592585
-86.63764897135975,-2.585759754074753
-87.4363589762306,-2.4919857840875435
-88.25232194314557,-3.0191065860756763
-89.07974228090936,-2.6759192661503706
-89.91942107770772,-2.615824553644488
-90.75429248544008,-2.401057764399133
-91.5768425278849,-2.3669211844045197
-92.38888704165667,-1.9561649580796363
-93.1833610658196,-2.758759708854768
-93.9690193754017,-2.6464754934697194
-94.75323359177081,-1.344804882187466
-95.54569969821597,0.4498992483970361
-96.34516091553974,-0.3336693052913466
-97.14129622243858,-0.7074480391803191
-97.94885529506523,-2.2258062851540625
-98.74964633855481,-3.156454986138952
-99.54937428312613,-1.2917779802581442
-100.34735156726018,0.1450823438302215
-101.14336777213086,-0.3409045974996868
-101.93455788408032,-1.4969813757960615
-102.7108878794077,-2.948034746312433
-103.49085654983195,-4.109729309383511
-104.29598476109136,-4.858261406846318
-105.12253310146549,-6.796565548152007
-105.97154165196623,-6.056907463946814
-106.84609708879326,-5.432694111576976
-107.73950311744474,-4.166219422044953
-108.65776223073354,-2.53890732318464
-109.6053460707981,-1.312258895572083
-110.57118229391662,-0.8912645393943602
-111.54094512514922,-2.0096504895948923
-112.52069177092008,-0.3577520959652356
-113.51456524853404,0.0661224659845004
-114.52670726387292,1.4572807745495646
-115.57134228241917,1.8797255238018475
-116.65789057482039,1.44918232023739
-117.78392236774917,1.1607205170685195
-118.9342588417003,1.483924063307101
-120.10043810557852,2.2368710136141803
-121.27287970471731,1.0600699050404472
-122.4567193074369,-1.0666938245254611
-123.64443258455283,-2.0704764616393
-124.82558421598247,-3.20176558783149
-126.00576302379939,-2.9117948345158364
-127.18178326418963,-2.3758176005083103
-128.33566052987803,-0.9615814343434196
-129.4688417033318,-0.9414251807684724
-130.59173636349394,-1.4754640490036082
-131.6961810346316,-1.1418048080379828
-132.79991254166887,-0.7707829195373682
-133.92750341316508,-0.9324500984471586
-135.0670578900663,-0.8680675746421258
-136.230817391108,-0.4335435942927708
-137.40271998648183,1.0070409175724286
-138.58475131207553,2.396016134438657
-139.7804096365082,2.654546820586446
-140.98958757325218,1.1199373625742244
-142.19439444052946,0.0158224103065263
-143.3951323512139,0.6072261731950543
-144.59580311562218,-0.7896638700819485
-145.77399718978944,-0.553971343616513
-146.93625188699244,-0.7013993314160409
-148.0752709123377,-1.0017530754296622
-149.1782502552985,-2.3395916291544507
-150.256590163625,-3.2469756848070697
-151.31536623657837,-1.5943270050608205
-152.35030513550777,0.9932361704578472
-153.358752877747,2.388600329269163
-154.3538035294008,3.7988646523906193
-155.33821144513973,4.448819096278211
-156.32198070200926,5.758127476865654
-157.30363445431325,5.269820121699527
-158.27902931360956,3.371844770411004
-159.25635465576127,2.3146116272372
-160.23795489583534,3.005284735314156
-161.22989784704328,3.4491068469237978
-162.22536735762142,1.8504527325675275
-163.21654462458199,1.8914455184778485
-164.22199374832957,2.160278308069372
-165.23425560235486,2.4674269595356813
-166.25645814163374,0.8380879676661364
-167.2985180200021,1.0085516211425904
-168.35155766987873,1.2786183024956603
-169.3965256354468,2.735086823051618
-170.44921062946437,2.1497961669290007
-171.52973724853712,1.253150139617706
-172.61687239033628,1.101662091147937
-173.71870540384327,1.9868268828451727
-174.84920143385003,3.3882104020084776
-176.00098793132324,4.0913401898839465
-177.18683216252973,1.662893775176148
-178.3967572118398,1.36476111255556
-179.60897443019118,2.395894484586807
-180.81804345140685,2.477159934157988
-182.03433487321843,3.275004930426945
-183.25641729206282,3.136379933924593
-184.48243404832948,5.102843082247826
-185.72009022076074,5.006036560785238
-186.9690189403266,5.919163461263352
-188.2377134653112,4.348173405619668
-189.49861548353957,5.060691024130823
-190.74699288405,3.6744538062104457
-191.97496250407812,2.864426681823676
-193.18493250522675,1.3194350787111355
-194.3698914145356,-0.346372303495251
-195.54753254243434,-0.4124274747799371
-196.71095809291594,0.7301539853866456
-197.860785836871,2.146184432035429
-198.98328888085035,3.2498816150680763
-200.07598838030353,4.112803326714532
-201.1497545029227,3.863094403677997
-202.19595267664639,3.413036939496781
-203.20210849571095,2.468146759730149
-204.17533141467908,1.5172257444729311
-205.1048743442494,0.7663381014460295
-206.00045993150894,2.0905085818636167
-206.87688588519276,1.7826213395592243
-207.73740524307917,1.1438317134024598
-208.58687788354098,0.0612044676623796
-209.41564327872717,-1.0479484563441417
-210.22780062221844,-1.6222394659077974
-211.00677957981856,-2.293813440463893
-211.76001753379302,-3.724494796825366
-212.49108375902682,-5.510196404554489
-213.19173524859713,-4.252235907356038
-213.86961103634684,-4.645582847314959
-214.5186687015947,-5.328763266031907
-215.13960848667102,-6.089078496707641
-215.7370683045103,-6.120674357622535
-216.32146396895746,-5.97339647968147
-216.88603316427464,-3.9711649069816986
-217.4386522995471,-3.685763805280575
-217.98726839241073,-0.8541789820633974
-218.53960806647677,0.578392433482639
-219.08962981453058,2.77990770950269
-219.63916622593752,2.5809771227846703
-220.18753142698606,1.2633290195651217
-220.72333155532235,-0.2074612595250435
-221.2466400352829,-0.5632998499449482
-221.75048348942252,0.7138676525444112
-222.22983094590012,2.2403740014308178
-222.7024155672575,1.0546031963732017
-223.15740213092033,1.3837774558043368
-223.57695556330097,3.1447329480167023
-223.9440542543155,4.205334489624967
-224.2506952917093,0.6695407663280002
-224.52102389079454,-1.6927168373698862
-224.77849822278017,-3.188082201284609
-225.03043717526518,-3.2022711608900822
-225.2878102543588,-2.2799357099972344
-225.57234872110257,-1.5034761618934351
-225.87450944124785,-0.8847323955713688
-226.18453022138232,-0.642345401319281
-226.51509340584386,0.2445894741637044
-226.8737674380413,-0.3242850819256512
-227.25574369214138,1.9186670008535505
-227.64781302137445,1.0061405326259938
-228.05401487596208,-1.2973806619635493
-228.47548989049108,-3.144364933082965
-228.89941379198694,-5.364338183372972
-229.33059721891527,-5.086875789662323
-229.78526769741578,-3.450026708755555
-230.24891564372228,-1.7150874985673654
-230.71623407656253,-0.0742475244649887
-231.19084015273947,-0.8936833514022875
-231.67201460407043,0.5747153400699747
-232.16123050785038,2.102784337099904
-232.66610290927173,3.666033316260737
-233.17958954996712,2.199554769472204
-233.71923609221128,-0.1517520108036165
-234.2963043754325,-1.6264404070742546
-234.91025621787858,-0.4062205667976801
-235.54273762917194,-0.5638805928468967
-236.1919085569124,-1.4589600995402867
-236.87100629694234,-2.011223000432173
-237.581743076477,-1.6393634578819545
-238.31993858806916,-1.240145166517555
-239.07429031435635,-1.982262634991321
-239.8394648958649,-1.720233909771976
-240.59995728196657,-0.4257451271378951
-241.35463200889814,0.1409988938061548
-242.10329113948347,-0.2722095842412005
-242.82449268012607,-0.1758543523191928
-243.51793781254028,-0.8113622992368965
-244.18507535507968,-1.120552304933677
-244.82350291351523,0.1467105265891373
-245.43767956549198,-0.777192460014634
-246.0278046683918,-1.9317356364914573
-246.59466461657453,-2.7432956253019096
-247.13603456038058,-1.735625195129051
-247.64727675458744,-1.3539393375197222
-248.1503166370915,-0.8918687960368938
-248.63142965585646,-0.8378994607193858
-249.0838975121396,-0.5225046827102696
-249.5320861907587,-0.8725982534946026
-249.98488875742402,-1.1259279834976632
-250.44710387056904,-0.1856167700359645
-250.92288690524666,3.376375891369116
-251.41927579369863,5.201297069064293
-251.93058912274083,6.554884855690092
-252.43624855676202,6.952744499135183
-252.91877738122776,5.107491806916679
-253.37073709189727,3.289612255828449
-253.80169676766877,2.6272170064977605
-254.22484631310775,3.062467046164832
-254.64475772469115,3.613646114248236
-255.05399065168118,4.670479734690749
-255.4575295210867,4.702630483317567
-255.87197715602164,4.698453025950356
-256.29839528917813,5.181679389126557
-256.72337703496294,5.233830532371409
-257.1495740647313,6.455382999643939
-257.5811090155138,6.857798576021137
-258.0271331076333,6.552588139074174
-258.4960274482979,5.95228467219153
-258.99129690685305,6.458208873267274
-259.4938836417905,5.303709241549178
-260.01570208810534,4.373825717902678
-260.57018587071934,3.4327835970649843
-261.160723819786,3.044535123568361
-261.796193872282,2.5568525412705885
-262.4585516399427,2.747527241040835
-263.15864590435586,4.1197724894507335
-263.89930861156796,3.510963813146517
-264.67124094068174,1.7054563320807907
-265.477005996749,0.9199323449860276
-266.30878979316793,-0.095317215709698
-267.15763066010123,-1.700727763347234
-268.0271839676312,-2.8741989742861414
-268.9105464117383,-2.1434884973265604
-269.7903420749594,-1.656637138786187
-270.6620824437522,-1.3648735890205217
-271.53184547913725,-0.5820891396127045
-272.42494028515966,-1.1036569985531406
-273.3485781268719,-0.4571514649985884
-274.2863165157018,0.197680138342067
-275.2415448605181,1.3092129117669664
-276.2276237221567,1.8874699962171944
-277.2487392537327,1.517271874485941
-278.29588440306424,2.419383361772071
-279.3456072318723,4.182296995677832
-280.40816718065724,6.279572019824045
-281.475757260193,6.967400019068244
-282.572727862894,7.061084339596493
-283.689422772503,6.66635161501095
-284.81461192442833,5.461602261817306
-285.94549147862125,2.763419735331367
-287.0681656973988,1.8277549024277269
-288.1872449752901,2.2159829488234943
-289.30152378915994,1.997217606926002
-290.39179786649515,1.581282553070128
-291.44502946202084,1.9132488470358069
-292.45471123675577,0.6335195081176079
-293.42288130434036,-0.4315249378375507
-294.34807996465,-0.2981771558682745
-295.235132224095,0.7953064819059998
-296.0917324639865,1.565924450707082
-296.9204109980033,0.184117730595372
-297.7226076838808,0.4662781599723805
-298.5003724569593,1.1308032925499605
-299.283027115106,3.514487852963665
-300.08746596782584,0.8737127061680527
-300.9026562564876,-0.0954819810644099
-301.72548713974265,0.7759067721947539
-302.5456692304606,1.5078770487725877
-303.37383017949486,1.6126312827921951
-304.21435007818667,3.5249044412349253
-305.05747739916916,4.669966504170613
-305.90611095475697,3.489906607807726
-306.7652360025281,2.6592254539884985
-307.6369825831704,1.0913955599297211
-308.52463003254985,0.0246754982153634
-309.4441727114558,1.8165102108048456
-310.405395735224,3.204550595860121
-311.41352831575875,3.437425800786411
-312.44640411400945,3.5100146257211664
-313.49647038754205,2.4930220128966187
-314.56910622725394,2.823284835843701
-315.67825237815276,4.12445365882496
-316.8166342683648,5.8331305168044185
-317.97133968294935,6.745068223401782
-319.14457036687156,5.67188488549085
-320.33953602470336,4.761335166187402
-321.5488753372432,5.322627521944501
-322.76856554767875,5.022688627351512
-324.00608476893143,3.573337894992981
-325.267497993711,3.0713846282097705
-326.5442762522349,1.1946969139073724
-327.82187061276903,0.682208275439514
-329.0956141851956,-0.7750653604037924
-330.3741259864178,0.6696694963014438
-331.6642405136395,2.759271187248964
-332.9640375730309,4.817333825381065
-334.26358978281553,5.533207271075199
-335.55795750991217,6.50253745537537
-336.8340751975858,5.434379963565082
-338.10525093112744,4.461738010663986
-339.3950315361402,4.233961070967576
-340.70418979734427,3.065856523266574
-342.0084911227302,3.1211660634726144
-343.295598974971,4.302000818044075
-344.56394931066103,5.413624640404025
-345.8276894551405,6.352319671357558
-347.0829996486155,5.548406439555284
-348.3240209948535,4.8955098599305575
-349.53777821737526,3.289096409596044
-350.7357525726651,2.8887339981897884
-351.92236812591676,2.6674184616329173
-353.09659603315106,0.8911067796802479
-354.2542242598478,0.6466013086839248
-355.38717952417454,-0.3282822815298794
-356.4998498215089,-1.0370218411238483
-357.59684236679226,-1.0487523357213004
-358.685000120395,-2.406697232773565
-359.76968885779854,-2.855405631105755
-360.8443229775647,-2.488565576983081
-361.91514413725315,-0.7270539043785431
-362.97451523771343,0.5596907150205238
-364.0207897725902,1.2471288765495072
-365.05585628019594,2.091792088733412
-366.0870110651579,2.4387420404771576
-367.1206723583475,2.881206583227531
-368.16829189294293,4.236105106656807
-369.2227288445685,5.153153771113593
-370.2824021168527,3.5206665384002074
-371.32692454628346,2.565436361341114
-372.35621744343365,2.648660073061857
-373.37288791514703,4.179860418702335
-374.3805758877356,4.99030965369334
-375.37235487039663,3.097486352637949
-376.34519770323055,1.4068516710161385
-377.29415614384783,0.8248099034379803
-378.21404403555954,0.5851723818288876
-379.1255271821687,0.3721318806440368
-380.03294443226,-0.8858268465689686
-380.9250328234357,-1.7812193889185202
-381.81520361038804,-1.3371351262103572
-382.6987474747828,-0.8100004523142257
-383.5674418853354,0.0203249352723864
-384.43658989805476,-0.4216526172489251
-385.30730393746995,1.4672660251788725
-386.1797414791411,2.200212566812782
-387.0580939685914,2.9857786978694287
-387.9396817333034,1.3652079447659458
-388.82996913104296,0.7502972461499263
-389.7450510276193,-0.4924606292037539
-390.69120614229035,0.6720831930413403
-391.66876283301434,1.3572067549679936
-392.6695733998151,-0.5162707040552719
-393.6910878931083,-1.917597763368752
-394.7302469070798,-2.0061605402721696
-395.7747905398194,-1.652876441739746
-396.812243221896,-1.3042201204396648
-397.84395988529457,-2.169564253810184
-398.8658741262505,-2.243759040503959
-399.88567557512306,-2.925862955474018
-400.89892060225435,-2.718945300842479
-401.91157334174335,-1.2557093633421443
-402.8988139483528,-1.2505817969274948
-403.87269001019536,-2.7202520238513648
-404.83798785945663,-1.8662897476747404
-405.7972515156939,-0.8261202544237785
-406.72753327113645,-0.5403339176901149
-407.63752994530535,0.7370686056469526
-408.540417200192,1.9409449471038915
-409.42184186245146,1.735760948951913
-410.2704653338841,0.8292333536977451
-411.0935025625848,1.0353180571365046
-411.88616746056425,2.2882911251931617
-412.6425752606442,1.32424609583435
-413.38198970780525,0.4231224647106184
-414.11321225471613,0.1273841930442945
-414.8216696215146,0.9772034003813024
-415.5178280284606,0.2390409255820338
-416.2175668490625,-0.9321932350846776
-416.92194969783304,-1.9399211103874168
-417.62724142046306,-1.19961256264966
-418.3275410153612,-0.7028371660849014
-419.0249611509939,-0.2623952457384469
-419.7040758868369,0.1226015917437652
-420.38727941534864,0.184107200911706
-421.07569133799853,1.0675868052825128
-421.77262508988974,2.662663453072345
-422.48513500793524,3.924950090478638
-423.2218013189729,3.668000731657675
-423.99185287457124,2.082654500270405
-424.77585805156394,1.644990410634961
-425.5678928512703,2.5740347595701047
-426.3792384501786,2.535392179051845
-427.2044706789554,1.7612300829657854
-428.06200101621613,1.3499866208017848
-428.95089143133833,1.3412600700248385
-429.8648957184742,1.1496016112609528
-430.79719017907394,-0.3388969976323563
-431.74329055026874,-0.6701981903208064
-432.69382519827525,-0.7846941859689871
-433.6352909958861,0.7210886665934372
-434.57149065689936,0.2515571229903793
-435.521826800112,0.1770709203772725
-436.49921056198133,-0.0294146146946619
-437.49285424731016,0.0639990736808841
-438.49313082833606,0.884329866980091
-439.49118214491034,1.130127663271161
-440.47362081954316,1.0764615647303082
-441.42770645638075,-0.0112753799162625
-442.3567296630514,-1.1829646458085414
-443.2946828813589,-2.387404734026566
-444.25709903951275,-1.2118713818277935
-445.2208973048209,-2.245708738861129
-446.1661368826768,-3.0354147248534
-447.1150385803327,-2.044291905110609
-448.0612045609071,-2.928421970918137
-449.0089214700319,-3.5899233336245717
-449.98402877351504,-2.932150274053948
-450.97924996010516,-0.2394798080801021
-451.97634698916096,1.0527253905217269
-452.95959586962107,-0.3181843589411817
-453.92636627590866,0.0899341246406024
-454.8871151487316,0.3763432726330191
-455.84723951453304,0.3491551860028922
-456.8069465907628,-0.724265516369462
-457.76693485344015,-2.719279506371668
-458.7364845168359,-5.730123887010274
-459.71506777565895,-4.707113660421794
-460.690402630262,-3.9252282035686696
-461.6652290766754,-2.1782246569405963
-462.6463652279646,-3.718425930715725
-463.6286881943002,-5.541389727199455
-464.6211042021717,-4.821862197980152
-465.6372884829036,-4.913895064775263
-466.68876184617426,-4.303457186737344
-467.7663480412277,-4.610595789217863
-468.8683433898673,-1.988834734601026
-469.9938062579894,-1.480836122928504
-471.1506406995742,-1.4461127654411496
-472.31650945255524,-2.3363957735468737
-473.47225142975,-2.5866298069060685
-474.61976109195007,-3.807616214761868
-475.74086232875607,-4.229581462881662
-476.8328238034772,-3.761102906170015
-477.9174276439174,-3.4569852375403665
-478.97593078165386,-4.087785814823951
-480.01967547738946,-3.438910033735646
-481.0610522588348,-1.5075775833918068
-482.0885388180515,-0.3844919280376973
-483.09978612797937,-0.1940236073110265
-484.1043080900189,0.342404849560076
-485.09760849798823,3.458341877984568
-486.0831393946198,5.102941640075624
-487.0636770688288,4.810717390309615
-488.04839947186804,2.521807396362057
-489.047521846972,-0.1409398731797475
-490.0499633926472,-1.5179365073198432
-491.0588981371724,-3.1136044481747023
-492.0760142970093,-2.2743095240173203
-493.0965333158861,-2.676508880374776
-494.11882617878473,-1.943606293887279
-495.13654870899967,-1.0915823221796552
-496.1492509911237,0.367043673503977
-497.15671687357985,2.9441716893986416
-498.1680367829163,4.403885223664262
-499.17903058494153,4.875391492983171
-500.1861444164686,1.8715953097059803
-501.18820329833954,-0.4150372723568275
-502.1950383064217,-1.812674573653148
-503.21566693353265,-1.0038250655338223
-504.25338062167907,-0.0602372783789563
-505.31267136355257,0.8339290771668776
-506.39654764042643,1.8607136604067729
-507.50520770445246,3.450097546474417
-508.6348039078577,4.402775327755435
-509.7752260735604,3.5068987924031414
-510.9289660905526,0.8132374758141878
-512.0782305615627,-1.3387157491528678
-513.2241065746235,-2.0384690591636203
-514.3725587521295,-0.9204353767450726
-515.5240081669426,-1.5917321022648538
-516.6797778269231,-0.7812912178585277
-517.8474963730597,-0.5439518300319539
-519.018708808721,0.5459126333011877
-520.2017369183818,0.9281930527892034
-521.401966745601,0.5822286986472529
-522.6250194363683,0.3081688599980146
-523.8604877361523,-0.3228840288330828
-525.1086194987746,-0.7956620527017922
-526.3751988912716,0.6116202647378439
-527.6552888118078,1.0826978912789036
-528.935272986022,1.8829826477968
-530.2013089466875,0.9344911514452788
-531.4655789235431,-0.4615365967819161
-532.7474302879855,-0.2196422578954473
-534.032644271949,-0.2080967250997138
-535.3098761279737,1.1820689783432878
-536.5807570356396,1.581631860472754
-537.8389984404376,2.3677286256960426
-539.095300828633,2.795152399737899
-540.3743661938067,4.128674950823166
-541.6896816046217,3.5166171330212697
-543.047998554896,4.33889850826961
-544.4492565082858,4.145469280246712
-545.8969990647306,3.8412159507469417
-547.3747610248214,3.209873999463736
-548.8704039582095,0.9878223705901504
-550.3810164448408,-0.3188780003086526
-551.9065410693016,-1.1253820393472742
-553.4319869349766,-1.481453534440463
-554.9424407528389,-1.4011591192747272
-556.4230613014913,-2.143882768217766
-557.8746183343601,-1.4299538799604417
-559.3001740793379,0.606741632562025
-560.7184474916055,1.9836856871098985
-562.1330830583934,0.5105482672486925
-563.5558781769862,-0.4109390144883966
-564.9900780560458,-0.9749158080908
-566.4346120925585,-2.138422385180159
-567.8888337683578,-3.0997950265816714
-569.3553179988278,-3.493999353891386
-570.840427645143,-3.6845816784622656
-572.3274174626209,-4.410890299733681
-573.802381935495,-3.943411627279966
-575.2624891968774,-3.8274186587626273
-576.691546399003,-3.0074048151145187
-578.0922806619861,-2.399597345958212
-579.4601694886836,-3.136901838314502
-580.7933367025096,-3.4910608691497664
-582.1036425704874,-2.4494623705303806
-583.3899553999821,-0.0394925043893492
-584.639078376316,-0.0556859428493425
-585.8605401361997,-1.7237562140928198
-587.0646417861335,-0.4830468444056643
-588.2432633811071,-1.5033324340139849
-589.3968597269736,-0.1559017123118444
-590.5272359436887,0.9448681799755906
-591.6246848660835,2.937673579001732
-592.6855157986073,3.3782193940231067
-593.7225289389208,3.2575813390457937
-594.7160315676027,1.0826782946848112
-595.6727939607406,0.4403446727566597
-596.6032342620096,1.0050916634243106
-597.5142229198166,0.2807942093034232
-598.3927764761903,-0.2974338459912887
-599.2501920500551,0.154206681540365
-600.0895979148228,0.0187465160810064
-600.9434976814895,-0.892599803547661
-601.7979222653807,-2.302554682296214
-602.6379026009936,-3.8771277970525633
-603.4686974249076,-4.0802962194592425
-604.3041194096504,-4.641006164103709
-605.1307089703014,-4.665126742971233
-605.9533779508835,-3.1036509891786497
-606.782589880097,-1.3139219821381736
-607.5969057533852,-1.0497469842982028
-608.4060026250844,-0.4741549397012783
-609.218274423469,0.463994714085278
-610.0295350614443,1.1895736335081797
-610.834147171445,1.3922070961508437
-611.6315081778756,2.094418607501394
-612.4274300724742,1.0767694800992382
-613.2276077745463,-0.0803403544231958
-614.0440007752543,-0.0323025672669149
-614.869124063544,-1.4165036045640351
-615.6973805300752,-1.518662461178685
-616.5426901447244,-2.628504819168539
-617.4212227933266,-3.4117050859288898
-618.3024138471771,-3.282523534679863
-619.1823303310747,-2.5911951462068425
-620.0606960466625,-1.58702546975809
-620.9120895112757,-2.105160183022127
-621.731477364814,-2.924898319038378
-622.5223445307591,-1.9755672411171905
-623.2726380587264,-1.4608492373393716
-623.9969336724515,0.2291435788069256
-624.7117558637061,-0.6280764202377533
-625.4107794944658,-1.0388724912348652
-626.0902309782997,-0.2169960308974023
-626.7684473817665,-0.7056349694902324
-627.4501708409035,-0.3024974546468284
-628.1316627598725,-0.6892744269996317
-628.8136608074554,-1.1012497996599695
-629.5060628787785,-0.7404147644324047
-630.2147517543995,0.4884218056151455
-630.9202203511766,1.651936415005988
-631.6265420049805,1.4491693713323437
-632.3270488820442,3.439573734061381
-633.0313145765001,5.337567352965795
-633.7417001569667,4.45951286293312
-634.4597603423618,3.1717199732121246
-635.1968935829308,1.5054753528152962
-635.9492405242102,-0.0993145122596502
-636.7087196978375,-0.925009407646972
-637.4698905560929,-3.028862099225677
-638.2214909155821,-1.8524893131029168
-638.9426124410148,-0.0946149231246469
-639.6406317764364,2.238587383449512
-640.3139733272496,2.4654994301834985
-640.9604421815291,2.0614535798099407
-641.5713417267254,3.674557057406499
-642.1572170192047,5.632404697659185
-642.741556628823,5.546924757394838
-643.3085981296715,3.580142935319464
-643.8422443640081,2.7754688849094875
-644.3391807809343,1.3450509336188814
-644.8103743332238,1.547222344309643
-645.2584819124347,2.408400681038225
-645.6788008871074,1.837854299033964
-646.0733381196145,0.3377365414134774
-646.4539351746228,1.7868468126572732
-646.8296570913986,3.4612073666697576
-647.2096092981687,4.579163390441302
-647.5936850697518,3.416619123084823
-647.9795168784184,3.2998841417966176
-648.383329762897,1.8808827570783035
-648.8177332828047,2.2675032507723403
-649.2795803989313,2.1784349973345245
-649.7591917574327,3.193368601999904
-650.2729649704669,2.8174062680563043
-650.8181452302418,2.8847330919116043
-651.3995657004346,4.330407842532659
-652.0066944112087,4.176584489889982
-652.6258443573881,2.6485476283526364
-653.2626505151784,1.8256185562097176
-653.8986482118355,1.050449542854697
-654.5383053591029,0.365336583649511
-655.1881751074359,0.1108722753997736
-655.8615770595267,-0.2525455202373915
-656.5402963720798,-0.0079015152794704
-657.2452590310495,0.575837495171487
-657.972649096394,1.003684237095487
-658.7183883277997,0.5595382887965616
-659.5022537173778,1.4513190389068054
-660.3310742347002,-1.0432304001890182
-661.2068490574065,-2.740874735063758
-662.1242948692101,-3.8617754121247554
-663.0652009198487,-2.7499906889344228
-664.0241743144668,-1.5240148171447556
-664.992448356383,-1.3111798614606736
-665.9594319418663,-1.3438047931593948
-666.9329912734098,-3.715771524685681
-667.9067142228587,-3.125532195516951
-668.8897303517755,-3.5001140171025757
-669.8695248522886,-3.2288014047629576
-670.8476574925196,-2.584710008777189
-671.8273633437572,-0.3479308818132725
-672.8034035937792,0.5749987041359554
-673.7776171093294,1.4291528492678185
-674.7589570134504,2.164664303920617
-675.754011016784,2.2391976232036748
-676.760628312647,1.544025227255627
-677.7808555818409,1.557255322676674
-678.8189008976394,1.956538333999545
-679.8905100070523,1.9004909455454575
-680.9947884670148,1.1554237153422575
-682.113504108508,-0.0068476416494357
-683.246435337253,-1.11148993052525
-684.3990880455921,-1.5932604619639477
-685.5642035774687,-3.006868408988281
-686.7433837259989,-2.029624102307293
-687.9347662373794,-1.1915479279788357
-689.1367459883477,0.383757552032671
-690.3485869074945,1.3744959939961925
-691.5630911853463,2.193932638790561
-692.7893623501847,2.610742889874449
-694.0138016472314,3.529013446556946
-695.2259220720862,3.1496594383206635
-696.4283167252563,2.957453032321407
-697.6210973551853,2.0839882281221573
-698.8125696904629,3.781366480006483
-700.0064473179024,5.287065037490703
-701.2056636641485,7.915524944743083
-702.4094517135998,9.11527087127081
-703.6129229269435,8.1998435951184
-704.8244848537897,7.676294099476506
-706.033013866764,7.710351772490372
-707.2336652853782,7.384381513008945
-708.4435448484376,5.897538799990584
-709.6795021902262,5.623893082235562
-710.9343259621692,6.523859849713479
-712.182186473406,6.934259955426493
-713.4239490114148,6.885970616693641
-714.6649148538047,4.975856890227457
-715.9129821462543,2.984696316229358
-717.1585947936254,1.9901186477725263
-718.3801034155338,1.9742880650546604
-719.577909281075,2.938746260181016
-720.7731409352914,1.831498569238253
-721.9583733470587,-0.6016347803551243
-723.1239361630974,-0.3927207389942126
-724.2760817186288,0.3099980910126669
-725.423166593366,1.0265600220486937
-726.5559889479455,2.083038369209077
-727.6696043900122,1.15753182264284
-728.7626871113818,0.9963360417094012
-729.8269238220345,1.0954243425676495
-730.8602538976096,1.0658995300358691
-731.8516922465581,0.5860105086719459
-732.8147655397952,1.3507022260206951
-733.7597844582824,3.0064998326235237
-734.6691374543407,3.8030643118090697
-735.5686275487234,4.418415554649421
-736.462020632644,2.9762277494030345
-737.3542850995236,0.7271473707340954
-738.2517027113141,-1.0451991040199298
-739.1547857868752,-2.132598498308377
-740.0599689026848,-2.1035932575463487
-740.9733411128127,0.5506316057668672
-741.8988091141891,1.7244267002864444
-742.8228472953949,1.3742581378729604
-743.7544894184201,2.027928749770041
-744.6983833341707,0.5317364576316974
-745.6590940210112,-1.188954942277224
-746.643210150929,-1.5438193969075031
-747.6531475194373,-0.8132454608687938
-748.6887131084178,-0.7836821825018909
-749.7338307273742,-0.6466930483334903
-750.8015868605341,-1.3319887069716656
-751.8858280212365,-2.9795146396019883
-752.9958320170124,-4.245913820875323
-754.1116970594913,-4.34968977438813
-755.22037843168,-3.587080423614405
-756.3242858386247,-2.649261088058068
-757.4066153090599,-3.2474064821658075
-758.4505677872789,-2.7518328484542662
-759.4554940457158,-4.848209185539626
-760.4259628987022,-4.555967079459623
-761.3876161182283,-4.054568799981533
-762.3520760193343,-2.88686350956503
-763.3119694701495,-2.0686633075318817
-764.2738521500993,-0.6369713175518774
-765.2407769167696,1.098074083445228
-766.2138957633682,2.6373490896780805
-767.1898746031793,1.9459768172126108
-768.167478047235,1.9162819233479864
-769.1493302867428,1.339273489825777
-770.134662974713,0.4840074802124573
-771.1165712380207,-1.085110075306252
-772.0909299678661,-2.5782112727041517
-773.0774476488233,-2.808156507051183
-774.068743076432,-2.884388536572505
-775.0545105741269,-2.0310066780449936
-776.0438917843231,-0.2820228446318793
-777.0465332004791,0.6775549331269577
-778.0740541639113,0.0232736156135693
-779.1205171800144,-1.834377510364199
-780.1835036244145,-4.589691230559441
-781.2538120662866,-4.879597770166102
-782.3174590969769,-4.689022628765622
-783.3507541488775,-3.171237998623283
-784.3606139255737,-0.1049055133601677
-785.3447745455704,0.5348686073960497
-786.2732902169282,-0.2261656910538622
-787.1609901005082,-0.9654618473909488
-788.013193524995,-1.0809962617443098
-788.8392879459865,0.7273849274284175
-789.6521878956066,1.5390552716658534
-790.4561779115544,0.6042059071191346
-791.2548851217113,-0.0387060699813862
-792.0774811153753,-1.20127573761304
-792.9126579535149,-3.7107741897104662
-793.7465907241893,-3.162580808578276
-794.5930416502349,-0.9940089412277796
-795.4560106542295,-0.5195322377320739
-796.3269735599341,-0.0621118247171778
-797.2031073395018,-0.1695643582454018
-798.0788719127784,0.9147956394549384
-798.9575441878027,-0.1442510396291636
-799.8362392091361,-0.0734660291611934
-800.7184839142949,-0.6289472332686077
-801.603544618841,0.6066706670686682
-802.4942275695569,0.9123881577878884
-803.4056014666186,0.6253879626141869
-804.3193870968659,1.4418782740078022
-805.2409650274551,2.1014147569592927
-806.1912466353662,1.2634187906743617
-807.1745380107717,0.1286126475421584
-808.1833247047365,-0.3969735036722188
-809.2021754193073,0.2897303970657533
-810.2421121110484,0.2359117795836778
-811.295322985799,-1.860069196303532
-812.350384859642,-1.1411519062677855
-813.3951505750525,0.3760705014235557
-814.4238228762035,2.1589034881020144
-815.4384611930493,0.6805412573316849
-816.4354348511594,0.8791499681941664
-817.4212509891406,2.381886719392555
-818.4019174454006,3.648611261288023
-819.3740100552961,4.523586591913732
-820.3295960320206,2.7564114149105894
-821.2814825112055,2.624697191994755
-822.2138083230494,1.761179384823859
-823.118644411068,0.8380280441640512
-823.9969670663858,1.0783558639572757
-824.8539875333712,0.5326147697064769
-825.70284756864,2.0505921162459573
-826.5439767393142,0.7728783015892307
-827.3805514972406,0.139952970360638
-828.2070911675021,-0.3465800332630605
-829.016618191044,0.245193996708507
-829.8140603921698,-1.1357079734750206
-830.6061242075216,-3.4111980054701703
-831.3923274132026,-3.6173573097703935
-832.1996927806865,-2.476969513783484
-833.016980525462,-1.44754826694738
-833.8387657768621,0.0204610514800827
-834.6647368389359,0.3687126139558407
-835.494678642757,1.4531165690679848
-836.3101107493218,0.5674859544876762
-837.1138753205125,1.4311616299027563
-837.9093901411836,3.006888689951513
-838.701590790758,4.175737375891423
-839.4987101181151,3.850156127534032
-840.2828615668376,1.009198210640294
-841.052930491133,-0.9110049006586848
-841.8091391627243,1.0383856252632446
-842.5595805331163,2.682042405518172
-843.3231681348807,5.318225332363909
-844.0980403605845,6.021272069431282
-844.8894873631618,5.040441708774194
-845.7137067377462,5.008082290518459
-846.57035741363,4.990210105076024
-847.4475439809996,4.775578312391451
-848.3389796244333,4.288100518547301
-849.2434047781322,2.854535726897005
-850.1641746394771,2.3479238685617347
-851.0972974941003,2.6602294631253365
-852.0542598839428,1.9596217312925777
-853.0271474709278,0.5156113085021381
-854.0057214090102,-0.4693659413451448
-855.0015479340043,-1.498865255648353
-856.0260836581782,-1.6241089973000362
-857.0806494175895,-0.172084082861071
-858.1383435220673,2.6812546311040943
-859.1891081679773,4.306524641496101
-860.2384960775685,4.179994830832358
-861.2822970714942,3.3711237712545343
-862.3326531551617,1.803984896519858
-863.3965374948892,1.5313471840704522
-864.4618963393066,0.6319667171137229
-865.5329035226356,1.3557304926508125
-866.6209048369398,0.9675932894148552
-867.7306266027475,0.7290824581255639
-868.8701122358981,-0.3791820600711798
-870.0467812397629,0.90492577058287
-871.2588547908541,3.012764778643852
-872.5049910350263,3.2744758054098635
-873.7714962478307,3.066319679248091
-875.0538357602346,2.556211475653385
-876.3593720676739,2.4645776116724574
-877.6825165204423,3.4436053432254523
-879.0097391782621,2.747827790291978
-880.3529762355927,-0.7493203646232662
-881.7090981986574,-3.1593658512678378
-883.0831365737905,-2.947717043498121
-884.4747061965421,-1.6287247516353378
-885.8951055340651,-0.2997473284179175
-887.3374502848865,-0.2781868577092466
-888.7827193833654,-1.824944344755525
-890.2129643927432,-0.9693154464501216
-891.6216800926334,0.6341839372061248
-892.9998827734794,2.257052564082314
-894.350045205405,2.079312883612969
-895.6791845725469,0.2635799938490939
-897.006307803455,-0.2834780240276906
-898.3253575634517,-1.5520923247086469
-899.6489247573752,-1.106274285403067
-900.9885846448782,-0.5794361951990256
-902.3348678152779,0.5972500805952108
-903.6818237306104,1.9950535409274264
-905.0231023835879,3.2397990385958653
-906.3476198053706,3.141791521778246
-907.6554033585893,3.3648992760028467
-908.9471886735971,2.562653612148524
-910.2225272730116,3.505992553670117
-911.4896596860688,2.677196925157376
-912.7400956968945,1.4338346489672051
-913.9752367967732,0.4423268071822659
-915.1899226190642,-1.9908248503734045
-916.3646475626676,-2.921447110776676
-917.5188954375141,-2.4023699404436822
-918.6697354591156,-2.6088025462050206
-919.8325968937863,-1.1330194875062616
-921.0156562766313,-1.7534008064017363
-922.2194412200963,-1.8465124699195123
-923.4429372131729,-2.516631432625197
-924.6854216666957,-1.7015804189748702
-925.9426399114216,-0.1997375210658474
-927.2143198217212,-0.787128185589985
-928.4912094691122,-1.674662789037018
-929.7727424976019,-2.1706358135792225
-931.0650390972103,-2.060155820795524
-932.3569918401084,-1.1185852716328786
-933.6231902332219,-1.9817438607762292
-934.8621606814332,-0.7504271614733866
-936.0861757455486,-0.4791816534546588
-937.2843104975813,0.1339736032062092
-938.4812605132274,0.215612885800332
-939.6691698941291,0.2816797108700907
-940.846245514022,-0.337166664431516
-942.0197462436222,-2.3332046388132386
-943.1842039676382,-5.245334756433698
-944.333509676255,-5.961123895158244
-945.4601477604832,-4.353746084146169
-946.5562687084607,-2.1435587498954383
-947.637002785305,-1.1433668941146935
-948.6959505831829,-1.8346298619618948
-949.7370534286015,-1.456805003899161
-950.766061777792,-0.6556353940349481
-951.7884881863558,0.7723705593778627
-952.8048623301307,1.5698811539554398
-953.8212925064229,2.7867544040644345
-954.8383563767011,2.044440476200708
-955.8497756127044,0.7904909366239141
-956.8522043573792,0.1763035919254124
-957.8452180237433,-0.4416317308039735
-958.8393720822984,-1.5735591967101972
-959.8438695710352,-1.659390516601604
-960.865040501617,-2.582948920470384
-961.9003203853172,-1.9968654718595185
-962.9513142527012,-1.8118781933832828
-964.0230399845893,-1.0270698915873862
-965.1033711565068,-0.6586991415115628
-966.197821391417,2.246940014080749
-967.323436033349,3.889004051058392
-968.4673317463021,4.180024014046313
-969.633015196972,2.363176869302429
-970.8171843269115,0.0752121390544107
-972.0132213024098,-1.4238495749688878
-973.2234073642471,-2.654523718134725
-974.4514507892939,-3.675888275321624
-975.6784858016496,-3.5328795715085923
-976.9229375266477,-3.59522202545494
-978.1677799112656,-1.427096290450295
-979.4251518463797,-1.5688475880302328
-980.6935083294378,0.2819935886011664
-981.9586656947837,2.2385305277022587
-983.2152146152245,3.4296761151296
-984.4717096322435,3.2048071064400028
-985.7346630239743,1.3576581538440342
-986.9999450662673,-0.2443110933635043
-988.269142088627,-2.100678745774448
-989.5447938489048,-2.4171585242226
-990.8404236160275,-3.851424125779296
-992.1374534590958,-3.905602329930359
-993.4260069887814,-5.088121349400886
-994.7056384219163,-3.0853993599811567
-995.977020633621,-1.8917335190624047
-997.2317290850328,0.2722493161518787
-998.4686580732824,0.8032572887138508
-999.7043242841034,0.2103293545352633
-1000.9442822383993,-1.1331258736287602
-1002.1843806938481,-4.137892577884081
-1003.4121653963738,-5.549760712772061
-1004.6412332350226,-4.769656002273205
-1005.8665903835836,-2.773184876441672
-1007.1003215907631,-0.6835728225705384
-1008.3266072318792,-0.7099545058352934
-1009.5391584022316,-1.98052710192284
-1010.7270363704484,-1.4743673780300268
-1011.8976856017665,-0.9261961411860684
-1013.0500728726474,-1.1814320395573998
-1014.2006859018942,-1.5683424603567242
-1015.334628114619,-1.314021561276216
-1016.4497751787237,-2.90344623802496
-1017.5339963082461,-2.978557235773183
-1018.5981168372049,-1.614874283718555
-1019.6493975094968,0.5828076085991921
-1020.6860399776263,2.6618112181485296
-1021.7340730538922,1.989722720327504
-1022.79324222906,0.3183335177647404
-1023.8508390014536,1.9155245923658968
-1024.9125202314478,3.175455769646626
-1025.985463171942,4.327731018371069
-1027.081762178325,3.015129293613205
-1028.1985465943624,1.0593982342964685
-1029.3185267265344,0.9465847759809412
-1030.4271309819533,2.9983265739082268
-1031.5249261469057,3.788527233962033
-1032.6180702614593,2.5272983663103847
-1033.7189076070003,1.7033939929534898
-1034.8321399906208,2.7058584919442725
-1035.9505855324394,4.419939929899792
-1037.0820917235706,3.984714081994209
-1038.2260172297376,3.2123572852971067
-1039.3936385609404,3.370075037280438
-1040.5826108901674,3.208543951843412
-1041.7663774308655,2.116294616674186
-1042.9504420360354,2.9689768484551795
-1044.1456340773077,3.175808199669084
-1045.3569994586612,2.99546344497563
-1046.5704105516188,1.3166829818351964
-1047.8179235809746,0.7780214567198172
-1049.1186627380541,-0.4339271396225119
-1050.4642599978713,0.9509191737760592
-1051.855577587859,0.0916236617080865
-1053.2942653149648,-0.0254784157895785
-1054.784489710049,-1.0269883506743436
-1056.337547660814,-2.1397511779203198
-1057.9486423064563,-1.3230444475155343
-1059.6006394685994,0.3384482035759844
-1061.2949837820227,0.0616865826089609
-1063.0399542352548,0.897317987817376
-1064.8241758035617,-0.8850271537780126
-1066.6399496178647,-2.5181974865380137
-1068.470954997235,-2.747441728172172
-1070.2971322856638,-2.3157419318383687
-1072.1275130149436,-3.796422287192274
-1073.970790036527,-4.171055594705424
-1075.8254267855527,-4.070539293729629
-1077.6807439551585,-6.253541769508777
-1079.5505664290192,-6.289610275411188
-1081.4287213045354,-5.274711360893742
-1083.2959444993903,-4.797535938763322
-1085.1654816615433,-6.490861969269971
-1087.0460111598697,-6.662416197380624
-1088.9319768378891,-6.227852285594729
-1090.8242536577386,-6.736789620965473
-1092.7223507749763,-5.6794526753072985
-1094.6224996823985,-4.441111624280701
-1096.5256112436005,-3.0389383524778677
-1098.4455927221227,-4.192265879018615
-1100.4015718327307,-4.198870517327158
-1102.3984933378943,-2.029966594112846
-1104.4198489533712,-0.1603657196961894
-1106.4605552114183,0.4100955768276793
-1108.5205539883555,0.1878509112777073
-1110.6125267697096,1.2926027624036456
-1112.7334709688062,0.9157656755744394
-1114.8768408166266,1.918079979556452
-1117.0410355746822,0.5757704525061951
-1119.216171155889,-1.1421603399961628
-1121.3984687898637,-1.9903576050907408
-1123.6083721101952,-2.2324216064650284
-1125.8565341269423,-2.3062975688684157
-1128.1485323881411,-3.2849232096977747
-1130.4650740518134,-3.4379822901607016
-1132.8040608617066,-4.12610045265568
-1135.1741020160105,-3.25762733645298
-1137.5708873244282,-2.8017852873667364
-1139.9827232303107,-2.5285189123431926
-1142.4037324843741,-2.381194358954567
-1144.83224046709,-0.900838244404327
-1147.273898442545,0.3999095507576995
-1149.723512507124,1.4830460187688543
-1152.181233674789,1.9623600375645116
-1154.6386646495755,0.3682948392514462
-1157.1013169552016,0.5461440004577756
-1159.5736458751974,1.4360470601281992
-1162.0564448552743,0.3775544860832451
-1164.5530746475238,0.8166191745691906
-1167.0701179807927,1.0717532103051874
-1169.6145957874728,0.507851392433217
-1172.1746809804395,-2.2563552052532927
-1174.75118497529,-3.804014321734549
-1177.3376982717618,-4.287001960441094
-1179.9212788980647,-3.1217820021164275
-1182.4948298470958,-3.5565563742162527
-1185.0573843662949,-1.4324160444660494
-1187.6169828134289,0.8023638968623412
-1190.1845507781768,1.5691897874101994
-1192.7747732230057,0.5225188913877498
-1195.3876692111398,0.0132063433016276
-1198.0073049771252,-0.8345464965147448
-1200.6379150190203,-2.0904661111693867
-1203.2704120391893,-2.936630479705661
-1205.8988389662763,-4.933627730008786
-1208.5334729984254,-3.799196092389577
-1211.1741165676267,-3.128666790186185
-1213.8168051107157,-2.001376476317948
-1216.46410992951,-2.276909679186719
-1219.1157172797166,-2.0182755181558902
-1221.7740345482505,-1.3343445343453348
-1224.4457711079756,-0.3685784075742405
-1227.127900518681,0.2644042620504801
-1229.8245819432132,-1.338605042539508
-1232.5280603972467,-2.4114891335382613
-1235.2593574825257,-2.0926127687921348
-1238.0437210847304,-0.8763622207335615
-1240.8655340442172,-1.1462274792694025
-1243.7384142158107,0.3393571761440701
-1246.6521690718903,0.0122973213363559
-1249.5951044761225,-0.8335511562278743
-1252.570357161524,-1.965203682878686
-1255.5703802871105,-2.605807052939699
-1258.5837121467196,-1.075117339180741
-1261.6000813462333,-1.970840068334664
-1264.6291576907993,-2.9158316611091024
-1267.6584092856888,-3.265859704650356
-1270.6882691689227,-2.322684607164278
-1273.7236757237845,-2.9768713025193803
-1276.7532326278053,-4.240191132297359
-1279.786327388169,-4.341156356332179
-1282.8315795960816,-3.4488159616369933
-1285.8924525003702,-3.424055421261739
-1288.968260301222,-2.8927570607233983
-1292.0546192820836,-3.345012305497486
-1295.151195746158,-3.218431253239175
-1298.239142344486,-2.624106823050763
-1301.3151051599257,-4.087472500954146
-1304.3719405108377,-2.317915931109536
-1307.406929346319,-2.4348530806156257
-1310.4227839294583,-1.3590885828503547
-1313.4209082396894,-0.0444981405589692
-1316.4087376823436,1.3153306154379705
-1319.3989766799361,1.4466666498911005
-1322.377894356499,0.8009799284420495
-1325.3531222130866,0.9983164307894944
-1328.3239526953264,1.2902341148423715
-1331.285705493006,2.020270749706632
-1334.2419511757996,2.8823916750186696
-1337.1975430708094,2.215846459080601
-1340.145015174675,0.723318250420384
-1343.1010934523692,1.2540428836167412
-1346.0659633789944,1.561205390353925
-1349.042808250798,2.5525173502119647
-1352.0433288938807,2.432725818160492
-1355.0553573307361,3.432383925683866
-1358.0941350311589,3.23339699391148
-1361.1581907462303,2.4411796211985104
-1364.2408075228839,2.3699209048241103
-1367.3220335775875,2.014719437881284
-1370.4038578753095,1.8204524856187672
-1373.465440648798,1.730052216117342
-1376.5037577440935,3.064369997756287
-1379.5080409056286,3.1510392837794803
-1382.4770457927086,1.4956250908711888
-1385.4097583132432,1.44007332751202
-1388.3059338616115,2.276542328371176
-1391.1784814501202,2.185715738402924
-1394.0444663661617,3.3210946633836693
-1396.9073916548437,3.726771485507392
-1399.785451735463,2.5404045222411917
-1402.6795567300587,2.546812195669734
-1405.5953702898407,1.134357795897616
-1408.5417362625622,-0.5008388915763599
-1411.5123073287523,-1.4835587235515018
-1414.5028048948827,-1.704162042062743
-1417.5064234778413,-0.6253190569964854
-1420.5188906683022,0.6632279344361416
-1423.5474292179176,2.195229087142356
-1426.5870567319128,1.4171519469066098
-1429.6264689506443,1.3510940346552258
-1432.6667595576052,0.4305500966102205
-1435.7108901723939,0.9857268473960346
-1438.768198954109,0.4921884645586741
-1441.836393194742,-0.2905328859665179
-1444.9042155070756,-0.8604117301802683
-1447.959191440746,-1.370754222344063
-1450.9890295658267,-0.8481431086408381
-1453.9964127145995,-0.5386184655515739
-1456.9834846813462,1.6087690344335694
-1459.9471887135512,1.741370799023017
-1462.891230489465,2.2374794779163034
-1465.8251135514804,-0.3513852116416962
-1468.761744684945,-1.5777088973196196
-1471.695421846963,-2.1132759684016857
-1474.6282269909716,-1.2449286181634216
-1477.5690003339416,-1.4107344584122306
-1480.5124167662154,-0.3523634874240879
-1483.4514574548184,0.6265980170782512
-1486.3812881026886,2.3120348310034617
-1489.3147198221059,3.70716720040274
-1492.243666621121,3.069998889455949
-1495.178415090285,1.821467402183329
-1498.1199531972734,-0.2713347621602946
-1501.062451088944,-2.176045021781696
-1503.9951000683309,-2.648755220928861
-1506.9281143828878,-3.024788734355053
-1509.868364845759,-2.809979735476723
-1512.8341127576762,-1.969145873571533
-1515.8182187653092,-0.9475783553120352
-1518.8055509320939,-1.1033862058371144
-1521.7885125673977,-0.751044505416615
-1524.7672522791397,-1.1244577440947483
-1527.7376939044166,-1.504608566502886
-1530.695580769273,-1.3131709500362838
-1533.638613335592,0.6914633124674869
-1536.5681449055048,1.72051756861776
-1539.496288073981,1.0707226077714296
-1542.4351954459955,0.9822461437628376
-1545.3962038117272,1.9351221371889047
-1548.363702975625,2.8038335875499474
-1551.3360010330375,3.4088494095296697
-1554.3209679310335,2.7539144896105645
-1557.2975930018995,1.3923002482967846
-1560.2669930265542,0.2721057177377206
-1563.2193224727312,-0.7553429223895589
-1566.1427183434262,0.4552427930121928
-1569.0270890646389,1.3416456498971856
-1571.8838123614992,2.49916632264801
-1574.7195456081097,2.706659419853576
-1577.5439349376009,4.092977003839112
-1580.3456790068296,4.355572785576725
-1583.13392036126,4.243843889642669
-1585.9328211644777,2.453518283502212
-1588.7377946613585,1.657689567846134
-1591.5533587417813,2.0056204193298326
-1594.3687702801005,2.7101136535768875
-1597.1586837045502,3.477262772154404
-1599.9195878679827,3.366663453274711
-1602.6753477634138,3.3621015547878423
-1605.4376637227065,2.822288846792964
-1608.2022156564917,2.2161687238574967
-1610.95152614485,1.818004846127211
-1613.697228776168,2.425834267343012
-1616.4388977328065,3.7910115747063866
-1619.166993976029,4.072936233014253
-1621.8862776477308,3.5037567110117216
-1624.596831390347,4.161032703430696
-1627.3025968142351,4.0648415689215325
-1630.0001089668704,3.007119778917155
-1632.7031209810798,0.7232815110572792
-1635.4252735725208,-0.5593400113195328
-1638.1689650828444,-2.1904266559948544
-1640.9293548323794,-0.928980536082199
-1643.7115904955308,1.3649092974249593
-1646.5082271870244,2.15328808678042
-1649.3311694681338,0.9359037663885292
-1652.1724488749137,-0.621896079273065
-1655.0297865407579,-0.2390149697529752
-1657.903256301189,0.5170212343091756
-1660.77271878737,0.9669840461851082
-1663.6425708143427,1.3876973756684898
-1666.523115096478,1.5289495096500274
-1669.402497900388,1.6758328774602034
-1672.2880399894784,1.1111238885680093
-1675.1702961697426,0.2661186650236656
-1678.06738288357,-1.4318084762290169
-1680.99678215061,-1.732124395394434
-1683.952557159504,-1.402275531786807
-1686.9196808407414,-3.704581958738256
-1689.8850104359292,-4.386331263629919
-1692.8443078138014,-4.537248670929271
-1695.7968337853345,-3.528124368031984
-1698.7279054349517,-2.5720990404964663
-1701.63268538199,-2.1330739833259096
-1704.5045560579786,-0.5801538428559598
-1707.355291248188,-1.5542544016641595
-1710.1811685288376,-1.9292593810796843
-1712.9832865354317,-1.81698452726819
-1715.7633847482432,0.4214466864607231
-1718.5331591158626,1.1064354803927137
-1721.2917478601785,1.55831239891322
-1724.045881736861,0.3789026751997061
-1726.7908903552493,0.3669942301125538
-1729.5297852051883,0.1054699255519024
-1732.2677405881284,0.7534173730612497
-1735.0149549051541,-0.6909714497873805
-1737.759061118953,-0.6996100744059714
-1740.4893792724317,-1.4562466634886049
-1743.2170518819905,0.1968750282309739
-1745.9388704326864,-0.5901237769088556
-1748.6579657877473,-1.3598980192468175
-1751.3794131230493,-1.1401534837748413
-1754.0944591511595,-0.7831036120402735
-1756.79080103849,0.1958925783345031
-1759.479648097056,-1.6461960949509973
-1762.1624344134982,-1.817029299954041
-1764.8254441253891,-3.0039299393547427
-1767.4702659910067,-3.367432841579051
-1770.1007230470536,-3.879562751294908
-1772.7252828405583,-3.553882393335156
-1775.3288592487174,-4.3221898613527685
-1777.929078752118,-3.163969643874171
-1780.5370632591062,-2.177856530011704
-1783.148148991333,1.2106676612316771
-1785.7706533349665,2.844507089465311
-1788.398011150971,3.328585138343249
-1791.021104846105,0.5243536741826698
-1793.6441732697447,-1.404527709541897
-1796.2705509360892,-2.409735740296607
-1798.8974748905612,-3.125655628106646
-1801.533476341934,-5.687939167164714
-1804.181286037436,-5.829401185791401
-1806.8440096912202,-3.4145584788137238
-1809.5314337116217,0.178815368178405
-1812.2362890566126,0.5060705851873769
-1814.9657603323456,1.349418623597802
-1817.704364868658,1.0618603253357872
-1820.4679975812714,0.3851766588234298
-1823.2710396592474,1.0016500452203467
-1826.0870428864241,0.6611389157524092
-1828.9040420149909,-0.2052842928602228
-1831.740720968275,0.7902868744980502
-1834.5931564217208,2.562948848051613
-1837.4607028602684,4.139730939874452
-1840.3347048135138,5.034428063138086
-1843.219073977342,4.426718165795246
-1846.13052847919,3.1897636036915378
-1849.0548502265544,3.0476124027217915
-1851.9742192110405,1.82931513651741
-1854.881431972326,-0.0299825998339706
-1857.7788706386489,-0.803982000799123
-1860.6456672915804,0.525014575422041
-1863.4896242149991,0.3555478975256017
-1866.3256389200476,-0.3685013851767879
-1869.1561230438172,-1.7215901081385576
-1871.9952462350957,-2.7331264331818352
-1874.8413832019505,-3.45970691945263
-1877.6887754162979,-3.6810555672121192
-1880.558324414934,-3.5165581540321598
-1883.445336917938,-4.359161511207277
-1886.3520183800458,-2.4991504798921045
-1889.276735463309,-0.4645289985293588
-1892.2006582247839,0.2912453455883917
-1895.11832888918,1.0729036878640092
-1898.0349767462844,2.80880832156881
-1900.9458438563684,3.232127766765251
-1903.8473739510498,1.6280216622299166
-1906.7513802770422,-0.6321807318203496
-1909.678403140525,-3.2219398551362044
-1912.6144054296371,-3.051838063347657
-1915.554218029753,-0.8168729949623719
-1918.4978201473261,0.2904400924026186
-1921.4475395482905,0.537764590665718
-1924.4129360389238,-0.3496040242149458
-1927.3968195494624,0.320839552756058
-1930.3973059886027,-0.0175409222886405
-1933.4063730030293,0.1161231309320893
-1936.4333617869615,-0.7381508421931522
-1939.4729939460851,-2.09621071783881
-1942.5197130946906,-2.6582219157454774
-1945.5842353662135,-0.9094110816250218
-1948.6686197185986,0.6950823364768837
-1951.7655197370486,1.3642889386192365
-1954.8713279914193,-1.2845239921052456
-1957.9794781352628,-3.9967672095882953
-1961.0626203124832,-5.617877877572408
-1964.1305862114384,-4.401482215091185
-1967.1812083296536,-3.5497522382761626
-1970.219144371952,-3.087544177324095
-1973.2513511805976,-1.9801969706925289
-1976.269051624727,-1.5833862988475456
-1979.281279892412,-3.6807098804183394
-1982.296646837836,-3.3137383349408047
-1985.3063457986532,-0.9495161692896328
-1988.3059373456906,-1.2321851031472306
-1991.298067841881,-0.9391585572749478
-1994.2651245271934,-1.7893149147054077
-1997.2181010649415,-1.66313503693802
-2000.1539563161978,-0.6436056513878403
-2003.0700295419251,-0.1855488012306727
-2005.960408966532,-1.296330251493086
-2008.8200874027584,-0.8385864263101098
-2011.652673296432,-1.6405820760182073
-2014.4470831828087,0.8615722139618827
-2017.1749561908812,0.018845332119042
-2019.829057170559,-0.9626430872445986
-2022.434420099719,-1.9457970097486108
-2025.0015377649531,-1.246249652469885
-2027.5464418066676,-2.0359591639766403
-2030.0759347527862,-1.5450746093955745
-2032.5859554434214,-1.0043772205410946
-2035.081911577079,0.7770725114540841
-2037.5605759153889,-0.992597319539548
-2040.0178837045307,-1.4244728660286954
-2042.4586267473915,-1.9702086260306768
-2044.891825279228,-2.3625701883283363
-2047.3251125372387,-1.8117265844015775
-2049.7557798733096,-2.302525908483194
-2052.1709371013817,-0.7931599043412696
-2054.5748208519226,-0.9965500020179544
-2056.9601072954865,-1.6935909966286724
-2059.3229559470474,-1.861913280980304
-2061.693722046004,-2.088857812647232
-2064.0770375750535,-1.2426185643402468
-2066.458729212367,-1.5679158806405824
-2068.8245190025614,-2.110431131374989
-2071.1827124796564,-1.321044747808764
-2073.5233346129407,1.1968810957257925
-2075.85683102247,1.4948033616272656
-2078.1854976499817,1.0016032654144822
-2080.5173470182685,0.4667933074059893
-2082.857616231786,-0.4271746239309238
-2085.221138193606,-0.6459173471852595
-2087.5989380881965,-0.2695930332178611
-2089.977179771208,-1.1152913467641867
-2092.3622049301075,-0.8820225063071083
-2094.7564871654026,-1.281792302403007
-2097.1451424112097,1.9548794489514223
-2099.522519659213,3.399570457217199
-2101.894937102987,3.9690603307799632
-2104.2675610587926,3.7112459065401335
-2106.6311460183865,2.8154537708406866
-2108.993028588875,2.993849589372933
-2111.349971985316,3.4269590186128047
-2113.7144364757855,4.055590212469324
-2116.0860955431176,3.355423169909101
-2118.4629473110786,2.882234193299668
-2120.8556217965534,1.755232795835549
-2123.2622024484826,2.6628137874369155
-2125.685256333779,3.848127759011701
-2128.095463971713,4.143160485755903
-2130.4943028510183,3.91452018627404
-2132.902777618766,3.571460386924862
-2135.328133815325,2.8096158488780025
-2137.7735041193473,2.166383489611004
-2140.2217761883035,1.2976527353106804
-2142.6525914957274,-0.2842997184245756
-2145.073743630615,-2.4156548140789904
-2147.480433212987,-3.624728175474567
-2149.8616791269064,-4.917564919473442
-2152.2203628129882,-3.916802635918687
-2154.556829160889,-2.255944261319637
-2156.879411684496,-1.2654036168954987
-2159.19090517036,-0.6198838390436209
-2161.490138097337,-0.0040061951904326
-2163.785556843909,0.940748948174444
-2166.072393640238,1.010368871568298
-2168.355265859763,0.5593568244892818
-2170.621971774644,0.6417426732082919
-2172.872689960525,1.010537485132609
-2175.1179332213555,-0.6045230945863849
-2177.3543532982912,-3.3714138210057456
-2179.568410088145,-3.572124403613428
-2181.752959401622,-4.904124471256599
-2183.918727384116,-3.91954249135668
-2186.062258376452,-3.482831363031792
-2188.187937884052,-3.546110580010818
-2190.2925226045963,-4.687334388856852
-2192.384627808143,-4.742363410134254
-2194.476196088355,-2.424968268725646
-2196.5686389691523,-2.124874190855741
-2198.6475048170137,-1.8578102299167023
-2200.710690450613,-3.3901763123185216
-2202.7503776792973,-1.0427455853854073
-2204.760454766728,-0.6447768160052489
-2206.7485837539757,-0.7337352577294943
-2208.726056934362,-1.6420137886049355
-2210.693994623489,-2.543242637995795
-2212.661786487922,0.3121783486003524
-2214.636685122073,0.6278703478433318
-2216.6268481406128,0.0203490276183875
-2218.6278598642803,-1.3439500914925528
-2220.6285306511954,-0.5928599439180413
-2222.6244924942503,-0.969244824372698
-2224.6106695173867,-0.9931222383181312
-2226.5964536795823,-0.8325575472367035
-2228.5819680495174,-1.8281515802905863
-2230.57446276267,-2.6798871266970057
-2232.5686807469406,-4.236814668751762
-2234.571230996955,-4.241671439825334
-2236.587384246948,-4.078938608301055
-2238.632976899644,-2.6158854130256963
-2240.698539444451,-0.6958368855160146
-2242.7770187984465,0.7648341269429928
-2244.852088836418,1.833957328752958
-2246.921358695615,1.401237333128558
-2248.9884915929083,0.3518244157420588
-2251.068088923855,0.3469307702686831
-2253.160254843537,0.9311959650634178
-2255.2505590886,0.5365829758428714
-2257.356464911829,0.899538684180988
-2259.4705906326085,1.7756893749605025
-2261.59583888802,4.1216761353485625
-2263.7362374086247,3.6630608302058074
-2265.880819336157,3.361028277820948
-2268.041620150136,2.1641925741567296
-2270.2169983657327,4.240521834916132
-2272.4116950719963,5.0375358904549135
-2274.637173190456,5.352447749790612
-2276.9010191942425,4.113774239695474
-2279.1914030332828,2.0757224352382737
-2281.4961577620616,0.9285634388693328
-2283.8078319030437,0.0763727334302825
-2286.1248967856855,2.617832261395822
-2288.45700716395,4.325962064285163
-2290.800139597124,4.885676504393014
-2293.157065247611,4.053160207385292
-2295.529410412869,2.0367585829256845
-2297.8865590540167,1.466542764964613
-2300.230678076676,-0.305660233993736
-2302.5702371043185,-2.072588183832189
-2304.9087523333433,-2.4208266874769757
-2307.251244771878,-1.861149307907218
-2309.6057427134183,-0.6025337014998363
-2311.98468581312,0.2310994863182716
-2314.387525074897,1.6270552708805668
-2316.810257535083,3.168174492840561
-2319.2579556214205,3.164061935581868
-2321.718569746206,1.5138444030210674
-2324.1946061884946,0.023385352674572
-2326.6678939471303,-0.0094245978772306
-2329.160524662031,-0.0186872841441979
-2331.687959454259,-1.0692044985303315
-2334.2323823791326,-0.4526769283329614
-2336.7685155608015,1.512009113107323
-2339.2952969071707,1.9035536527198187
-2341.8169329067027,0.9058463733141656
-2344.3209756014344,-0.1903861758227447
-2346.8153263323093,0.8174209424245604
-2349.305526676803,1.7949726584007684
-2351.77355276484,1.9177404915386689
-2354.2269727011526,2.344629559244986
-2356.6582154654684,3.779774883581958
-2359.0806260183585,4.72829379786661
-2361.504165146111,3.022458198685923
-2363.9322224752036,-0.7099609876422235
-2366.3695046423054,-3.844862268466264
-2368.791218289607,-3.1449650996100047
-2371.2080393874467,0.1164597036731063
-2373.6265122590157,1.0738117912200729
-2376.0347191897367,-0.5642045344303441
-2378.4358010896644,-0.9610847513972696
-2380.8139780860392,-1.307901561509862
-2383.167177108282,-1.5583989053718508
-2385.500318375002,-2.9576290981016213
-2387.821676298182,-3.2499578921662566
-2390.123191719465,-3.411949037643776
-2392.4164127170047,-4.523638758751231
-2394.716303155344,-3.188773766972589
-2397.012629697378,-1.4632419893813382
-2399.3125163898303,-0.4338688096204699
-2401.629098301757,0.5929470771495928
-2403.9560521135736,0.8963980130343051
-2406.27411728627,2.5672695044994507
-2408.5904536125763,3.0245688663827304
-2410.902625387872,3.166995728177285
-2413.2009724202344,1.5074747919521851
-2415.4985776177477,0.8561953311631989
-2417.789984791136,-0.676173434284509
-2420.078834355779,-0.2341665425569453
-2422.3714378358873,-0.8466713281444447
-2424.679599339368,-2.055962258191016
-2426.9999089046723,-4.285686593784417
-2429.320208930552,-4.457713347500383
-2431.6317705812075,-3.294113338403726
-2433.928753643323,-3.7257874787615206
-2436.222576181883,-3.7472580959996473
-2438.499519461484,-3.38841242698526
-2440.747475873599,-2.108607632756752
-2442.9705970327873,0.2317274007174681
-2445.1767416809253,0.8505726449219344
-2447.357112550391,0.2724405616542584
-2449.507068598686,-2.811089153121748
-2451.6150450668642,-4.852311341340598
-2453.675164287241,-5.780573858846127
-2455.702348900855,-5.818872885898305
-2457.696034605877,-5.018259041791396
-2459.6502428302274,-3.223533233826299
-2461.5874626954374,-3.499636030320006
-2463.5098851083967,-3.3074789211058846
-2465.4342941604,-1.6168083137605294
-2467.362675980982,2.49965878245606
-2469.2818268532455,3.8409937945480106
-2471.210098726708,3.957052101661874
-2473.146597734257,4.309417727968143
-2475.097200451217,3.6420489701793706
-2477.065524408634,3.995827026694939
-2479.0551964788933,3.0520401703155144
-2481.0624512596937,-0.4874793113159295
-2483.0773454687014,-2.0775515378226177
-2485.0989707044214,-2.956823602548833
-2487.1223531419027,-1.5923454912856083
-2489.134099413637,-1.907722288210784
-2491.1106400875206,-1.712349268488996
-2493.0591705906904,-2.3209107542297582
-2494.985830129359,-3.2599768287558506
-2496.8794739624723,-4.235818356224766
-2498.7309474817753,-3.853927596440702
-2500.5338603297428,-3.136970656001227
-2502.295336798247,-2.325685978150641
-2504.025359743785,-1.02156290818508
-2505.7468167228762,0.973351128135526
-2507.4592891729953,0.6630470172254331
-2509.1761779268213,1.0511774965268237
-2510.9077628327527,2.1841120858511136
-2512.668481331389,3.1132723195730976
-2514.462804908398,2.62298914548773
-2516.286211424178,1.615745336058666
-2518.1140182515305,1.2423133267762485
-2519.9404492807844,2.620921728000459
-2521.7714155827816,2.5566985102187045
-2523.600830211969,2.7100398378513555
-2525.41224640171,0.9709510021498148
-2527.2265132147863,-0.1076966399582673
-2529.043886669331,-0.5859166645870479
-2530.8740235700984,-0.0265911348342967
-2532.725425567239,0.5135133451223255
-2534.5909042581034,0.3737089256482304
-2536.485838447968,0.5486581960149433
-2538.4162306591043,1.0251415483420332
-2540.375747835018,0.2949119174329426
-2542.3512552384996,-0.7016135938459896
-2544.3457255006037,-1.5239305718164338
-2546.360956059836,-1.6347273260391109
-2548.3680851546906,-2.559261029130316
-2550.3588199362894,-1.9259714541793864
-2552.3466093967563,-1.2753133620784447
-2554.339573367046,-1.388830146371021
-2556.3195817744777,-0.2132125912669256
-2558.282810225806,0.7571283128588093
-2560.2295101339923,3.310620902469698
-2562.1549031227364,3.021048763556906
-2564.0673388821933,2.472536098168945
-2565.9753894235696,2.107550460787176
-2567.8949028210195,1.3864182480563727
-2569.825378687335,-0.2023357899527786
-2571.7618985865843,-2.189195915413463
-2573.7046021916613,-2.1442800836918567
-2575.6540234104446,-2.625489059338984
-2577.604975015171,-3.130319153829077
-2579.553550628693,-3.674267771394212
-2581.4962727892944,-3.941787562779851
-2583.432107139634,-3.4775425910787137
-2585.3735036636654,-2.669611300435378
-2587.309637760264,-3.274883320656686
-2589.244601276772,-3.737180824161314
-2591.186396163502,-4.333062878289465
-2593.1233329870734,-3.500077834083292
-2595.0452292592995,-2.617745358126274
-2596.941043520783,-1.2747646386288638
-2598.8387228686775,-0.7645527090320257
-2600.74277615027,-0.7904299375497077
-2602.650322768381,-2.706190511712599
-2604.589663670641,-2.11113092140943
-2606.5672285814157,-0.5827503345594311
-2608.5800126962904,2.531568121287328
-2610.6295040252107,2.619434930183353
-2612.7263697159633,1.6969866637975146
-2614.848522571485,3.354279146011912
-2616.9875631256596,4.921933340012014
-2619.1464890832913,6.7605026752165776
-2621.305236401164,5.500899458812133
-2623.4533498404153,2.876637845638924
-2625.6044285398184,1.5338844648668548
-2627.7698521501557,1.5062983927489253
-2629.9360161413183,3.0053219753899185
-2632.0908909208233,2.2991342940139416
-2634.237394494723,4.606342144881216
-2636.369491926314,5.123463364179597
-2638.492070299637,4.517856641889843
-2640.578544549829,2.699180541758388
-2642.6184682089506,2.3919383560561376
-2644.6092868327314,-0.505369162467928
-2646.556094692897,-1.6289894084885042
-2648.465457929783,-2.523357312777218
-2650.3314569385507,-5.360843166088431
-2652.157009489971,-6.540981759700685
-2653.955504706682,-5.020847738926133
-2655.744835831486,-3.223880875400642
-2657.5148784184394,-2.6714693493224426
-2659.283662942849,-2.42300702438075
-2661.0590697690304,-1.9222598166525324
-2662.824379100808,-0.5713304195080535
-2664.59122717426,0.1123342769259202
-2666.362610766898,-0.4913024027330658
-2668.147832103016,-1.0360480245710233
-2669.9425417908533,-1.8459031532899817
-2671.7492797693194,-3.095632457433673
-2673.563389253965,-4.18392502000804
-2675.3793212058386,-3.42210922752332
-2677.1919118029277,-3.831733578195628
-2678.9878413846145,-2.451181346593041
-2680.7868874890587,-2.2479725461869804
-2682.599273202458,-1.0203985958204385
-2684.425158818908,-0.7336917660519199
-2686.2695985669015,-0.2532555247945715
-2688.1220336987453,1.6233641355655772
-2689.96798165048,2.89699786781507
-2691.8128739115973,2.445064763177162
-2693.662940915181,0.7716209082867096
-2695.4932419972506,-0.622079682458328
-2697.318646446564,0.9276052342660148
-2699.1566483509678,1.0579784302604622
-2701.002603551049,-0.4908341727458467
-2702.849979627251,-2.321195697085243
-2704.6976922780614,-2.07834394628552
-2706.5463109929387,-2.258021929201665
-2708.3894534975293,-2.5525972964128334
-2710.20756299812,-0.7728803957661097
-2712.0004787042635,-1.1572869385521716
-2713.791803393262,-0.3503645551159994
-2715.574617777226,0.8305336615370358
-2717.367284230504,1.194993466479684
-2719.18579913051,1.0790326756399755
-2721.0354933131143,1.2933272474973392
-2722.904659944585,2.258431647553714
-2724.794075591948,2.632131152426364
-2726.7045396826265,2.09612612773814
-2728.639721917885,1.2753343204780403
-2730.5860244868927,-0.477131453214989
-2732.544814562004,0.47842722927616
-2734.5200560770077,1.4711917266378447
-2736.5216744932504,2.043622410595516
-2738.5322085472853,2.140755784268648
-2740.550663363725,2.3409902450973665
-2742.5718815593414,0.8595317757737759
-2744.5847433434164,-0.8445770015486064
-2746.602309677791,-2.7568994310066426
-2748.6398328018895,-3.588996098402661
-2750.6922491069063,-1.5238595318383117
-2752.7423224690215,-0.4545007029042895
-2754.781985003312,-0.469829642617507
-2756.82011296404,-1.577806690619867
-2758.8797851872855,-2.902827296039322
-2760.961913988577,-3.892542085783039
-2763.065433315557,-4.622206089552307
-2765.1904646423536,-2.390484315250413
-2767.319441434146,-0.7205013604983044
-2769.4510552867364,0.9122991420052592
-2771.600542069848,0.4778367452769864
-2773.753428795216,0.2229667383439674
-2775.898949843588,1.6581971740955628
-2778.044858854146,3.093804715927237
-2780.184697754504,2.2951127244821885
-2782.323341680475,1.967211044575027
-2784.4575403404115,0.892637103113793
-2786.5770055709695,1.5212026432553445
-2788.6805205691167,2.007948353171703
-2790.770995594161,2.33431371539152
-2792.858210890231,3.2100316708282377
-2794.958512260188,3.736232544049404
-2797.0708221397595,4.526276649299562
-2799.199992036768,5.458023086491849
-2801.3420982173247,4.904788206889717
-2803.5029410427755,6.044795502447222
-2805.689053668257,6.300578132286191
-2807.9168352512925,5.102465848333908
-2810.187623447996,4.005789254753209
-2812.4884594159444,3.658277494917861
-2814.804914742036,3.3264503022172187
-2817.128092778043,1.9641949846235165
-2819.453090915849,1.6387540887333527
-2821.7740390221875,2.576480738048033
-2824.091196350025,2.8988693347674537
-2826.403232369932,1.3641855702342152
-2828.698060400414,-0.8144955959593561
-2830.976509875265,-1.428846328481571
-2833.2460197092673,-1.291636751217143
-2835.505953161486,-1.7020204008646955
-2837.7449821739633,-3.607896236488825
-2839.96615804663,-5.092600435491474
-2842.168218960732,-5.916264363110348
-2844.362337701862,-4.980206597090306
-2846.545541778409,-2.4866943294439547
-2848.7089927582047,-2.8973813050582544
-2850.8481007837872,-4.08050450952421
-2852.963629316839,-7.475698639248372
-2855.0568930882505,-9.317981322118584
-2857.147736646683,-9.128934560905044
-2859.2347677620032,-8.178871528563164
-2861.314007690019,-6.287380614882038
-2863.376156637836,-5.376763785547365
-2865.4311001860156,-3.827802888602567
-2867.506212987229,-3.958896979617551
-2869.595521216783,-4.10776298063437
-2871.6835092156357,-5.073028130038452
-2873.7777257776816,-5.567129838383014
-2875.8785593263856,-3.824331205162204
-2877.9850550553856,-2.755215123181874
-2880.0815481921522,-3.303649998284881
-2882.1764170656647,-3.5163047210334337
-2884.278650674154,-3.1924362158967914
-2886.392772117501,-2.7093499952255757
-2888.529189513179,-2.55298859151412
-2890.6757347792723,-2.606584371752187
-2892.838965162346,-1.938685909704161
-2895.024677141328,-2.962340651012151
-2897.2140160477115,-2.8278326643192964
-2899.402562752084,-4.0650635168037095
-2901.584293644246,-4.435447089490221
-2903.767564398387,-1.5656471210046896
-2905.9514472838737,1.2393226443166938
-2908.1320092133674,2.9748505415705
-2910.300443256471,1.7572240717392993
-2912.4726548320436,1.4805864409695124
-2914.6459646003996,1.1074628666586277
-2916.8229260803837,0.9687801985438698
-2919.0044810124764,-0.9808771551519088
-2921.182290012711,-1.4442232832429982
-2923.3509303209426,-2.1478077905694657
-2925.5140230118873,-2.64014584027656
-2927.6669999682517,-2.8312169747465754
-2929.811509546052,-2.485362802159376
-2931.949777210098,-1.5441055488838369
-2934.0807807095944,-2.7368008423922325
-2936.206625611877,-1.5918978538040762
-2938.3311223460987,-1.5542442777782075
-2940.446527188247,-1.970770571880576
-2942.5694960723204,-2.460475408847598
-2944.7070636224184,-3.055629401264339
-2946.874355339351,-2.994766425291331
-2949.0459363696077,-4.130580860730213
-2951.2233680461204,-2.541569279601675
-2953.388391445782,-2.2563879290138305
-2955.5318764908375,-2.610879435892204
-2957.6718468447675,-2.751272884631351
-2959.795367886114,-3.947898291419255
-2961.892078320588,-4.1283233064121125
-2963.9650909457396,-4.059190682786259
-2966.0105837847655,-3.3860704222938263
-2968.042554479582,-3.1398661607115903
-2970.053746401502,-1.5250811437627576
-2972.0624961110343,-0.4433426935205846
-2974.0602356305194,1.5124108850564932
-2976.0459230909732,1.472841875509392
-2978.031657107199,1.869019664828241
-2980.008773714031,1.7761442721606917
-2981.9832113111815,1.326786442648471
-2983.9612847926405,1.170805256341808
-2985.9253704868606,0.8130593651476786
-2987.8781378732137,-0.6517656688657572
-2989.8294472828156,-0.9668950211514088
-2991.778978835361,0.0718533864880168
-2993.7129888395048,-0.489848921983447
-2995.652184422591,-0.9349122885649708
-2997.600335504336,-0.6635693744688278
-2999.5451252760986,0.0360262669444255
-3001.4844691197563,2.429867664032661
-3003.418456874619,4.196961517561383
-3005.341015910601,4.4621428048504885
-3007.2411728728007,3.183078293947204
-3009.119589760149,1.118661644797829
-3010.977044731408,0.6786951313162831
-3012.8080651007613,0.2132773482037178
-3014.613344030992,-0.1312954773774861
-3016.4021213047936,-0.0388585960533436
-3018.1911934916143,0.9034404331234006
-3019.992041771875,-0.6870477594937769
-3021.78399359893,-0.430646624987666
-3023.5566669977616,0.1447674559781064
-3025.2954052513037,0.1857467262566371
-3027.003015985445,0.9802528054357168
-3028.6815018658135,0.737658272930634
-3030.349191935619,-2.2432082293177737
-3031.9984599385148,-1.5717060630895603
-3033.6239027672386,-1.2127706934416709
-3035.2483279561907,0.6291953525330953
-3036.873242913421,0.9257805423421565
-3038.512205494247,-0.1534133400617543
-3040.174240352833,0.412282257697625
-3041.862310351309,1.3225358602103798
-3043.547741726325,0.5070820804290286
-3045.2262417297884,-0.9414968157745236
-3046.9181345988086,-1.7159643655903418
-3048.6152469163617,-1.5085739132502236
-3050.3068138415856,-0.7575444629548787
-3051.9977659661927,-1.1641878058807744
-3053.6994541445933,-1.5283415192725944
-3055.389297954282,-2.0933733427097185
-3057.0551418489763,-2.9795218075122643
-3058.7043461812286,-3.1051488702696624
-3060.3518352640504,-3.1037038746675325
-3061.9877658174732,-1.7149599351086322
-3063.6195743858952,-2.0781952023785046
-3065.245250473028,-2.0813933849468333
-3066.846697725125,-0.4665955513709356
-3068.420468964191,0.4078300366777078
-3069.9689342374577,0.3535143589251519
-3071.5146922646536,-0.6855218471327921
-3073.0440859527275,-1.137435026585664
-3074.5489504986226,-3.61486715382219
-3076.050712033769,-4.802277302241477
-3077.5521664689068,-5.494294462359767
-3079.0533589788447,-3.2933596151666364
-3080.5496828022524,-2.971862052719308
-3082.0580981229937,-2.366648608191536
-3083.574999759136,-2.2033014057340496
-3085.087573506162,-1.250841326618822
-3086.588874283547,0.4569247177613619
-3088.0787203823775,0.357903343880505
-3089.5578073886877,0.3747330631712369
-3091.0151698366863,0.5772317882869449
-3092.452361805904,0.235389471819545
-3093.8747755957374,1.005678771562864
-3095.2970297676334,0.7441133436328342
-3096.7195729633545,1.136090379294399
-3098.149619751046,0.7680394076780768
-3099.5994053323543,0.2285613404054298
-3101.055897210655,-0.6788488397228447
-3102.5240128889345,-2.0057038226278663
-3104.0066752537855,-3.5256142820360896
-3105.4993746187897,-6.345235892771816
-3107.0106302722093,-7.685105546184846
-3108.53251917161,-7.310797354615114
-3110.0460416671895,-6.746212691875719
-3111.547145170505,-5.380012691388663
-3113.043448232569,-5.786240610658358
-3114.522272286453,-4.452944903907134
-3115.994541364231,-3.1964744510108543
-3117.4482632772824,-2.116562276042468
-3118.9031987382455,-0.8088760038213447
-3120.3562354996184,-0.5863091847931516
-3121.793280994148,0.2550733883896094
-3123.216239854646,-0.7543706952521576
-3124.608499187829,-2.927509440973698
-3125.9736519874805,-4.048535169618972
-3127.3207100434443,-3.9321595897078847
-3128.6490345303414,-3.0481218769691365
-3129.9480467206126,-3.758533565962202
-3131.2256933167764,-3.059278382267868
-3132.4735268060454,-2.840520727397405
-3133.697966239363,-1.723733458351078
-3134.8942452675738,-0.1432148776251391
-3136.0603488468223,-1.3947084993563923
-3137.1989730563823,-0.6830355700758268
-3138.315470537135,-1.8495477826406048
-3139.411557857269,-1.541076004193891
-3140.490163227678,-1.1911051469392708
-3141.5456159161595,-1.1390376391945995
-3142.5685760712154,-1.042435663114375
-3143.5580831654966,0.8561992540477636
-3144.529979146588,0.4057544388579153
-3145.5043743484343,-1.0462341828567117
-3146.4836143694433,-3.0091754820766647
-3147.450835658678,-2.5204096932149547
-3148.398482322493,-2.6315658980803227
-3149.34164630602,-3.445491904014759
-3150.2726613241834,-2.9376783077810438
-3151.1854850846366,-0.5818441280253721
-3152.0768319657673,-1.2074540242441172
-3152.9396747981677,-1.7629276122770958
-3153.783577066328,-2.578157727883515
-3154.5920676707474,-0.8693668508246652
-3155.368600302024,0.0584069526020461
-3156.122055681425,-0.0394157617588123
-3156.8421061067666,-0.4501942297270374
-3157.537839855119,0.1917079509932154
-3158.2290657908784,-0.4050670982252153
-3158.91524816094,-1.6964399773776329
-3159.586033184522,-1.8870539347647388
-3160.234180330261,-0.4618340251194508
-3160.842638577188,1.0014778900863646
-3161.415681820457,2.1628584961501005
-3161.95769988351,1.3982081264706103
-3162.4810163828297,0.6140812609873791
-3162.9857678367102,-0.4934524066514835
-3163.478633600449,-0.0726598618160201
-3163.9679629819634,-1.5703627815183785
-3164.448089466172,-2.1323312011162816
-3164.9336159784402,-2.381847067186389
-3165.424670647735,-1.9492723279766595
-3165.927882376911,-0.9088416157629716
-3166.456629997019,-0.4346295864412115
-3167.0035394424235,-2.4287290148540697
-3167.5349134011103,-1.20315352949892
-3168.060184144137,-0.2049856417462344
-3168.5736620656676,-0.485837777659288
-3169.060203954914,-0.9093690540028072
-3169.5365259062723,-2.334739584944665
-3170.0151493749854,-2.6758229362258854
-3170.4912564472256,-1.717365046757107
-3170.9738309735726,-1.4830162131250608
-3171.466859760283,-0.4693021530413418
-3171.953841930927,-0.955860425599418
-3172.4261803299064,-3.0295919406881966
-3172.87743138082,-3.733072111829124
-3173.3208305933294,-6.260293831328996
-3173.7561958621136,-6.928013662114709
-3174.190548991833,-6.670606003629598
-3174.6204904861142,-4.962231085805676
-3175.0562849122903,-4.774852923246776
-3175.515882842294,-4.888012119708781
-3175.997796943507,-7.067222866082073
-3176.4962846753547,-7.471839301333337
-3177.011514595644,-6.887711365291498
-3177.520351853726,-7.408369833925487
-3178.0485636276358,-5.413205205801653
-3178.5944981831094,-4.867172035399316
-3179.1612128869833,-3.088515830894508
-3179.7592467672603,-2.239341696311957
-3180.381615344833,-0.5787542297658587
-3181.0169504777714,0.4396566622059135
-3181.65295071992,1.5648066570419004
-3182.296429790459,1.1457941934292748
-3182.9412130341566,-1.338688173187961
-3183.5806989372,-2.100444741359444
-3184.2255792246724,-1.932507722760123
-3184.882981124294,-1.5874022772424936
-3185.5418410224493,-2.1151682473636684
-3186.1960904229772,-1.9023568532397133
-3186.848968539179,-3.043049026980172
-3187.4755252416835,-3.3708093253304856
-3188.0771956870894,-4.495699868815546
-3188.6713045513457,-2.9717354414154107
-3189.2653532091795,-3.381815842828305
-3189.8564667077103,-1.9109319393980169
-3190.4672396296387,-1.87260430104156
-3191.0763525439984,-1.4644368734371822
-3191.6866555460874,-0.9721270214716344
-3192.3012349901887,-0.4391078086110125
-3192.9191860126543,-0.3364980996904679
-3193.5436372513796,-0.9681916692674302
-3194.16319526817,-0.4904190282221579
-3194.7779853113316,1.8054648438525371
-3195.40375780468,3.123005216884633
-3196.045292305394,3.5354506718862115
-3196.7063574599747,0.5618645922175172
-3197.3899264280635,-1.935540334819386
-3198.1058857457047,-1.9985685484264224
-3198.8385541689245,-0.6611068725189265
-3199.581229539463,-1.616596059897363
-3200.3312171755015,-1.5354106069104645
-3201.0958229749704,-0.5322222600648909
-3201.874797298625,-0.5133009793276734
-3202.6655336335343,-1.223743594881447
-3203.4720757599716,-1.414230403729857
-3204.3083521115586,-0.4656344060459212
-3205.1599692276695,-1.0857717151657202
-3206.0305073072614,-1.6014592049779
-3206.925853823554,-2.675095224003155
-3207.8312520452196,-2.301558529537248
-3208.7641734098934,-1.1760305790266148
-3209.731390003347,0.8617806745621026
-3210.7347424926616,1.2616969582161253
-3211.781634057765,2.033791260173768
-3212.8710240457,0.9169713151510714
-3214.011398705061,0.5408125599171519
-3215.20377038713,1.268141922327187
-3216.4442136931084,0.4045487001684023
-3217.7183439543574,-0.5299151109368421
-3219.0208006479993,-1.2472637788930596
-3220.353738737265,-1.4785906772202797
-3221.7187865046967,-0.1453131136309819
-3223.1044269081253,2.0407776000510074
-3224.511047708381,4.101224827007503
-3225.9236949842402,3.08678656604353
-3227.334057172584,1.0509772343403785
-3228.752330464771,1.3554082440645598
-3230.1655880633966,0.8700049643073693
-3231.566623617029,1.1745485743379347
-3232.957833178431,1.3939499766899357
-3234.335040966707,2.572766339992985
-3235.7019645923765,2.676101563566744
-3237.0682169181064,3.28660663421814
-3238.4432656241297,3.5560689237442613
-3239.817345274253,3.701936874070989
-3241.189871167196,2.817148989207568
-3242.558947029738,1.5034577229695216
-3243.938238813907,-0.0059609690805622
-3245.319302435419,0.1123938230743595
-3246.6827625910546,-0.4624451765382593
-3248.0461521777675,-1.1859486887884187
-3249.4174944631995,-1.596972156545083
-3250.8055812150296,-1.4748360968904446
-3252.2116492743708,-1.4025740536980518
-3253.653288282259,-1.7758501471729031
-3255.1191864033012,-1.9505339697815167
-3256.5980853986557,-3.072952804060729
-3258.0984736801956,-4.097984556485299
-3259.6102524957623,-4.431036061400357
-3261.1260532688543,-5.1362387153874725
-3262.632487801265,-5.726403620615494
-3264.128525454471,-6.149966482314323
-3265.606023051592,-6.449582804954217
-3267.073412114269,-6.991901315872031
-3268.528330926304,-6.979107484012207
-3269.9592764382605,-4.751300852267686
-3271.379096709326,-2.6771364232865618
-3272.7960535364273,-0.8586919962150954
-3274.19935484527,-0.1923247938032168
-3275.5849649021384,0.8610822342817134
-3276.963279689284,-0.0236329616525303
-3278.3182987633736,-1.3912939536065108
-3279.6300749444263,-1.184439813439276
-3280.910048566387,-0.180115220401244
-3282.1675351279746,0.5916623958017397
-3283.4015688637796,0.1637664453249954
-3284.6137352204532,-0.8882172154198752
-3285.8157188689074,-1.647087317510719
-3286.9980499548155,-1.6613321968631427
-3288.1699955459567,-1.8672650307123004
-3289.319720315849,-1.784422578299283
-3290.4639825594245,-1.552236688439361
-3291.6200438459596,-0.9325008145526956
-3292.7958501185312,-0.7177320412902171
-3293.9862804620507,1.0175044580205097
-3295.191292043188,2.8278275328420603
-3296.407832018305,2.967818749772775
-3297.651906824187,2.5892293386727707
-3298.927395864394,-0.2835095276563555
-3300.2269498279115,-1.400203788429954
-3301.5319544099766,-0.7522005150986744
-3302.8226791693883,-1.893033664566519
-3304.116702346718,-1.9390363524871372
-3305.399657851465,-2.514422474153288
-3306.6777334934345,-2.395733902265859
-3307.9567520639953,-4.687746428715208
-3309.2147249751515,-3.760826831209349
-3310.453010287285,-2.590910696128547
-3311.6875654081073,-2.9601937080252565
-3312.917958708517,-1.1322298156112334
-3314.13330772261,-0.9842967575686076
-3315.326869809818,-0.1020503567589104
-3316.5178513608944,1.0906854373769013
-3317.712690034977,1.4760673905983426
-3318.9138904270712,1.114578530530589
-3320.114072723174,-1.0225233401891576
-3321.3111703702443,-0.5700604933699283
-3322.512791931958,-0.2451079412499563
-3323.7122780247073,-0.2968176473403345
-3324.9065577276288,-0.4706528970928646
-3326.111714603506,-0.9396247531207468
-3327.30853937517,-0.4379656623527606
-3328.491818332627,1.5912404818253976
-3329.675071475445,3.853485005609304
-3330.8580684451204,3.5718866582797766
-3332.04436965518,1.4062944459085265
-3333.247089557392,-0.6148587521381705
-3334.447407616428,-0.078299342256167
-3335.617383694299,0.3535038212826719
-3336.7560521603145,0.4796144261473061
-3337.8629506148986,0.965546695186052
-3338.932663938165,2.071238224316132
-3339.966327454755,1.1120032765619008
-3340.975045530728,1.6919213526279655
-3341.949523122238,1.559778421905027
-3342.901758762577,1.2988117547938465
-3343.8462941394737,1.2165909302169582
-3344.7711645912473,0.9214778207634088
-3345.6757089895414,0.6151539614634689
-3346.5484577378616,-0.6892114142465982
-3347.388697779475,0.3958981362776055
-3348.203082040422,0.1697905852064509
-3349.011262154973,1.407148974593367
-3349.8093070976774,2.718878817507816
-3350.597327760537,2.915949981197953
-3351.376116035172,2.250009718444854
-3352.1515994366055,2.567429436944566
-3352.9371849767963,2.059746980193303
-3353.7263026959426,1.165086017259657
-3354.5137939341707,-0.113255225602061
-3355.293709913191,0.1751761788702048
-3356.069096455183,-0.8531161158087947
-3356.8148893057273,-1.8220972436990293
-3357.53922937019,-3.5527745427732143
-3358.241012911135,-4.858338782462478
-3358.9196114770753,-4.125218300259776
-3359.599719017841,-4.07934955054509
-3360.283343201138,-4.715949848598333
-3360.971401356085,-3.7754915717990096
-3361.6656568212047,-2.5443843453317228
-3362.370329183117,0.4399240321396114
-3363.0732263030436,0.7814794165996878
-3363.778377951945,1.264035928713432
-3364.4884337433086,-0.6389575939133194
-3365.2157501132797,-2.140650337334554
-3365.9437547434195,-3.101451317745683
-3366.6586634646997,-1.4576219928753138
-3367.350291881024,-0.8489052212980615
-3368.022438950822,-0.6196174629002849
-3368.6840863834163,-2.8879639356881377
-3369.3392658186212,-3.6108316922094414
-3369.9895442774964,-4.581196844882885
-3370.6401220045013,-3.6253026003411546
-3371.284759711324,-2.7114136558523643
-3371.9161159302544,-1.9351369310878144
-3372.517584376968,-3.0605580561006507
-3373.0987560934755,-1.5141220224255698
-3373.6692644604314,-0.8741020289910266
-3374.231012236816,0.4422827400721994
-3374.794258391667,0.5824615166754175
-3375.3584886858876,0.3721177325617926
-3375.9158049595944,1.2724927006750515
-3376.4810771361967,2.410740588603027
-3377.049581663961,3.3758716717129533
-3377.624037845757,2.6999305442136863
-3378.1989056621283,0.7718494197671226
-3378.747539350066,-0.4428503170939624
-3379.2687243858627,-1.6337828431616297
-3379.7626863597206,-0.1433841297996261
-3380.216352976701,0.943262292504274
-3380.640466125536,0.5221964815855755
-3381.041257967623,0.2092781829811433
-3381.424158327526,-0.1854871280320572
-3381.8027807620624,0.855853682180959
-3382.175553729285,-0.8397018676768204
-3382.531769132176,-1.9834103991979632
-3382.884153643202,-3.298436389155663
-3383.246495869534,-3.150516241695183
-3383.621234081298,-3.426368530648009
-3384.0062866797293,-4.357602851750496
-3384.4052559217353,-2.918841242404977
-3384.8189252800603,-0.9404690432737502
-3385.247144387944,0.5870027238480418
-3385.692777735602,0.7120862394183263
-3386.1422143106997,1.2034908409778564
-3386.605215840128,1.1927708925803011
-3387.070795020743,1.358762688048576
-3387.515071798002,0.6043485438638102
-3387.9445647109055,1.005458693888686
-3388.3618666872508,1.1548279307265432
-3388.7608411408555,2.6324893942705643
-3389.1475933526476,2.653611850546863
-3389.522409589365,3.174439494378814
-3389.8866394125785,4.096407471705774
-3390.2427478137856,4.347950151822612
-3390.601357642758,3.7318620944917233
-3390.951192766128,3.3115000845048823
-3391.2891875947857,3.318487199930445
-3391.626002147959,4.351735081894402
-3391.9694911899483,4.495845014508176
-3392.319032917565,3.785412593547708
-3392.660427129505,4.077431331902099
-3392.98435638881,3.621502033190125
-3393.30703165931,4.4141743523731165
-3393.655838683128,3.631872631386887
-3394.025752937008,2.8878285086585738
-3394.4112381697246,2.619304000810262
-3394.830021176333,2.382186415822187
-3395.2729929175985,2.4653004926271125
-3395.7313063495026,2.4416536349657667
-3396.206642644175,0.7146132101077278
-3396.6798398101932,-0.5327554363329519
-3397.1627396535932,-0.2515533220695367
-3397.6529147999386,-0.6352481796016987
-3398.14420930474,-2.634214546284876
-3398.661535777131,-2.07857902328208
-3399.204683350111,-1.4485413496848416
-3399.771101227452,-0.908137727611851
-3400.354780507261,-0.5307801174214677
-3400.956733808333,-0.1640606766309789
-3401.596627245765,1.010977229723715
-3402.2600327068826,1.8415981897859508
-3402.942074826222,1.3556274717361614
-3403.6397695711526,1.8398173499981656
-3404.3401524176734,1.8735765207408095
-3405.0368613055425,1.4656461946352874
-3405.7265994557633,-0.2947736221900516
-3406.398267765538,-0.5363272877112331
-3407.051782600553,-0.9112635201666692
-3407.695814634843,-0.1242568275610481
-3408.3258010593036,-1.5920382548582488
-3408.9389247162667,-1.8946209299141448
-3409.5313244683443,-1.193480274654184
-3410.0910393241593,-0.7157798611960953
-3410.622004353709,-0.7597898479550192
-3411.130065119569,-1.5065429027203
-3411.612165121558,-1.3431179620295517
-3412.0761169913917,-0.4272507696956251
-3412.5282103586496,0.0595745480371777
-3412.967315740625,-0.175229331033908
-3413.392846308176,-0.9256868046649104
-3413.8048785394167,-0.5397874679893098
-3414.1982616436344,1.1308866772034505
-3414.5829654236873,0.8020118920028995
-3414.9655024770454,1.5307701697220713
-3415.341632263888,1.9661150761960395
-3415.719436347926,1.223044561169097
-3416.0947821848144,0.9499950617928138
-3416.4559192118477,1.829931225592679
-3416.8023592273676,2.26490918756467
-3417.1224584512547,0.3409026801273196
-3417.430475469442,-1.5815517770200032
-3417.7286926652196,-1.984499209508388
-3418.011552669368,-2.3355488800354154
-3418.292118004267,-0.9531926428373556
-3418.5706610630887,0.0977730034516057
-3418.8471843323314,2.0628701728708374
-3419.1176392278003,3.053110747546339
-3419.3777109770103,3.159059540519056
-3419.6224816430617,1.677485269115916
-3419.8410019705257,0.8061743326007196
-3420.0412260685202,0.8051728801600007
-3420.2295381046692,0.6842950005609897
-3420.4071300278083,-0.0037804384632605
-3420.5743682019533,-1.4890948071063836
-3420.742157588756,-1.798340684749263
-3420.907194485507,-0.7550687785403216
-3421.074365246216,0.0400079673861063
-3421.250522227283,0.2475897740410557
-3421.4463494220117,0.8575142773873303
-3421.6540263807788,0.7310686061093614
-3421.8904601090344,2.34551534903742
-3422.1424000112906,3.852238050714377
-3422.4077228619803,3.2647754168986167
-3422.6845663062913,1.7841926790594829
-3422.977281370733,0.208913489085096
-3423.285779575883,0.5295881693483875
-3423.602409414406,0.811211808343165
-3423.929147441087,1.127195875758969
-3424.2582910966516,2.070113238611024
-3424.5894216681736,2.587641872029669
-3424.9103076409137,3.088350011569233
-3425.2236018885073,3.2487957383467734
-3425.526207032898,3.1259301114397213
-3425.7998988119884,3.7435341427116473
-3426.0624928019265,1.050029309511118
-3426.3119580676084,-0.9687655791866554
-3426.544662554726,-1.7241283437906894
-3426.7720388197354,-0.3540641035702789
-3427.002898261407,0.4825664984948805
-3427.2340692537214,-1.0215073119968778
-3427.4836547370096,-1.4222090626596184
-3427.755816152521,-2.787285221895096
-3428.0364014538286,-2.4379247392614327
-3428.3295731828734,-1.05101100148932
-3428.6466018401325,0.5773272828352582
-3428.9935113811857,-1.913082322314995
-3429.367358179287,-2.94830488432566
-3429.764652849854,-3.6414722121509167
-3430.168095137604,-1.7491539115986985
-3430.5847497628097,-1.757730287012094
-3431.031082437857,-0.5563422811780928
-3431.506444850802,-2.608798460163489
-3432.0072090484346,-1.4233636245563197
-3432.52059706299,0.9433426891621391
-3433.0558890779744,2.48882302362917
-3433.5967933215743,2.906635465151413
-3434.134501471772,1.3373786625609445
-3434.697205193212,0.2368143205430886
-3435.288460857178,-1.03561695002113
-3435.898530946819,-1.1369321201059608
-3436.533879234229,-1.3019794285318982
-3437.20844288669,-2.2352784116689213
-3437.899707442536,-2.202472417135721
-3438.612292293936,-1.3540612926804518
-3439.3401586424047,0.8718436529854541
-3440.0695180247044,-0.0762229871452782
-3440.810599012943,-0.8089663403101561
-3441.5621077552723,-2.8597240615088357
-3442.3221000226554,-3.4223251581329364
-3443.0978121897983,-2.346222107247028
-3443.88754251886,0.7378500930555303
-3444.689302051307,1.9623309245428104
-3445.5067198826678,1.2411576833566174
-3446.325521355022,1.3175095392955425
-3447.134577864502,-0.0235040715966161
-3447.919900636201,0.5026091203314036
-3448.688025646279,1.4166338498739734
-3449.445221225934,3.02959721599521
-3450.214601590582,2.739543562717465
-3450.9888831999165,0.8050447599435071
-3451.7465224387797,0.1048677472190648
-3452.4830068637125,-0.2591382962049466
-3453.2076244540594,0.4236111574062793
-3453.9071868601104,-0.3858850280554948
-3454.5814332288637,-1.0333495431974216
-3455.227092979093,-1.2491561607090058
-3455.853987261898,-1.402743990012587
-3456.47059598442,-1.6995040644988246
-3457.073219493947,-1.4567704198884963
-3457.657793178603,-0.1698661774336604
-3458.2208322911347,-0.8688281460831222
-3458.7501158116193,-1.4098642171335427
-3459.2690943536554,-1.4347841423335077
-3459.7854488831044,0.1915427651253509
-3460.29942680184,0.6217035859381214
-3460.8049884661236,1.3623373541174526
-3461.295514375011,0.5835521501011464
-3461.77203993267,0.6188559745117928
-3462.2512072835298,-0.1565259922801949
-3462.7427733682657,-1.793053137270669
-3463.2200132089333,-1.4442695052528056
-3463.688042766886,-0.1257015792007556
-3464.1539688437806,0.8929565031427595
-3464.6014033873535,0.1793048904830898
-3465.0216281455064,0.1358201947296097
-3465.421787379782,2.0528220434983746
-3465.8066292031085,3.0530381458689644
-3466.186121481555,2.5420544485750414
-3466.559988552744,1.3991638104230626
-3466.945778040269,0.4218796068200917
-3467.3500925562785,-0.5620978545896604
-3467.761405603785,-0.972710766906384
-3468.1776579710186,-0.4300133414682074
-3468.602635195834,-1.5982717195038254
-3469.046287459419,-1.110633059926743
-3469.5094895401576,0.7864335111283454
-3469.993467197834,1.746683149970896
-3470.4852227727274,2.1079261380702867
-3470.9763030310323,1.120140108708982
-3471.4663635782,1.3497867750773098
-3471.9461057516874,1.7829718956978478
-3472.408458318091,0.2685951609624388
-3472.865813360833,-0.3691504024407167
-3473.3238486110727,-0.5576474079551283
-3473.779813695437,-1.2366168448322048
-3474.237343029857,-1.071304737743441
-3474.686386758066,-0.6065286263198606
-3475.1239408403103,-0.2882457092562196
-3475.5403113180228,0.4629892598085849
-3475.9404698683506,0.1394011285766286
-3476.3242071366476,0.8748461623668436
-3476.6916635690354,1.2255497533991977
-3477.0513294337857,1.5013601102730558
-3477.4154495007188,0.3133179373877411
-3477.8102593582785,-0.7370746237729771
-3478.232563884773,-0.6013468576963681
-3478.679512059009,0.3528713307999418
-3479.139495254027,1.9236876825773657
-3479.616961332121,1.0081014500416503
-3480.12423923403,1.2901600688177923
-3480.6418881372674,2.164504650890428
-3481.154708884802,3.271338838727857
-3481.6460266156914,2.9490749304223884
-3482.117349357565,2.93089139514935
-3482.583029748841,3.177757914843488
-3483.0618243703507,2.0507235756517908
-3483.543875914665,1.0249719315888812
-3484.0107173000006,0.2785032024903767
-3484.4520376583637,0.321651783420072
-3484.8788736854963,-1.9150860982241904
-3485.2855732119133,-2.230463863064074
-3485.6700434818404,-2.908324983884106
-3486.0389328040187,-1.1684146697618596
-3486.403721478654,-0.2384769918697444
-3486.769112861794,-1.144820943715268
-3487.1327842996134,-0.4449580756372548
-3487.501370709448,-0.5726234083122578
-3487.8890595246935,-0.1311216895626376
-3488.288731855531,-0.6787733679659304
-3488.698014226228,-0.033563693810412
-3489.112310582311,-1.4484438506931927
-3489.5125127251454,-2.445447255326676
-3489.9011751406433,-3.0735325493659893
-3490.2836676307275,-3.16684235827389
-3490.6583816469783,-3.985809654215286
-3491.02525786726,-4.693727202725613
-3491.3879141887714,-3.2251289286936986
-3491.75043513599,-2.3237472868851263
-3492.1099377667165,-0.6298887303622182
-3492.4551396652123,-0.0148266138471311
-3492.7940483520338,-0.7941201885138144
-3493.1179508657788,-1.642529652283392
-3493.429248681304,-3.679728624655194
-3493.731610948853,-4.101055982693398
-3494.033766779692,-2.9861084183330275
-3494.3239407039105,-2.468801846322166
-3494.587673269261,-1.7129376838609047
-3494.811782080456,-2.4864006469462527
-3494.9856549092165,-3.621903732644011
-3495.1334186093877,-3.051114576427936
-3495.2545018513515,-1.3960639037654583
-3495.3435432271494,0.9114528863295476
-3495.426844002602,1.284022030638562
-3495.5050330001245,1.0013967301061912
-3495.566321819935,-0.6752849645447124
-3495.620306684449,0.4490998545428522
-3495.6794923007938,-0.1337753915981868
-3495.7469874300846,0.5092746312551955
-3495.8194043371186,1.2316941189006068
-3495.9052713969018,1.9226562186709204
-3495.9902677001846,2.262835168389127
-3496.05896064422,3.0486621895212407
-3496.1264918813986,4.8615625136526965
-3496.189959911314,5.688089920510252
-3496.2332340498833,5.549231113904418
-3496.270400224631,4.026968764100975
-3496.2954938752387,3.447979107479366
-3496.2976777805056,1.6462730754370345
-3496.286911284238,0.6708394699180413
-3496.2599390370265,0.3796248650725101
-3496.212559340429,0.4666696266095207
-3496.128349834127,0.636205517795593
-3496.019077051396,1.4127396778368664
-3495.886324009281,0.1912919675071842
-3495.7381780760675,-0.2056883013971427
-3495.577149472014,0.2596968482436815
-3495.4030294679687,0.3722086430293865
-3495.20690356805,-0.197165327929383
-3494.995206453914,-0.255728251435554
-3494.765735787892,1.3551750386236496
-3494.5054027826923,1.9154281884919355
-3494.214085919218,0.2596850962237729
-3493.885616108653,-0.7032332332054057
-3493.52913815884,-1.8498895341898096
-3493.153417538716,0.4086997849592828
-3492.755398447213,0.2418851066011971
-3492.340688510307,1.1247622248428648
-3491.891803888458,2.225251091005192
-3491.4203394888823,2.324936014175796
-3490.9425900034516,0.9465568843149812
-3490.442294694031,-0.1702830756568307
-3489.923723790321,-1.982559431119661
-3489.4090251234084,-2.6300362258954664
-3488.8887730608767,-1.7999583496942158
-3488.354391131932,-0.9673466572339008
-3487.804452649415,-0.0815463375623339
-3487.232966644725,2.358337991752035
-3486.650392394722,3.8039502265215592
-3486.0644161032255,2.1383409947016974
-3485.478752371792,0.66291393889841
-3484.882149239677,0.2631397150579082
-3484.2852375610573,0.2035405971303371
-3483.6759323444235,0.220990711101615
-3483.052022771582,-0.1959806123339969
-3482.424749305825,0.229310511076371
-3481.781825059289,-0.5289452191775024
-3481.123115785576,-0.3250177274584545
-3480.445118522385,-0.0592463499775779
-3479.749391659086,-0.4265510598913257
-3479.067881441264,0.3540058390142089
-3478.4138048524383,0.9512473143657734
-3477.781788417679,1.857027243478869
-3477.1686731884147,2.267678398320184
-3476.5617498373513,1.949083805563668
-3475.960531064863,0.4179563364921144
-3475.367050827868,-0.4785427536019655
-3474.7699881664003,-1.4675329388724443
-3474.15984894809,-0.6695268563836161
-3473.527142149143,0.5086367739371164
-3472.8805488867242,0.6365064706821033
-3472.2178337382143,0.9526219016201312
-3471.5333944565555,1.6997210819926694
-3470.8460547273767,2.3566510393111053
-3470.1528573575115,1.6337253887298715
-3469.4519369971704,1.86499306995946
-3468.752340951072,2.3989999529669657
-3468.0393677093816,3.878609829492105
-3467.3190461239283,2.82637408819404
-3466.5993141813706,1.724361481224362
-3465.876563866975,-0.190805688031115
-3465.1517869433974,0.2474561571211334
-3464.4120857958706,-0.8755818142239014
-3463.659247016839,0.833917444988828
-3462.90171448773,3.2567452337382647
-3462.146801698484,5.999107543376999
-3461.4057966082028,4.981690433384341
-3460.6709176718464,4.609789228348729
-3459.9408050314833,4.376161884036269
-3459.210606194099,4.148394122903034
-3458.4907663864487,2.1026848309308086
-3457.783156860164,0.0712978156872969
-3457.07962633367,0.0929603130898415
-3456.374230919406,-1.4640609050540332
-3455.6698586336834,-1.5510479633682803
-3454.9581317723846,-1.5202287032246558
-3454.2306119167683,-1.6277630185308336
-3453.4793405125415,-0.9889575027127584
-3452.719657332038,-1.864550232816041
-3451.965339565268,-2.420555353047817
-3451.225426162392,-0.873906923214272
-3450.49499807131,1.2884433767876198
-3449.777239841124,0.7166902673168685
-3449.0509292314932,-0.1760628047856977
-3448.310484785745,-1.4091384287066526
-3447.560383084683,-0.638479428279722
-3446.782634572374,-0.9044448569626992
-3445.989993632113,-0.9500581634677734
-3445.196182027195,-1.80603991606301
-3444.391394300389,-1.6905930815518673
-3443.56069528462,-0.714445153008806
-3442.7001608763253,0.1173801073624288
-3441.82090777671,0.9999804615326284
-3440.9270710493383,0.7267513831835627
-3440.0189128077245,-1.8857453866234517
-3439.1111550940122,-2.875406385930177
-3438.1950681422586,-1.2379648344283112
-3437.2737597962564,-0.004951701930445
-3436.3394561429513,-2.067577966834945
-3435.3886652051187,-2.8875125364434653
-3434.420930188218,-4.109611603206686
-3433.4302303899863,-2.951779887316787
-3432.433682235583,-2.417108629124628
-3431.435468305704,-1.3104214630683475
-3430.4343814798303,-1.4584034934667378
-3429.4154142144725,-2.7891410226032565
-3428.3621489848674,-2.4215450597871677
-3427.2779446038458,-1.630757918907538
-3426.1751185923968,-0.3451722821680272
-3425.0625095439163,0.1201681202287304
-3423.9556411943886,-1.345503213942138
-3422.8367939425307,-0.0386265713117768
-3421.7060293449645,0.7236396752321723
-3420.5469970393247,0.8094064883599993
-3419.34325604992,0.0817341346639104
-3418.096531610725,-0.9577342432150362
-3416.8042240594873,-1.596894927919564
-3415.486007740117,-1.2466107905689203
-3414.1475147638507,-1.3420018835050902
-3412.7946733122353,0.5573050037518212
-3411.4412080334237,1.2503093381831556
-3410.083249414125,1.2687116776851346
-3408.7210214336537,-0.1725727368493673
-3407.372812443788,-0.3572965091355315
-3406.0403718884277,-0.7759599858566023
-3404.717673483244,-0.0804371445818871
-3403.4136224239055,0.8463875089343836
-3402.1086418606587,2.504142236396236
-3400.791553940357,-0.4345066715962211
-3399.4701743377054,-2.927536057973783
-3398.136652340706,-1.2136676680989231
-3396.7964035971645,0.965222276865754
-3395.4660106884767,1.8536708377182
-3394.156184396244,1.5248348418930808
-3392.8658930613624,2.637636272025735
-3391.582313776931,2.1520305142325498
-3390.3021979426367,1.7107538693048838
-3389.0129916663927,0.5932173327791171
-3387.6995066495256,0.6602537324356619
-3386.3740708743458,2.4562455296176333
-3385.0410108577917,1.4682398008479849
-3383.7141963929244,1.5549002678949717
-3382.3812721756726,0.7390310837078314
-3381.040895560592,0.8462452881946474
-3379.6813791201016,-1.4019262832244488
-3378.307354408148,-1.8387547577590733
-3376.924519846298,-3.114094381871138
-3375.553187975785,-2.887201567271536
-3374.2002345801698,-2.5972796064478256
-3372.8621760885403,-1.8858168146407932
-3371.5462733453865,-1.5052441717476537
-3370.2553239223917,-0.3526397841640079
-3368.999432147852,-1.6256848877303298
-3367.7763197845447,-1.4040023215149715
-3366.567510211082,-1.823984998994128
-3365.3595574226983,-1.546312876194765
-3364.1557629106633,-2.794019513040136
-3362.9349321568916,-2.7502417430278765
-3361.6937521961045,-1.0963448363178694
-3360.437738430713,0.1105150626114271
-3359.1618327189562,0.5740326141088095
-3357.8564265873783,0.6151028707899073
-3356.5338973391163,-0.2661451387164353
-3355.2092066754863,-0.7519391371832537
-3353.8862131278697,-0.6095624012864141
-3352.570423930802,-2.3514850395463007
-3351.2627205722047,-1.4310706875979633
-3349.9758795822054,-1.5375215865042606
-3348.7139320445012,-0.9471590319713976
-3347.4590571535336,-0.7360264740421647
-3346.204418010302,1.397157907892023
-3344.960317145214,1.139598063571748
-3343.7229875333965,1.0947979776692385
-3342.4846770233557,0.0405212910173049
-3341.248342921018,0.2375724094954514
-3340.009076785449,-0.3739085048055243
-3338.7664684396477,0.1775777071805394
-3337.5115302577806,1.129816242313749
-3336.2481409331986,2.484770017857901
-3334.952502992575,3.3637341669068457
-3333.631684160952,3.084884643753237
-3332.2914181694614,1.8976902644486635
-3330.9327803647507,1.22351963843236
-3329.5582892313582,1.4201972518106762
-3328.1599508565973,0.6614314655065893
-3326.75916025195,2.354363945890772
-3325.374655778218,4.291157330455507
-3323.996337099543,5.256148631263298
-3322.6333715928868,4.665863918445625
-3321.2896237329455,2.5669353986691723
-3319.9543558059067,3.7336365036838335
-3318.6517699100505,3.3371874558054277
-3317.3943696697024,3.3191703667672443
-3316.1769057060847,5.096760518893852
-3315.0089235278206,6.178566985109183
-3313.8875218397075,6.983681324489709
-3312.78806143965,6.801453507402956
-3311.7012480957087,5.198804158358183
-3310.6397435257536,3.3318403463365884
-3309.607923976146,1.2936261787014742
-3308.5928506030345,1.6227351767211418
-3307.600887507586,0.6030766128587792
-3306.620598418897,-0.6540121591976523
-3305.6681012136864,-1.820397228686558
-3304.737305037784,-1.8067936267582207
-3303.8319736821913,-2.0747722420192547
-3302.956753426432,-2.660228443318632
-3302.0871882644274,-1.342042073861799
-3301.2316548536046,-1.3337493920677088
-3300.397887369374,0.9875538644222286
-3299.5775131502414,1.769953860835853
-3298.762022591583,1.3021866219658893
-3297.9586667381536,-0.9652565772468484
-3297.1568957413033,-2.2531554812445296
-3296.3666893262102,-1.7681006634826977
-3295.5780756919125,-1.645472511327728
-3294.7973986395973,-2.7575141278005493
-3294.0249502800825,-2.868527876182186
-3293.252827863524,-3.930708703522916
-3292.4626845252683,-4.755446889460386
-3291.662378470936,-5.499272667749389
-3290.846594542203,-5.437058846068942
-3290.013612857212,-4.0317001643250325
-3289.153487799364,-1.7822215182106418
-3288.276498768083,-1.4273681681898394
-3287.3882550183052,-0.8122444214380797
-3286.482145925632,-0.8181633994523141
-3285.5584075529036,1.2406716709141377
-3284.620475016633,-0.2612568406344784
-3283.6695790104395,-1.730674757596527
-3282.7008349667663,-2.2470273676522594
-3281.7157166702887,-1.0953702412165165
-3280.7098110068414,0.3319488045972983
-3279.6886490183265,-0.1676722146435045
-3278.6563036157986,0.2561044571933219
-3277.594901921712,-0.6277990927395559
-3276.503516781439,-2.087305573787041
-3275.392856485044,-2.598723855105334
-3274.2600229500163,-1.9294571797617843
-3273.087659245465,-0.8555456040396443
-3271.8825342836494,-0.2719008045883236
-3270.6512701238075,0.281235066472503
-3269.3978577110875,0.2217814167815033
-3268.1271069544932,0.2563206736909664
-3266.840906450861,0.289973396354797
-3265.5421212145625,-0.4251765934549032
-3264.2312043850247,-0.1245019214900705
-3262.916301344564,-0.4623753200295655
-3261.583663587347,0.0922887594293127
-3260.2494465035597,0.3814065735602953
-3258.907110164238,1.7688674926297212
-3257.544646385417,1.9736637696363768
-3256.1699621098837,1.0213849831744606
-3254.775738785372,0.2641417634808644
-3253.3595366863237,0.4050680198252055
-3251.935491999879,0.9318150703397748
-3250.497123171335,0.4508823354693267
-3249.054770696201,-0.6321056104150237
-3247.617264363073,-1.240018851068721
-3246.1675828812176,-1.5187372142505424
-3244.7189848885355,-1.8644379801469768
-3243.286079567892,-1.1185372456978395
-3241.846892048363,-0.1870783095571809
-3240.3993631970225,1.2339778468895883
-3238.9569319480574,2.6021711441797177
-3237.5202063972456,2.4481988651719298
-3236.096629040486,-0.1296444207113638
-3234.680543347789,-4.166109240721314
-3233.2628952287405,-6.52763555748905
-3231.8337495226133,-6.9975988291111735
-3230.3885542576218,-8.076177456334726
-3228.9517592763955,-7.986100559468089
-3227.5331138627516,-6.696773329403306
-3226.1220207894116,-5.816323323332443
-3224.719157638331,-5.436461198489132
-3223.3361467700843,-5.257944365280243
-3221.961672096561,-5.332568347050173
-3220.5690998445666,-4.926224107311581
-3219.1772627895066,-5.1059239170167325
-3217.7910704187,-5.623835605549233
-3216.4022555085726,-4.626150642022405
-3215.013841800415,-1.967708364783462
-3213.6312181586186,-2.226528644579054
-3212.227275837785,-2.047571219177424
-3210.8055142544345,-2.404940017822016
-3209.361945492086,-1.7471879746655214
-3207.9057699017167,-0.9957648818790976
-3206.4468770282942,1.036524026513099
-3204.9768182964804,1.803060395754404
-3203.4900251102795,1.3232311024171992
-3201.9894649935563,1.6067720771671763
-3200.482223176224,4.295878396680471
-3198.9806906146932,3.569378231065307
-3197.489467080997,1.993047034463125
-3196.002412044411,1.714860347891168
-3194.511731829777,1.8267541903516695
-3193.0146103908646,1.9085828128505689
-3191.515311305872,-0.3666185454831505
-3190.0164932979524,0.5152944374734834
-3188.5267906378926,-0.1495488798572338
-3187.0430370996323,-0.154087806503028
-3185.561537406092,0.7285798630130307
-3184.070564737197,1.615068930696787
-3182.5862050654405,1.0751043953119497
-3181.1125840522022,-0.973658729006764
-3179.6522336470352,-0.8169251796133504
-3178.205834502938,-0.1833591626553123
-3176.761185626269,-0.6199454194103107
-3175.3210391458797,-1.0032056868514376
-3173.8823772195415,-1.4582044112821098
-3172.450956172354,-1.707647264698775
-3171.0222189621923,-2.8210603878365426
-3169.5799187381867,-4.557538005599804
-3168.1266089473547,-3.179135214633608
-3166.666739895117,-2.565621717343082
-3165.19983401251,-2.080514137589486
-3163.7305783707625,-3.3993051449112093
-3162.243566988999,-4.298410276017988
-3160.7587374199,-6.567143624852639
-3159.277604655316,-6.579915742034434
-3157.8012181214267,-5.831969203150124
-3156.3348261423134,-5.198472201142407
-3154.8759604357733,-5.426223465875143
-3153.40551326829,-5.912030044031874
-3151.925737439634,-4.910376919154579
-3150.4545736913446,-3.441120167508795
-3149.005795653221,-1.6681808035044634
-3147.582451633928,-1.8191312428052897
-3146.170051134075,-2.366874648458438
-3144.7689552996776,-1.11350119368338
-3143.3759475714714,-1.1645578151951326
-3141.980327007376,-2.179130111647925
-3140.5860790854344,-2.2723093062385624
-3139.1936818948257,-2.587266862359902
-3137.809370735528,-0.5178309150214522
-3136.420012876063,-0.326663045051372
-3135.0369028959326,-0.042731991562165
-3133.655317683582,-1.7725042076816484
-3132.2697048547616,-1.7166819165253977
-3130.873330098713,-0.8075020559246818
-3129.4688747993614,-1.301914863046705
-3128.0640983758494,-1.950948439002396
-3126.6720018564706,-2.7228603932865347
-3125.2925648853416,-3.022695922102501
-3123.9442262102575,-2.854628578135029
-3122.601945426259,-2.8198201402691176
-3121.2672155371,-2.7392433616689447
-3119.9508055901606,-1.4616689531915694
-3118.64710958148,-2.078696175668746
-3117.340365301026,-2.836764090406602
-3116.030882684604,-2.156233906120065
-3114.717713887737,-1.748558511035884
-3113.392860522126,-0.749253089987812
-3112.0482353281936,-1.1393797253352251
-3110.684649320631,-3.0364646241963227
-3109.304146164441,-4.680935287163843
-3107.919583354388,-2.6289532217110434
-3106.5296423305263,-0.4503506113594206
-3105.132351128553,1.931540948064888
-3103.7296158930503,1.778935722674041
-3102.3219908345072,1.2065531240249787
-3100.906638908672,0.4436669121052946
-3099.4791958978044,-0.1696335191672586
-3098.0437629370435,0.0662619868382202
-3096.606320740902,0.8711227750522541
-3095.1516964760344,-0.0490980197847688
-3093.6747715612028,0.65456082927194
-3092.1884293479343,-0.561503818690494
-3090.683792749019,-2.4382099484132147
-3089.1571577949844,-3.617082157878719
-3087.623169188296,-3.957577229999386
-3086.0849056095144,-2.43133165300221
-3084.548532942424,-0.6593869652117077
-3083.0322980899723,-0.1125848804066629
-3081.531232849902,-2.0508557564777146
-3080.0202058423006,-0.512369546815008
-3078.513654783974,-1.126230843474502
-3077.0203282394004,-1.7048982532273
-3075.52668597081,-1.9148966154129772
-3074.0403082846965,-1.3307506678046084
-3072.5690792904943,0.6774907187642363
-3071.1144641369033,0.6421763142868896
-3069.666768638722,0.4833116502018744
-3068.214746542492,0.5557041981200112
-3066.7618741534025,0.5066140551549101
-3065.3126095198413,0.135692581782213
-3063.87073912402,-1.6906339450292425
-3062.445114648162,-2.300187045363238
-3061.0409938394887,-1.6790252550233844
-3059.6407728270387,-2.1713381104058955
-3058.245674502644,-2.1519933907496185
-3056.8689299203743,-0.7265010885567829
-3055.4996358133644,1.7092749223518986
-3054.1333570397205,2.6168999906454373
-3052.7541992070196,2.4078718944055515
-3051.3551965335528,0.939241336793468
-3049.9264747815832,-0.423314734902983
-3048.462821467462,-1.939904301794717
-3046.9651183939104,-1.740989798388585
-3045.4511902152294,-0.6752645492738011
-3043.9193453597745,-0.3096229201145304
-3042.3537044526065,1.3104264473335083
-3040.760676491754,0.1293136434761732
-3039.1459892777366,1.0665676694405015
-3037.521037982271,1.4060555764366858
-3035.900437539625,0.8578539015825445
-3034.2725104098167,0.4697350520092455
-3032.626679958786,-1.1974758023064913
-3030.955900985677,-1.214449358919704
-3029.2599188946783,-1.5101017103960697
-3027.5525439643648,-1.7804301831764118
-3025.835797416862,-2.0245406552164464
-3024.0954761156663,-2.503589969182621
-3022.3330096704335,-3.070914328164052
-3020.553868812331,-5.202945144149264
-3018.778375871076,-5.279421348187632
-3017.0168785807878,-5.858438690493508
-3015.2552563171844,-6.0211341500775895
-3013.4950598431683,-5.205370434365684
-3011.7303071500423,-3.924305848249814
-3009.958218355654,-1.9908641070606103
-3008.19307747475,-1.0551274188002149
-3006.4324543722323,-0.1818982016033564
-3004.672669434025,1.5695895609710722
-3002.933209992764,1.7817263261675589
-3001.2255866652554,0.5391648677788057
-2999.5445279259675,-0.1253193201180471
-2997.87975157535,-0.325839529052944
-2996.2384827515734,0.3163260579307099
-2994.60406911404,-1.5973879493815608
-2992.977437892672,-1.3939111710904566
-2991.3533078791597,-1.4884433247622255
-2989.742538072433,-1.037371879897806
-2988.159719685231,-0.6152659541795098
-2986.6122285716597,0.1871241621533724
-2985.0816261043046,1.2111261002861284
-2983.5532944376796,1.2674977156143472
-2982.0213869025165,0.4507933686410595
-2980.488594117274,0.8446240116567733
-2978.9532928197477,1.8325803692485343
-2977.408815212554,1.928321724552456
-2975.8698813125156,0.2933412301931426
-2974.3518295278554,-0.1158129080266671
-2972.8453763556936,-0.0603462081750364
-2971.338599975604,2.1919363067641644
-2969.830268201798,2.914577017113152
-2968.324059661079,2.872265845593725
-2966.8306820733455,2.400060805190648
-2965.3486571801027,1.824303376991697
-2963.875026171951,0.2659414880724839
-2962.4132993913895,-1.859014593473148
-2960.9581825001164,-1.989519053785888
-2959.4965229174754,-2.733012207270786
-2958.010010563579,-0.8446662169098129
-2956.503074401153,1.451841787677753
-2954.97845631548,1.8463363100042285
-2953.4398031814967,1.8567599974663465
-2951.8912029585745,2.3138217065144824
-2950.334487885936,2.458464442860265
-2948.7739719911847,2.993231147960447
-2947.1989031538174,2.843442003044068
-2945.5942080932828,1.6120118234896967
-2943.960000458098,-0.1537927407759358
-2942.314189857556,-1.7302280387401958
-2940.670885569951,-0.9510271662920842
-2939.0245163813256,-1.388488868095272
-2937.3893270243434,-0.622203660228795
-2935.764786734956,-0.1611676466067761
-2934.1363109178415,1.000595928214015
-2932.484959496815,0.8197476647908407
-2930.805263223729,0.6220187896348623
-2929.1127553948404,1.1561416465311185
-2927.4151127549894,0.9917618671842336
-2925.7079067244695,0.3977443294177844
-2923.999645208611,-0.2398220980549219
-2922.2760735838724,-0.4936440791188247
-2920.5312636707736,-1.2216722003942977
-2918.764577314537,-0.2949554735953854
-2916.979791772766,-0.3562201079079773
-2915.187382387607,-0.9688238438856556
-2913.388565357842,-1.6565642285813538
-2911.5681606408803,-3.50451715272541
-2909.7284922171298,-4.016976538540545
-2907.877477710961,-3.448929105053882
-2906.012311180549,-1.9928723634203596
-2904.1255773484495,-1.6800184514013197
-2902.216755115571,-1.7514265225105063
-2900.281473449493,-1.3311696486580096
-2898.304672988014,-0.9850089735460644
-2896.2908056912765,-0.1705613430838805
-2894.242327720306,0.0727169353985477
-2892.169070996998,-1.3150147548175084
-2890.0836806541975,-2.735127901427072
-2887.998263931299,-3.069227787135259
-2885.9254698002605,-2.5893931103770806
-2883.8695718154822,-1.79691985096817
-2881.816754849542,-0.4529995947520195
-2879.763162163299,-0.1621772799799084
-2877.7132917639915,-0.6149720942378303
-2875.665435700135,0.2940556569096135
-2873.634648481773,2.462892303519838
-2871.6256482716603,3.043447944329821
-2869.6427134148425,2.653181090706111
-2867.685067017987,1.4890656210917956
-2865.7247685292223,0.1409294201205626
-2863.7350538062497,0.1251278643285054
-2861.722644113049,1.4478856323802134
-2859.69245950949,3.842410837265755
-2857.655561772036,1.6472213154332116
-2855.60134465114,0.6096238319231689
-2853.531499828429,-0.2146862085998361
-2851.462663953849,-1.17134648067547
-2849.3983243788275,-0.1302610521759777
-2847.325951240516,-0.4204659214715559
-2845.2413042121666,-1.4395024365852682
-2843.1473607925236,-1.5390712116467875
-2841.045127786828,-1.2281627144637968
-2838.9258441827033,-1.805011323490454
-2836.7894470941883,-1.2331086061787868
-2834.6360490882134,-0.7615504768492614
-2832.467614490275,1.1318781907589928
-2830.268873185778,1.3582138450346313
-2828.0447234867165,2.0857082596855907
-2825.8110150319567,0.9400148491985024
-2823.578449416221,-0.108820536702939
-2821.346239192118,-1.0562094203664696
-2819.1067779289842,0.7339343853322318
-2816.8600428597233,0.9773284563252445
-2814.615215482419,0.5348081170058178
-2812.365579826557,-0.0034140719820916
-2810.102844948475,-0.4880609726628871
-2807.8212235189203,-0.4260112219838591
-2805.5307901891983,-0.946828051160152
-2803.2303990790156,-2.213542201148618
-2800.911462663191,-2.570882123440644
-2798.5850612289614,-1.6581845179594326
-2796.256183599894,-1.6129319642623756
-2793.9288133440728,-1.8392797844521909
-2791.610836423452,0.3442362569431605
-2789.3106732063716,3.99549863376326
-2787.0245100779416,6.091316724865621
-2784.748431787594,5.779471526939523
-2782.4744308103195,5.340062466489424
-2780.2154817720016,5.106785761900047
-2777.984009153538,4.366900909926489
-2775.7705414175266,3.4870607306102164
-2773.5676073450577,2.585956635995849
-2771.3691098193535,1.8270336353714625
-2769.1778599320655,0.0771753131181194
-2767.0007205923594,-0.495072180424162
-2764.8240431300383,-0.8782032919481596
-2762.644301511748,1.2460589433195717
-2760.4682805767566,2.4095513252027825
-2758.2997820110095,3.515531729812481
-2756.143994699102,2.252186828822004
-2753.9801479810812,1.6501960739489716
-2751.8121163826486,1.2825382461394257
-2749.642338760277,1.6418509785392283
-2747.446929365132,1.2981347675634152
-2745.2265973298177,1.895293994747167
-2742.972524139731,0.2147754018230372
-2740.7031251709623,-1.3099932092141744
-2738.421143762108,-1.3165143333882476
-2736.1192473657125,-0.1521597125407793
-2733.7944744101605,1.0736927112487198
-2731.453855463677,2.196068697207326
-2729.0960358311063,1.5859587764677925
-2726.7276231719807,1.4320646344873205
-2724.33770055959,1.9844944159319071
-2721.9354100377172,2.89259013313724
-2719.506782748477,1.829402524695853
-2717.049731351748,2.2535567151443807
-2714.59034670906,1.501047600361845
-2712.118434814096,0.8696657713928435
-2709.6289576775052,-1.9513719954236315
-2707.1397854838788,-2.2133507792269915
-2704.660022350344,-1.9122971992967588
-2702.176532296288,-0.7903055827736387
-2699.695215730635,-0.9223530046642832
-2697.217121695237,-1.2731500778853977
-2694.7273294336037,-1.4617892405303257
-2692.224953959862,-1.4046975120788368
-2689.730054110122,-2.205825628040025
-2687.2457190615332,-2.47722762545465
-2684.7603083630597,-1.9695674353992692
-2682.2633010864706,-1.260809874706761
-2679.7614043306753,-0.2011475099377841
-2677.266596215195,0.5527611199944218
-2674.7973896854955,0.2221820826292836
-2672.3517021949347,-1.6951430155421607
-2669.9250383538415,-0.6908886527601126
-2667.5179532869424,0.1159586658677497
-2665.1254944811963,-0.5911288644106462
-2662.7640916043615,-2.275863269515129
-2660.4309301289745,-1.700046178705979
-2658.1233596273332,-0.3705697034297748
-2655.8365290939887,0.7750643634495127
-2653.572308853377,1.4869072249850537
-2651.3133115858213,2.4456638161126785
-2649.0601366729093,1.027536388635965
-2646.7992580607315,-0.1388549246931462
-2644.5341007288675,-0.603958542556495
-2642.265897656783,-0.7555523993120417
-2639.9961940212206,0.4996728645772997
-2637.7149677901352,-1.1863643846679324
-2635.428207482732,-2.7451643632474894
-2633.1307490859085,-3.4264559974499997
-2630.829600016525,-2.390750985699761
-2628.5225923812127,-2.0791692180422663
-2626.214008353529,-1.2219688269773767
-2623.911270784391,-1.424665366165336
-2621.6205088283928,-1.117088733659394
-2619.3478937781747,0.0256679871042913
-2617.092633094486,-0.9553255254969872
-2614.8528521644666,-0.4452594855997859
-2612.6188788427708,0.8014192211219062
-2610.3743444744105,1.0253235105569547
-2608.112673450193,1.8062597687766035
-2605.8432716549914,-0.2115842032913883
-2603.569585289695,-1.6753793106507282
-2601.2947581369986,-1.218414185529023
-2599.026264749152,-0.1848290664808041
-2596.7511212146496,1.8146138736413076
-2594.465905710525,1.493935623877811
-2592.167855329511,0.7157280118142211
-2589.86243443171,-1.2674813237717777
-2587.5619122629937,-2.065239831656876
-2585.2885897512724,-4.084517244170097
-2583.039376531022,-3.6059900651898618
-2580.8158245172895,-3.731130006058347
-2578.615082799491,-2.134710504942845
-2576.4334964325994,-2.0805737936287003
-2574.2703486133505,-2.424973510343892
-2572.1254569633306,-3.671643791912511
-2570.0039943796314,-2.741117393670866
-2567.8994424944276,-0.0120556993776155
-2565.813577421886,-0.32234319927542
-2563.7296783956554,-0.2778402121646126
-2561.6390985846206,-1.098629098709381
-2559.5380061845835,-1.9232944308521485
-2557.409758124047,-5.2925497992206445
-2555.249275490277,-5.6890171874748185
-2553.050992342753,-6.289508943922407
-2550.8149100179567,-4.973470667488402
-2548.5558629929983,-4.525264186500991
-2546.279291656225,-2.142296213647469
-2543.991366087746,-2.406293188948784
-2541.6933272174197,-1.14721553358299
-2539.394571696064,-1.9206851334013737
-2537.1076036524682,-3.199906861960745
-2534.8165293772727,-3.1263794684731967
-2532.5086550708625,-2.8116159687045514
-2530.188380676718,-2.419860090799185
-2527.8733158624473,-3.2915829822576463
-2525.5436839666913,-2.3310952697099343
-2523.1859976788414,-1.9773673260922373
-2520.8120026196502,-1.895065238100881
-2518.4222623418573,-0.9777406343526096
-2516.0030584200026,-0.8646162218908966
-2513.5638136804146,-1.0342162642604926
-2511.117559161615,-2.4655656848645755
-2508.6645942128735,-1.3150106508727435
-2506.2255592917727,-0.3159743512953903
-2503.7964115328805,-0.5463227228684568
-2501.3688866808857,-1.1003389739853515
-2498.9538725907196,-1.4313511640298624
-2496.5513702876788,-1.5815560638358916
-2494.1555364693922,-0.9689288687915452
-2491.7607517649485,-0.2077639237057601
-2489.374135836478,0.9770353672103644
-2486.979581981716,1.5480504356815938
-2484.5781904648925,-0.0909954751020296
-2482.1836174183804,-0.3500998286951466
-2479.7685662311487,-1.0631007825873335
-2477.333184836721,0.0711160068180332
-2474.916747458985,-1.8204969010734104
-2472.5078056466295,-2.1337880918030154
-2470.102887441102,-1.13296690393162
-2467.7014449067083,-0.5089596390547935
-2465.3001492749017,-0.902031165144284
-2462.891524029977,-0.6480721570807566
-2460.480759297745,0.5740225031419113
-2458.052617234414,1.6501391277434014
-2455.6226552681796,3.500651950051437
-2453.1839713640848,4.489219030346583
-2450.746695293381,2.9115584392158254
-2448.3180181870316,1.3107563017867148
-2445.8870606019495,1.1368747450927623
-2443.465818135528,2.247644106884809
-2441.044791721501,3.9155080670879583
-2438.6168041085743,5.919789488141266
-2436.190021093577,7.04172664440475
-2433.768938694832,6.985571470935735
-2431.3556727378896,6.405064015394384
-2428.9507822006344,5.168897071945415
-2426.56724125591,5.863013301140211
-2424.199201180798,6.272437291853557
-2421.841591125664,6.273393473355043
-2419.497404993456,5.312273757831825
-2417.152999973602,5.519800833280448
-2414.8026743462897,4.938675984378879
-2412.4497787685796,2.187490040140389
-2410.1025355460215,0.6318865530659585
-2407.7652267646386,-0.5828875640605484
-2405.438840370114,1.099470391552683
-2403.1083741523107,1.0440267337760076
-2400.7577893035564,1.237294832472246
-2398.3833375726467,-0.0454144698640072
-2395.974621541885,-1.555128789944473
-2393.5309406527067,-2.8446986527094493
-2391.048982737926,-2.067101873897251
-2388.522945138965,-2.087627615310675
-2385.9664312191835,-0.0091365150244195
-2383.394373394539,0.4820042008466274
-2380.811636846937,1.9400861701468448
-2378.2326926042115,2.723732396002773
-2375.6544027367586,1.530497167941797
-2373.063675280722,1.625097603229798
-2370.4728986845807,1.932410113973132
-2367.8862503473465,-0.0039034431975948
-2365.295973261756,-1.4427378450422614
-2362.700160482093,-0.8725766611328605
-2360.0972468158016,-0.4563140031508422
-2357.484971203257,0.027757551965155
-2354.8819694933286,0.8469667759035105
-2352.2951287848705,0.1570475520419745
-2349.7100591211283,-0.657504429026357
-2347.140981245855,0.7320386058377104
-2344.616306359575,0.4553217146778998
-2342.1258990753363,-0.0141171212268508
-2339.6667145205615,0.8146418623721174
-2337.238507149683,0.0943184463039217
-2334.8384892911954,0.1100738494545468
-2332.4582355660746,1.2502508137844384
-2330.0953825678716,2.2295882427493536
-2327.7339506162875,2.245746711163884
-2325.367590607489,1.5214508951231993
-2322.9836627829286,2.388040617313605
-2320.570087174478,1.949297361627012
-2318.1420715156387,2.5016507052001185
-2315.717532795979,1.9587439441829653
-2313.314100009897,0.2098444353631665
-2310.93635247254,-1.2732788194374305
-2308.5847340917976,-3.4046028608981933
-2306.2561620522965,-5.939808575391183
-2303.943654911691,-5.447889948204574
-2301.639285289094,-5.451549690394053
-2299.3330584934965,-5.415474154125036
-2297.036640642419,-6.424069531525264
-2294.75362432312,-7.120113665009278
-2292.4865530074667,-5.619838663314195
-2290.2357036348085,-3.1813172028991827
-2288.008186244745,-3.1950684878292765
-2285.7694201828067,-3.193892725143206
-2283.503977021236,-3.642827550941242
-2281.2260508373265,-3.983811016264536
-2278.9412382293253,-4.534074111706524
-2276.6511852406325,-3.789881879330388
-2274.35744664799,-3.942493652763938
-2272.0550031994076,-2.717918542859392
-2269.76066938033,-1.405941939884941
-2267.4862167680412,-0.8280171408129322
-2265.2197452972596,-0.7775873701291715
-2262.9629489089275,-1.5528822821392274
-2260.7412895655684,-1.236516473797851
-2258.5638591414104,-2.4047829915662438
-2256.4175834998314,-3.8518316597819
-2254.295234528984,-4.036562595019269
-2252.1978523235616,-2.988496352726548
-2250.1399023399113,-1.9391157659611684
-2248.105878196072,-1.1634789017996396
-2246.06683046242,-0.49914746627664
-2244.030982195216,0.8528982109795149
-2242.0039669115977,1.8940018230406128
-2239.9839952329203,2.495558049554453
-2237.9638404537245,2.7702910382042085
-2235.915304891599,3.332702705856498
-2233.84578210877,3.7007994723536974
-2231.7824181569517,3.0294783346134784
-2229.7332825395447,3.2491049041870186
-2227.686424723586,1.8964294266599249
-2225.6411903888347,-1.216531802071532
-2223.608291406298,-3.672409321475681
-2221.6007989962363,-5.197454991787588
-2219.622764062682,-5.161798956019668
-2217.660489395148,-5.270944398700381
-2215.7185538369977,-4.106312878851945
-2213.8002158338495,-2.333172812483231
-2211.894014059124,-1.438491466862149
-2209.996014870624,-0.1926995994971484
-2208.1138540635907,-1.1771593989538418
-2206.2274138287303,-1.100143457121257
-2204.3276561687208,0.1681225717082148
-2202.403923880979,0.976958882997694
-2200.457258567867,1.2937484888677253
-2198.4872642440623,-0.4812656668879624
-2196.501224351048,1.6140630112419003
-2194.5023839827204,2.7247637439047816
-2192.501755479129,3.499786206734268
-2190.490510354426,2.658082517662048
-2188.462216581257,2.4401374926762074
-2186.4234224936768,1.355670829663763
-2184.3813634582534,-0.9609232221724916
-2182.336086779309,-1.2179483847425652
-2180.2828737651816,-0.2656314145858035
-2178.212979505263,1.1713960062657869
-2176.109066729908,1.8225431988790612
-2173.986533278604,3.293647866491005
-2171.880242125202,3.254847087615301
-2169.789953437094,1.892625986392748
-2167.723089632418,-1.2487985086659508
-2165.666974826956,-3.206551803089911
-2163.6278309438785,-3.855220457168866
-2161.597096044905,-3.2917505114480323
-2159.568126962078,-4.442920382020954
-2157.536173381138,-4.483012678847093
-2155.5151982792286,-5.250160899088297
-2153.511005745204,-5.608659038689986
-2151.519375736026,-5.201498265432673
-2149.544990686986,-5.374064089531689
-2147.569065489981,-4.9372074801453465
-2145.5785595037255,-5.71425995351675
-2143.572222456073,-5.558819772907549
-2141.551115578378,-5.195943566176865
-2139.5072823079195,-2.6325931687854
-2137.4349827170768,-0.7449808638524685
-2135.3487765373848,0.520737341255568
-2133.2860998384226,1.6517430355664886
-2131.2260974582605,1.4829128018322013
-2129.151263468515,2.639566126091608
-2127.0668678047664,2.195911315888716
-2124.9736680340125,1.0721512942649398
-2122.8696175863506,1.1703601687298095
-2120.74717856906,1.426723020907779
-2118.6011573384476,1.9453210106585843
-2116.4519336436188,3.801730886714468
-2114.3143055514456,4.820445769439171
-2112.195272186133,5.698325010391285
-2110.078714842036,4.548552948989628
-2107.9696628806996,2.1267578973755192
-2105.868417734161,1.6128783479766473
-2103.7831390241704,1.895311840111061
-2101.7124060656106,3.2443957680747486
-2099.6603208976508,2.30486789752128
-2097.6198305864864,3.433842899487381
-2095.57833721211,3.175041573138615
-2093.533525596873,3.565353328079626
-2091.481615248759,3.16437092407891
-2089.419576037876,1.8299427940617676
-2087.3354791426823,3.198381730649803
-2085.232015508671,4.55624699284034
-2083.1090341313943,4.060644765607286
-2080.9655145054126,2.92524636451285
-2078.7987885585635,1.033508361083474
-2076.6114721596346,0.2361796560716944
-2074.4002745410844,-0.2165506235718222
-2072.1582482299877,1.635812878618265
-2069.89081106706,2.722768296021558
-2067.5996110003466,0.625321497384494
-2065.28568690148,-0.1945215950225143
-2062.948903131145,-2.333785414404355
-2060.580816238368,-4.039758105800692
-2058.1930625493496,-1.7403880375032568
-2055.773887774134,-0.1439798372049319
-2053.303134077483,0.9047380535326164
-2050.7796224725994,-1.4243891700082436
-2048.217487809358,-1.5114062098252146
-2045.6308849437003,-1.5114730059555952
-2043.018500813433,-2.1285341607216104
-2040.3654501613753,-2.6897001837538035
-2037.676500796047,-2.7937751369105133
-2034.947345568062,-4.0502796891246495
-2032.1911198634484,-5.514329942213195
-2029.4018637061863,-6.030986382509544
-2026.5824135703538,-4.965041461204375
-2023.7240928712224,-5.306802700031331
-2020.825203602812,-4.230648051715129
-2017.8952608081393,-3.376893209837491
-2014.95685169277,-5.599734221455755
-2012.0195452144005,-6.861367776367403
-2009.0830736072824,-5.891518017251592
-2006.1415609163541,-3.7925078350798778
-2003.206008847486,-1.3715985714631116
-2000.2909105349338,-1.2670376711667335
-1997.3801268094285,0.1034959128795292
-1994.4830518584317,1.3007076443251575
-1991.5909941677432,3.2104018479250525
-1988.6992038694111,2.0109059309432453
-1985.8065827982464,1.3865576903456942
-1982.9106197582432,0.9280597758815848
-1980.0238040741385,-0.7216511356123361
-1977.135078761916,0.4407461571225419
-1974.246174791296,1.7597948629293614
-1971.3382209327679,2.552168691403329
-1968.414911861602,0.3416691591071077
-1965.4815226555631,0.0790450145522708
-1962.551315470283,-0.2851987250709125
-1959.6114216259082,0.6875136040156938
-1956.6744699735966,-0.9026394356991114
-1953.7581738289216,-1.5097123305046838
-1950.850473586043,-0.4392176482313368
-1947.9393164282328,0.6039494355576982
-1945.0338308793903,0.7950356820329212
-1942.1297458049971,0.4041752299305782
-1939.2337281278647,-0.2901912075814065
-1936.3502954188632,-0.0685312574702639
-1933.4694320630642,1.1606077574127978
-1930.5856943205547,2.5917762154358166
-1927.6929363515821,1.9182363748068951
-1924.799725840463,1.4062285387256763
-1921.911846366962,-0.3964614525794521
-1919.0314985307073,-0.6771691912588017
-1916.1697643023772,-1.4342707604997726
-1913.3160222055233,-2.319046103424111
-1910.456268057564,-0.9938993215818456
-1907.5926578265,-0.8077228590135683
-1904.719890930149,-2.038926016817322
-1901.8460296196945,-4.163229864398778
-1898.9832970489265,-4.182220018234084
-1896.1314784845533,-4.78519186280038
-1893.286348762647,-5.180213137834599
-1890.43181027041,-5.744300399144603
-1887.566917317459,-7.277393318672447
-1884.6838210428746,-5.647649790353615
-1881.77256078285,-3.648728384113263
-1878.8387885220611,-1.6557864476984314
-1875.885751878397,0.2574025810547691
-1872.9190267978058,-0.2743607177809996
-1869.937442552385,-0.2614928671281466
-1866.931833869025,0.2252029112098666
-1863.9211490264327,0.8879088050572848
-1860.9086650033596,1.6441576963609594
-1857.8830641947595,0.6990541952334915
-1854.8536008237907,0.7553078701746694
-1851.8184951963392,0.3112836814164029
-1848.7667958094635,0.2359058235920365
-1845.7060908750345,-1.5390457588128512
-1842.645620699698,-2.2356140831991667
-1839.582178828523,-1.2111168546472704
-1836.508730087877,0.9114893244878324
-1833.4234866090806,1.9451947257877116
-1830.3278649000692,0.9725371267012392
-1827.2267394278028,-0.48817683947512
-1824.121363739033,-0.2120138360728422
-1821.0141524141104,1.5357913235838
-1817.9097014224394,2.311473989279705
-1814.7967834815456,0.2628289137607773
-1811.6719908664245,-0.613719079392553
-1808.5491630128247,-0.9149529259236984
-1805.4253648974384,0.1264283734961612
-1802.3175847578034,-0.6462843327143926
-1799.222453887747,-0.9618195696636024
-1796.147139305353,-3.9651776451528784
-1793.0832364665105,-4.012598597881293
-1790.0399790903962,-3.157094650829192
-1787.0094768587016,-2.9978649189954023
-1783.9858275359443,-4.211226269321685
-1780.9630555244398,-4.308640968099618
-1777.9446430748926,-2.9639041160012827
-1774.9247850513764,-2.474789313425604
-1771.9019764834547,-1.934770663957753
-1768.8689763640718,-2.143393968441518
-1765.8234949865184,-1.478014764120119
-1762.76030262294,-1.481901669394965
-1759.6716793653027,-0.8882527776470746
-1756.5499167265143,-2.1201575132601413
-1753.407242474752,-0.3888487280559558
-1750.2510539173807,0.3622714325902968
-1747.072498525101,0.1168279074277018
-1743.8701351360926,-0.5189053568929453
-1740.6410527956566,-1.720457755535278
-1737.3888180803747,-2.5944557869497062
-1734.108993124617,-0.4223943341227292
-1730.7875467051708,1.6016728913183829
-1727.4360820507754,3.9898774388043066
-1724.0537452469123,5.838489838426127
-1720.6646988294372,3.041903585198402
-1717.2581676661416,1.2878188728883129
-1713.843099700762,0.1676338080855981
-1710.4392206181712,-1.0422075539471258
-1707.0491811090676,-1.1961100182709932
-1703.6828392520865,-0.8657785219592182
-1700.3691540188042,-1.5152696703514006
-1697.1002052997644,-3.4900616675577387
-1693.8631688391274,-3.207771199165317
-1690.640323287255,-1.030049250752931
-1687.453652693534,2.4749533642768413
-1684.2948009589459,2.761325242197604
-1681.1538905198443,2.930465554422006
-1678.0375028584465,3.4611630258657744
-1674.9554735154911,2.9225041346746337
-1671.8980921386133,2.7070838187458013
-1668.8534203751324,2.4559064849302072
-1665.8329569008704,1.486398085772992
-1662.8481780376687,1.3180324518870998
-1659.8803674433989,2.657874838971096
-1656.9130501672782,2.4803829307444727
-1653.9429290946416,0.6970895496884417
-1650.9725958175545,0.2590846376007942
-1647.998453973444,0.1870031247193369
-1645.0229252784675,0.3656904327276623
-1642.048463046156,1.5655041632235207
-1639.0747763534762,3.4299510236880644
-1636.0996010722906,2.4568798757383514
-1633.135954825166,1.921483515825973
-1630.1812368186172,-0.4061118742403302
-1627.2403696171302,-0.6898156206492819
-1624.3101283574322,0.4589222133386179
-1621.3924964996504,1.125023352329957
-1618.4893219961712,2.026353359137425
-1615.6039830404775,1.5748740012649551
-1612.7352518222078,-0.2856248482800316
-1609.8620566711245,-0.0551254497637507
-1606.9830200443469,1.2952251519913185
-1604.0942213113806,2.2530998969525946
-1601.2054559476264,1.1908081167837472
-1598.3268729844644,0.951549371374362
-1595.4605389771793,-2.041524632471396
-1592.597505759834,-3.7369238062669137
-1589.74193412839,-2.8530909571053726
-1586.8894358406872,-1.4754119486131456
-1584.0568320251862,-1.3038611089337515
-1581.2358270970258,-1.0727613290284144
-1578.4136314807088,1.8313026038843936
-1575.5795385702013,2.027011561730815
-1572.7374683513633,0.8133787964102233
-1569.880661648541,1.3357994547864511
-1567.0165410163222,1.349437327553664
-1564.1517424159356,1.5872186439220015
-1561.286848071348,2.316889522606392
-1558.4419127329536,1.5166200401091332
-1555.633613565029,1.1049371245415076
-1552.8455905418855,1.6504700496362357
-1550.0702383989303,2.236282273131793
-1547.3092166232445,3.63318565341212
-1544.551686859885,3.946506044445846
-1541.784398097527,3.6918852646238154
-1539.0110486785857,4.349367691732654
-1536.2357367346274,2.7919794992402416
-1533.4635356688464,-0.7375077264973224
-1530.7074791537582,-2.4270814084021413
-1527.9723800084412,-3.5804746161328875
-1525.2445606339386,-3.633759007864264
-1522.499436778829,-3.755016287246094
-1519.7383445970777,-2.934693684651029
-1516.947503443956,-1.1245774151162475
-1514.1359631745893,-1.0779890820512803
-1511.3140668002748,-0.8044570913958518
-1508.486182850121,-0.277896204693094
-1505.629961889775,-0.3059685849126976
-1502.7463221060873,-0.3493670272764064
-1499.83755600375,-1.1328548086091297
-1496.8945735281138,-1.8129781616335685
-1493.917134970773,-2.46363169847968
-1490.9153821251082,-1.431549127290741
-1487.896745980605,-2.8931613081077447
-1484.864484477842,-2.8451969985016623
-1481.8094675183647,-2.7736907261544297
-1478.7443184817,-0.7796771006822507
-1475.6691568109034,-0.297056108807547
-1472.5889662884288,-0.4151836039808352
-1469.5106247338351,-0.2758814735357054
-1466.43242256139,-0.4828212965093564
-1463.3530828170176,-0.4910752244092948
-1460.2737833671279,0.3444843907413832
-1457.1911937411653,1.0823249767416494
-1454.104153495865,1.1947774807640683
-1451.0024848076464,0.3796856382361218
-1447.886641662161,-0.4104191143219839
-1444.7723793295488,-0.9268093445528394
-1441.6734360447222,-1.7049053584286795
-1438.602361195447,-3.240113899781724
-1435.5626406315284,-3.5712141458076267
-1432.5466448832171,-2.4438078561272123
-1429.5438560484486,-0.1588566707692449
-1426.5522658553018,1.8828276720599049
-1423.5527504303748,1.2401825758446143
-1420.5490573683783,-0.3875013977219772
-1417.537225245596,-2.001240161890928
-1414.5202094396345,-2.5075630378200406
-1411.4961178352812,-2.4948464980261105
-1408.456755365409,-1.6658864204846022
-1405.3912499205105,-1.2288195529021273
-1402.3029223229896,-1.2014832967052314
-1399.1912948668867,-1.7937794292975398
-1396.0742229008258,-3.1596959981742057
-1392.9713846481811,-3.651944018230763
-1389.8837964545262,-3.240807030908886
-1386.815720725895,-4.068631256326945
-1383.7842841067263,-6.062654182652203
-1380.794987727226,-5.298612245092524
-1377.8285498936825,-4.946665550790546
-1374.882874212096,-4.822226190214366
-1371.9582259501553,-4.163545840074359
-1369.055651380075,-3.2870863567943625
-1366.1832995000955,-1.142445349029508
-1363.3365761372384,0.3602338068459094
-1360.5156807688581,0.7379144216617883
-1357.7152454476313,1.3068754845216122
-1354.9299528476588,1.879978502521734
-1352.181194397065,3.0281344640906536
-1349.457431220643,2.989498097807036
-1346.7423532074142,2.81421687728238
-1344.0418031432625,3.488453372345366
-1341.3437660269774,2.1334063897589868
-1338.6552280570645,2.0771435792211275
-1335.9695715056737,1.8712638386717335
-1333.2722480601171,-0.3052597079590988
-1330.5494285268005,-2.52489627168844
-1327.8132722357495,-1.2860319982431454
-1325.059432291453,1.3266720541434536
-1322.2914914701953,2.6217007189143
-1319.4993791034037,3.554853858657172
-1316.6818147963886,5.011781096927567
-1313.8385000736507,5.708375464433059
-1310.9767218738496,5.2714399009480735
-1308.1052689575126,3.4907131595810554
-1305.2246548765086,3.386817948322424
-1302.353218301115,2.911381686148631
-1299.4779310345111,2.372271979709932
-1296.6056226897392,1.2151430681210056
-1293.7465027129606,0.326036213962096
-1290.8941740705518,-1.5533148857949852
-1288.0601625359777,-1.0407841913012126
-1285.2459778444677,-1.0004201826379269
-1282.4521449707656,-2.03715806820716
-1279.6756135856142,-0.7285945505289699
-1276.9196667599067,0.0667687982011934
-1274.1764558222278,0.0688745652660787
-1271.4504336317382,0.1886558502553813
-1268.7309127665808,0.7010809213236247
-1266.0122090961686,2.0272963915863347
-1263.295241925297,0.6554359068341755
-1260.5871717245586,-0.5796217204026644
-1257.8989958358184,-0.647944091467286
-1255.2214851136398,0.101626562196969
-1252.5473201788527,0.960544776606878
-1249.8711364471726,2.1337746304054974
-1247.1994028984423,-0.5461491104323586
-1244.5514540439613,-2.2846637862895616
-1241.9294124774708,-2.2940849693669856
-1239.3227442782247,-3.449556139775812
-1236.714488265449,-3.476790152414794
-1234.1130386003238,-3.9506609289686
-1231.5233988025097,-1.5641462985027137
-1228.930026748048,-1.3511504337286795
-1226.3266508483798,-1.5748860577559096
-1223.7224199211234,-0.6204933202937353
-1221.1056898952913,1.7633291203725996
-1218.4721530516488,1.742829338819124
-1215.8195188042791,1.4090548575373891
-1213.1569617243297,-0.1956161526937148
-1210.4914919519879,-1.54154490049531
-1207.8397185569872,-2.0715704146433325
-1205.1982151737743,-1.9140055307472117
-1202.5654202828246,-1.4318160372432158
-1199.9572273164488,-2.6181071150032853
-1197.3600312254612,-2.181100482127308
-1194.7871707098486,-0.3971437572489058
-1192.2427580295923,0.4803410954902254
-1189.7120645530754,-1.0861356485524234
-1187.183225168535,-1.6743465350873992
-1184.6548212632636,-2.7924974201028148
-1182.0926814408385,-2.2950052177030926
-1179.503061194046,-4.367505567380114
-1176.8919697717265,-3.846241544962694
-1174.2738054428194,-4.60976628213365
-1171.6395595065362,-3.814094569968589
-1168.9869414513626,-3.0815812044905706
-1166.3310943151046,-1.9016866662493412
-1163.658639472025,-2.395259347527138
-1160.998266490942,-2.899067904698555
-1158.3839378623925,-1.9276187051233624
-1155.8021261395227,-1.4268105557686592
-1153.244002587697,0.5730545346190576
-1150.6993226944835,1.3744264511383224
-1148.1561434557282,1.7757980516614946
-1145.6036961872692,0.1743879892643172
-1143.0433147609215,0.4546305552542466
-1140.4827158781743,0.1812799500116061
-1137.9262081283648,0.4042617113003504
-1135.3776085480415,0.171363868080388
-1132.8412515524597,0.2895297367699418
-1130.3123355418809,1.8725576426735748
-1127.787064230402,1.849635842181888
-1125.2541091209484,1.5799839509471163
-1122.7262151632503,-0.7406341648476555
-1120.1966095382897,-0.82019270827436
-1117.6615588364446,-1.471580664076627
-1115.119632897552,-0.8213485599750241
-1112.57826892115,0.8882374874867849
-1110.041767733335,1.37074154241156
-1107.507887555784,1.5071041810759662
-1104.9790021303995,0.7514924461903172
-1102.4555962510103,1.6069172524343558
-1099.9461406055555,-0.2325759028134602
-1097.4497278844315,-0.330070173847276
-1094.951983021644,-1.1209562549624277
-1092.444443930483,-1.1243587785846525
-1089.9455930530016,0.3707098267045847
-1087.4666226482418,1.7237679457235535
-1084.9952640033662,1.3921002233943744
-1082.5194283919664,1.2297467185636064
-1080.0465966101385,2.9750363207052617
-1077.553565003889,3.339538414307736
-1075.0397355706432,2.120781184531084
-1072.5099750854201,2.308737081098597
-1069.9625517557736,3.933858839703297
-1067.4031609392596,4.1211418957814745
-1064.8368850735694,1.952657805642915
-1062.2759686913007,2.2966384252881302
-1059.7359361842048,1.4400427153821362
-1057.2130039336373,2.076841386799116
-1054.6974689178267,3.294883352603126
-1052.194875533957,3.061942136751351
-1049.7046099914362,1.2768033083664978
-1047.2358542136317,1.1590346644273697
-1044.7772597695357,2.637208998512602
-1042.338944529465,4.368405125686618
-1039.9198807605678,6.035809390724721
-1037.5306570710195,6.198590782668139
-1035.1681540393465,6.474908388691617
-1032.8177410757162,4.331043175753402
-1030.486663973348,1.961825310534649
-1028.1621106998327,0.8874209272732281
-1025.850487136639,0.8931514778063905
-1023.5547719523959,0.9612371076194228
-1021.2605106427786,1.7938260232559844
-1018.9698910881457,1.1949741626479504
-1016.6876659448009,2.8340129982057354
-1014.4176351700753,3.991044386046206
-1012.1590121548185,2.3967417099437265
-1009.9068033070128,1.464075215568014
-1007.6692906088948,0.8226686329265952
-1005.4370039931226,-0.6505160526973248
-1003.2082621493082,-0.2886386742145668
-1000.9765154457621,-0.8791999964138544
-998.7525057770746,0.2614496496778726
-996.5145269370095,1.7477755397988008
-994.2528423823711,3.0172185588404177
-991.9718837377294,2.908345263969069
-989.6555773046683,1.9616658394730528
-987.3090447761126,1.015228931182494
-984.9302826510619,1.345325047017889
-982.5248971458917,1.6071954204631609
-980.0831462710428,-0.9955558234460136
-977.5952052427555,-3.7094053923351193
-975.0599923459307,-5.515864543607632
-972.4783243815532,-5.312124446593399
-969.8666968906582,-2.738130410086901
-967.2249353051394,-1.5205193677382844
-964.5400921524316,-1.911682395469284
-961.8167179167823,-1.4776343018979898
-959.0633463461332,-1.7397637798451695
-956.2825162266319,-2.3945077147905365
-953.4894419398695,-2.436651283555058
-950.687652769774,-3.198345979542581
-947.8738053053713,-3.004638976947899
-945.0663668221754,-2.088396823977197
-942.2746015894162,-0.3931028677211349
-939.491232791679,0.1843002214715162
-936.7238932176907,0.5706486682405622
-933.9519144676946,1.0869463830584811
-931.165350597026,1.3020878696490763
-928.3521521799165,2.0129728110590146
-925.5091939770684,1.5125170336680795
-922.648112839449,1.2412939852531557
-919.7531153702214,2.291194890578394
-916.828051103358,2.788453270270038
-913.87947141554,2.2305600058536514
-910.9107548041824,1.8141449355899604
-907.9361456211384,1.2518163024135218
-904.9636890161985,-0.851738140303623
-901.9866735743876,-2.4065272596635645
-899.0129403320968,-3.091862169807682
-896.0498061040519,-3.158663412406053
-893.0864926335788,-3.232760779320108
-890.1330118195538,-1.2836502401103014
-887.1982568589954,0.2922378394612178
-884.2603818075793,0.3698870489895451
-881.3223784917017,1.3897691005730053
-878.3796366987705,1.0910300656561538
-875.4261945209488,-0.5437694883252255
-872.4660540833971,-0.0726299867928577
-869.4941820937707,0.3959889669436199
-866.496916462556,0.9781793743455792
-863.4956769580007,-0.0314118945375859
-860.4895697561891,-1.0423455904571652
-857.4744975974373,-2.4628082197304506
-854.4464083743537,-2.671195120907153
-851.3915609196481,-1.1654009517883754
-848.313659581749,-0.6882566975247186
-845.2108384907114,0.6219940591680984
-842.0846089657088,0.6191018984922124
-838.9245156015792,0.6975276704728168
-835.7248366465994,1.8083982786609984
-832.4784180750247,2.9381018632427067
-829.184813800149,2.9158074556771085
-825.8582638784998,3.425580530109141
-822.5012979528092,2.9982896963467414
-819.1239181690394,2.273544842164869
-815.7195061693523,-0.5776939338125113
-812.29674821615,-2.0081603858948456
-808.8621691591502,-1.296596810621966
-805.4118322816464,0.4207005387938416
-801.9411401637071,2.0401235963074904
-798.4712410562156,2.4412483147894526
-794.9954830833341,3.5417201764536186
-791.4986507886956,4.328710187342451
-787.9915853131865,5.068339861641597
-784.4729203604577,5.90929467641698
-780.9573518534279,5.705945500899565
-777.4585407514229,7.120049337376836
-773.9775396005795,7.457384640676696
-770.5037471089811,6.787156067906833
-767.046992591163,3.3270444759004896
-763.6127470993945,1.6200045410381785
-760.1896437994591,1.060425479581366
-756.767868926559,1.402710148917103
-753.3608881091478,0.6309644778372091
-749.957326333169,-0.2726273528737638
-746.5462328626197,1.1109091522975008
-743.1285066186533,1.8694569341957468
-739.7165239415783,2.806051994470579
-736.3125509503367,2.9151271299063275
-732.9131990212649,2.603483226141699
-729.5365775256491,3.2760477617707258
-726.1790158889531,3.1262256708264213
-722.8349252011928,1.475814714061283
-719.5219105920015,1.856114416090821
-716.2504287774639,0.8788224567820184
-713.0208554443269,-0.2115475365519827
-709.8168968133019,-1.304005163003937
-706.6154735505963,-0.6842971206633999
-703.4220024038474,0.4068599012194631
-700.2359728292982,1.9981395545432703
-697.0608835236152,3.0302091481815228
-693.8935618049527,3.704903631759682
-690.7214553141965,1.9057364854927223
-687.5475646155691,1.3401402986228983
-684.378985785404,0.3915280557132004
-681.2138497632277,2.1301057139121213
-678.0346440216701,3.539117533614476
-674.8588982907745,4.232918214597193
-671.6863282967735,3.5379432836235134
-668.5094725903574,2.669357867447444
-665.3072207278327,1.3782062579469456
-662.0881357583498,-0.4069560990889516
-658.8676677520499,-1.605816629659184
-655.6420382353542,-0.5072825299399824
-652.418551796171,-2.2642391549292302
-649.2079382490042,-0.5019918846286262
-645.9896083799924,0.6510115674604624
-642.7599112304687,1.074214043695111
-639.5345395605599,3.1341742309358227
-636.3156453258554,2.9758376249791656
-633.1077274272451,2.6597852902719
-629.9131982938638,1.9463996814291729
-626.7264514810524,4.126653775079059
-623.5628933294718,4.487903176533149
-620.4345783881445,3.8546368741116113
-617.3357085165756,2.867253905966332
-614.2544510253628,4.084016564421086
-611.1867832985625,4.379501301611043
-608.1107773611456,4.703270842850019
-605.0276066856618,3.8529081870403714
-601.9445524584878,3.1389475114100778
-598.871042790259,2.864463960491339
-595.8034698423053,1.9568812726212823
-592.7303792193073,2.6592602397994085
-589.6735194213578,1.762529599537608
-586.6400815986259,0.2010173947951772
-583.6137933131249,0.6356213631373512
-580.5968441816806,2.6221388301567488
-577.5783057677176,2.535940395695597
-574.5490168237246,2.7321058567082783
-571.5017830759163,1.35441488752444
-568.4532825710712,0.770453287901514
-565.4050788371889,1.5099382894467996
-562.3466407821222,3.0181776400667832
-559.2716780304357,3.8049225869968817
-556.1699949941473,3.6252095640113695
-553.0399417160538,1.5797711117815645
-549.887621436655,1.717333151117696
-546.7162756818196,1.5821994554317236
-543.5185712502484,0.6407037549959709
-540.2973201635858,0.0282686700892506
-537.0535399235092,-0.1375090507850169
-533.7836467989393,-0.2311310855567879
-530.5024316773994,-0.9609044034451772
-527.2181845117362,-1.7742696497336388
-523.9290869194159,-1.2842412799020018
-520.6434153389927,-0.5262862870739453
-517.3642903824034,-1.352193463736708
-514.0825820278354,-2.624122774082626
-510.7851696383195,-3.0324769449965205
-507.465400315892,-2.759732093890056
-504.14950278740184,-0.7365217343502428
-500.83535409123317,0.4946942797822411
-497.5121135189295,-0.7984366060322334
-494.1717804903884,-0.0038433482263682
-490.82882163494384,-1.1161966940748422
-487.4833679833085,-3.34493693617011
-484.1461495518659,-4.224316707878694
-480.81774271362383,-3.438707022669298
-477.4970188075879,-2.7127462543428016
-474.18061803023403,-1.806789470792886
-470.88446431271194,-1.2499583425742604
-467.60198131273955,-0.7202914898570548
-464.32033638350697,0.5268807655263181
-461.0413276797992,0.6784646103545349
-457.7576531480014,1.6255963307846135
-454.4619895935614,1.1498307639578398
-451.1633090065162,1.582717290177281
-447.8593298786511,1.4256730397231925
-444.529959107958,2.3674794300740585
-441.18199596713407,2.185628680926178
-437.83534981505545,3.1433793269982075
-434.5032182157162,3.232815264108486
-431.18974504433385,2.3016034896215025
-427.8728055646841,0.3319608103455322
-424.5319623080375,-0.5262937914480729
-421.16659555219434,-2.320540690661879
-417.7777608250194,-0.2726645010646091
-414.3670882874444,1.1822542770920608
-410.9482422068817,-0.0140573638471988
-407.5472623978018,-1.7026922663982165
-404.1723493692542,-1.7699286197737811
-400.81746458549475,-0.8648062256878232
-397.4690336901619,-0.2480117242873233
-394.1259512256518,1.4525600486977377
-390.7832251081041,1.66500880273298
-387.4560142282219,0.5367836896773261
-384.13651502645615,-0.1680182332509982
-380.82132463494145,-0.3967173639876144
-377.51707089486564,-0.1214336528437911
-374.23999762246945,1.1844182660150415
-370.9957662525136,1.5255004257557527
-367.78567015379997,0.2103039628753691
-364.61015800814675,-1.5294820153688775
-361.4582123027245,-3.444423132428521
-358.33235763581365,-4.627350413333216
-355.2304496562723,-4.615643554818915
-352.1441552552808,-5.001757604382764
-349.08418207977365,-4.982332274542066
-346.07023008935874,-5.332393274813047
-343.10143916353445,-7.441133572449908
-340.1747851601454,-7.417639541015178
-337.28838739718617,-6.385259741451871
-334.43046876097367,-5.5644102018770445
-331.5818178631362,-3.7030567419784464
-328.7345017830415,-1.85612651825644
-325.8797692998935,-0.0314274115515995
-323.01859567986287,1.351442472489322
-320.14154206304084,2.1831916419907453
-317.2298487805709,2.3072896634045468
-314.2780483921048,1.7387546179731956
-311.30768834968524,1.5994693371816175
-308.32841919768117,1.9889204995754204
-305.3482629243569,1.6915980130214567
-302.3582274588654,1.1742456851832197
-299.3577177268265,0.1970521746990123
-296.36556401799334,-0.5895251366217881
-293.3821328622664,-0.8336045177266012
-290.41555671222176,-0.2714594984298084
-287.47648185894167,1.1496760797082717
-284.5640463487925,2.9483761727772606
-281.67939043771764,3.0332563654147364
-278.8284002956242,3.0041720637120624
-276.00084766389983,3.4354792510837684
-273.1774195274452,3.7779951654980377
-270.3398071317075,2.0473065918412128
-267.49776566379563,2.158305026825857
-264.65019395896496,0.4223350011638509
-261.8079015642743,-1.2336383920030274
-258.9778278037607,-1.0289668501383566
-256.1485564133046,-0.5425262604802478
-253.30290926143255,0.7303986979791948
-250.44981272204342,-0.7378398887139092
-247.5789285625078,0.411733766078793
-244.68185934775326,0.3288856517555236
-241.7592394838576,0.7606098799802948
-238.82328595832107,0.5516155693548103
-235.86278121927012,0.3818428561465274
-232.87943564286212,-0.6886155236955622
-229.89001237003512,-0.0880718240916357
-226.89455885126173,-1.5031633352801703
-223.88668431818567,-1.560162692888135
-220.86755359917467,-1.610201788226712
-217.84072264923114,-0.5851923601567008
-214.8165756043001,0.3442909490413157
-211.79239755327467,-0.4915524348596304
-208.75271093263305,-0.764320137174829
-205.6940451659648,-0.981441391421736
-202.62965964009575,-0.0697098808583845
-199.5641314920648,0.9048871497854428
-196.51431532614066,0.6898246508042438
-193.4796383631992,0.3586052243251972
-190.45562127029606,0.8477394701452772
-187.44699037288987,0.0476781389874032
-184.44517415708052,-0.5528617755511719
-181.44282940387333,-0.5506387619777652
-178.42568811010383,-0.5123082982722829
-175.3867672639708,-1.5375785805146545
-172.3376524322956,-2.0892940922908654
-169.2895266606854,-3.921969389928541
-166.2419972559404,-3.4246831582037265
-163.20145056828903,-3.5713101672429617
-160.17291384493703,-3.636256043504582
-157.14431034666453,-2.8732919244548785
-154.11263504898628,-2.576838167954336
-151.08389760503238,-3.907825612372306
-148.04013984607857,-4.301322881152829
-144.9879909529767,-3.6061273443273816
-141.9305162569185,-2.532053747385693
-138.87136333488667,-0.8691119932410525
-135.81388374652153,-0.6875279645011588
-132.75592142101232,-0.8753589084021532
-129.68510453903303,-0.9565613843533604
-126.6016253836825,0.9996528265980004
-123.50010459811178,1.418328306413206
-120.36915668154356,1.5197367683001477
-117.22507106897966,2.732625404651935
-114.04916859327433,3.0942038041738997
-110.84238496604898,2.1705024363264696
-107.62206516455258,1.9624072166192577
-104.37665884624539,1.3026606166821693
-101.09650855856331,1.0145648019894045
-97.78870382278077,3.064569430935637
-94.47222687437466,4.36700864328432
-91.15178412640812,4.77723855549789
-87.82093427517145,5.24082834838185
-84.48759452178356,5.380454233463124
-81.16526681999197,5.119564904559725
-77.85451244920148,3.8402308630335735
-74.56195473504216,2.207672420639687
-71.27776710522828,-0.7589951301909665
-67.98842715812592,-0.4486348209575193
-64.70816536564986,-1.7289503306812408
-61.421302125947136,-2.6758190864019173
-58.13398177899812,-3.233829155788329
-54.84115123489126,-4.958351099176102
-51.546271864640346,-4.871315449889545
-48.251144492955916,-3.6351478579900136
-44.938760519995306,-3.161763089751544
-41.61361916199172,-3.0981830534769657
-38.261169650082074,-2.287039518304381
-34.88990018331387,0.030251289814023
-31.517827789545954,0.5116511798838247
-28.14790067952735,0.921842267237853
-24.768417837196726,0.4848581788803399
-21.371925858727245,-0.7553729555293033
-17.964214672102013,-1.3439860646752553
-14.566014455271512,-2.5458862887393683
-11.172128386082054,-3.738011366575903
-7.7763279786295785,-4.006578555113742
-4.391199318863347,-1.1487259036088084
-1.0111078415054258,1.0640662200227968
2.3632607183292325,2.3415687446688835
5.723742138943729,1.7945661536713295
9.06802691086387,1.836952239792235
12.389076080056,1.6455518958130375
15.697006756243228,3.317944034823631
19.001225118961866,3.7046328301942646
22.31130394652645,4.2354192735152845
25.61888635577246,2.5318744424830504
28.91225765737943,1.1754055153307572
32.20771885922422,-0.8853958144042063
35.51528719741861,-1.7631518923028529
38.83396112619926,-0.5717876467387704
42.15747269823179,0.4239862469422193
45.487369029528196,0.9574399883374972
48.80954058032751,-0.5407778195855089
52.13749884479257,-1.9014846621308263
55.47544462198319,-2.9702155208678134
58.81416413196614,-2.0620202871121407
62.1696249661302,0.4941210307286887
65.54395441966965,1.3572566791491905
68.93358932827057,-0.492803823538593
72.31789284643915,-1.2140874890477154
75.69493523558276,-1.238739912334526
79.05199111143621,0.3116963300700379
82.37905348813241,-1.2872208750181393
85.67843549087027,-1.913854786358941
88.95783301799047,-1.8578456637156056
92.2187327294782,-0.3187533963390689
95.47135841541522,-0.6912698558526785
98.72687848806387,-1.6380731551319705
101.98035924046019,-2.4453088978188786
105.22851438111744,-2.034100992880022
108.47934053030288,0.3258007650333248
111.72835627715672,2.6950632594192
114.97488285737377,2.597198836583507
118.22591340696256,2.5326299016951097
121.47930949965922,2.210045846258837
124.71219117868202,3.78126939279319
127.92841668565879,4.573079155167858
131.13380415492955,3.9429452455357152
134.3342022741721,3.472682810268256
137.52038654538484,2.858504170235388
140.69138917016159,1.0944559714847435
143.86697372195016,-0.4846055798850801
147.06830989998653,-0.1800564481695895
150.2840288165864,0.2361574864468849
153.5028910365764,0.7216814775740112
156.73811010926624,0.1026721191696943
159.9860010891621,0.5929064986878083
163.25199469876165,0.0197133378606579
166.54562281652215,0.0324949776284652
169.87560459900888,-0.8355238406671006
173.2311421267125,-0.1327957111203354
176.62611813582274,-0.6174131840267664
180.05423957110773,0.3733363230031836
183.49526487447062,0.0580572479916329
186.94798874434224,0.4318020056728299
190.42563873190193,1.2170644857875683
193.92330821738483,1.8367606779190064
197.4385854652627,2.486518409284315
200.96888791052385,2.102335705090568
204.51385899883104,2.294752816398583
208.09464319072404,0.5311401153946491
211.70350363605812,0.4093185129128569
215.32470312102424,1.37753865360289
218.94256323810626,1.477822812785197
222.5450845108897,-1.4974578540498
226.14377497902464,-1.5533764940385302
229.72517741557292,-0.5939850177576683
233.29365644587747,0.6470720067333284
236.84398174092217,-0.2394248501206534
240.36702562775696,-0.2041497878639652
243.86955825321226,1.115940514354038
247.34831264481622,0.917038449331508
250.8184139713602,0.034924677020295
254.27961582343474,-0.345625445102234
257.7356376309901,-1.6648320053983985
261.2016133464717,-2.3005890237460997
264.6729036898143,-1.9498793935254912
268.15350954042145,-2.099236551237233
271.657341467379,-1.238886029373306
275.1715421530198,0.4433781268031395
278.6787935886389,1.979395651918462
282.1815485385318,2.63996019020631
285.68859456449,2.26819484929916
289.2039129261703,0.7906644172175501
292.7279302235145,0.7931115377197671
296.26716844286915,-0.2104434951130915
299.83457137376456,0.9875006459435292
303.4230908570301,1.9452500181008272
307.04024419925935,0.8120362517462814
310.68474060096696,0.5834844332915602
314.34733843928547,1.1880076237831476
318.0173415055314,2.267391395416521
321.67854674003604,2.685625981913078
325.32936786356066,2.1828095732587145
328.9923386465793,1.33033428242798
332.67855900601484,-0.2539431557111813
336.3574464167834,-2.5053035359117253
340.02697937773445,-2.5420569894508542
343.67471010028066,-0.94364083847231
347.3105558240701,1.6849982490462247
350.93489948210623,2.159364904742985
354.54973192074124,1.4615666140531367
358.1536926818273,1.0570529620380418
361.7471203537324,0.2523812621172849
365.34011240423445,-2.369928104882927
368.93864448677897,-2.1750132953237102
372.5601786696356,-2.703871029201394
376.19816285096425,-3.5923806960339584
379.8416601299262,-2.5009678575551124
383.50581915122336,0.8474880578382444
387.20121203271833,3.69382074406023
390.9283111338835,5.600159769567167
394.6779811510615,5.996801142389471
398.4404844544149,7.284358850559133
402.20910554769074,7.342092307769868
405.98283629674273,5.8399905644222425
409.7599950640996,5.342046362936616
413.5400238399211,4.160202239532533
417.32343723615156,3.456494875909834
421.10865693026756,3.0273059122897643
424.8987400241139,3.2728762688465114
428.688025922894,2.6360143033782557
432.4828179754843,1.039681510282762
436.2896958601796,0.7238472840696408
440.1073022493929,0.6075609937287515
443.93466256207853,-0.2926742711540067
447.7592786446739,0.7489925780165331
451.5734566232135,0.2519107226259993
455.3771443076776,-0.6400358866445786
459.1605336677977,-0.6061563578985105
462.92320155503506,-0.9246918749114008
466.6705065859082,-2.1037813661101343
470.4083900757616,-1.307144334738534
474.1455805467622,0.5126568698122579
477.8852840034065,1.5294469264263322
481.6102198147645,1.6462831294514984
485.32544364015047,-0.2999396669695011
489.0298230908642,-0.6189162621758795
492.7467564479677,-2.408326313479272
496.453127322628,-0.4421611950136901
500.1491970622018,-0.6236637548441539
503.84810347001854,0.3040693004822159
507.5543403745891,-0.4342314352799787
511.2444383443419,-0.8015459312785043
514.9264370728353,-1.119375778328208
518.6048297734209,0.0206530899769672
522.2930973333557,0.7736801880116676
525.9897228539855,0.418638362607619
529.6837717746585,0.8887202388998071
533.3800118301068,0.4779165824856138
537.0844310091153,1.2737740162162294
540.7901856273164,1.0696656281838788
544.4861073130853,-0.0233846238625645
548.1715323551781,0.0293643925131512
551.8506132438794,-1.756702477366026
555.5283057665997,-3.2354150055947875
559.2065954594801,-5.384254400446008
562.8781272599598,-6.2456241314871095
566.5474739663508,-5.704801962617008
570.2155213622103,-4.5048032806197575
573.86918302311,-2.620847305023318
577.5343446009327,-2.9489359066926486
581.2177985193064,-4.999172434947685
584.9050250819395,-3.849415780013077
588.5828769677335,-4.03163855798098
592.2466829965923,-3.363234194976497
595.8929519123694,-4.094478251560201
599.5240004292632,-1.9134671088211497
603.1553467442368,-1.3295195876678474
606.7842420628549,-0.1552660283801487
610.4088070969268,-0.720103266177027
614.0412825852751,0.0243790998427591
617.6839931813715,-0.4927679514914135
621.3380568260716,-0.5483190644837895
625.0219425487564,-1.547993528948387
628.7186217719201,-2.3904700342112903
632.4244186383476,-3.949979412814355
636.1467388760105,-3.3599496622300364
639.8775540521497,-1.89858595510439
643.6169005593198,-1.3403710957509267
647.3622718395868,-0.645771535831775
651.1313370615147,-1.3593464800774684
654.9057778205523,-1.168953225619004
658.6648737602366,-0.7353259389601603
662.4109653403032,-0.4421508691429101
666.152589351976,-1.298363282468957
669.8890342279002,0.1490373817559964
673.6092755986223,1.8715009277501196
677.3285941045358,2.8513836843424127
681.0572780260576,2.005851170133266
684.7886988345673,1.8854519945214137
688.5110398067616,1.5126350052677011
692.2240142019415,1.2354163387323285
695.9354880265689,0.3125568390695952
699.6437098712537,0.3380552034353237
703.3546094058925,-0.036678007729808
707.0676892622877,-0.1841890576605146
710.7823065329239,-0.3347555697977067
714.5092566511306,0.7616541695445469
718.2491308396075,2.2427770793834325
721.9947276054052,3.6116552600876464
725.7344504424383,3.870219761001445
729.4841711041183,3.768495966158266
733.24532594145,3.5854085923000003
737.0246349436246,3.8789442995421854
740.8299785408366,2.7502676566874604
744.6462664003911,2.065304363329136
748.4651231815419,1.5562977680054264
752.3031250963844,0.6970126536939302
756.1576814111642,0.0484578511521077
760.0313544023876,0.8563800488545431
763.918487139474,1.7204201038561573
767.8193379807053,1.882788207605688
771.71997121295,-0.0903961993168018
775.622921772341,-0.1495952829644615
779.5149442317952,1.1855193941939994
783.3935958947461,1.773542485365467
787.2759131953421,3.435573659317208
791.1751274451258,1.177924232127848
795.0899168207304,0.0086261715559908
798.9961494049184,-0.9683271900136016
802.8891118411066,-0.5500621515108014
806.7692607055797,-0.83301829645756
810.6299471737473,-1.5044454631362316
814.4808129386372,-2.1925229111529987
818.3196894836096,-2.5942981583037805
822.1455777362581,-2.9459365821028998
825.9684980520035,-2.749353986011761
829.7845991817487,-2.6723346228669405
833.5893699411829,-3.4546619346416154
837.3880342882269,-3.9873056392676114
841.1739301896388,-2.903410106052741
844.9474209653717,-2.103591194069361
848.7155347184844,-1.5741626070434749
852.475389732754,-3.284418855558102
856.2176263668987,-3.3485419161379326
859.9567064074682,-3.515487715715852
863.6948906156017,-1.626521068356548
867.4241971752821,-1.114179334986193
871.1421014619069,-0.5062964959456138
874.8681149632255,-0.6050490481183591
878.6145390937812,-0.3426003704901802
882.382111649113,-0.4756340116497474
886.1681106029281,0.019823569180198
889.962328905105,0.7896028676039476
893.7455167827086,2.164028222352006
897.5246082934598,2.7157404414732405
901.3145271488576,1.3091487512426945
905.100679503698,-0.0508990948989196
908.8792383563475,-0.7935470851445214
912.6668997792024,-0.954192100880941
916.4779581285824,-2.084933711418361
920.3116674435652,-1.4667091346465362
924.161580089254,0.3445939824126363
928.0212793141436,0.2466306394370323
931.902966836447,-0.0211962316872114
935.7993709715782,-0.9607566107298676
939.7006093552559,-0.5848706431832118
943.6172791581918,-3.1545829104697853
947.5397389740655,-4.398331796607415
951.4550010588978,-4.585725292423875
955.3598739691025,-2.795839642605229
959.2576871850454,-1.9192363619940964
963.1510369610266,-0.8175805678337585
967.0617281921936,-2.041923247734432
970.9865284487787,-1.88698062119976
974.9116593716919,-1.894872026913728
978.8351248353291,-0.8655577939968478
982.7618797396468,-0.6674374646690232
986.6897314738927,-0.4919550304303443
990.6321732241969,-0.8363381041289961
994.5673749435307,-0.6819753890834032
998.4964337682541,-0.3841251635628732
1002.4165350213668,0.7860656657868165
1006.3239118745728,-0.8676151538528838
1010.2129634312877,-1.152875273342175
1014.1011943135693,-3.926429307635665
1017.9963007714834,-2.3627032414166647
1021.8925096248608,-1.2687260702332177
1025.802209479731,0.7776571870907661
1029.7252439919419,0.6505500668105122
1033.6641477534015,0.916150466500816
1037.6149514081114,0.40302618387013
1041.578556364188,0.7659085855938532
1045.5527153373478,0.1376054654009643
1049.5479284766873,-2.152019871547611
1053.5565408389975,-1.1553553302575914
1057.5690435066783,0.109356334104449
1061.5856736886406,0.7423661150144716
1065.5936980063623,2.031088102980515
1069.60834416908,1.8335885777506653
1073.6454443730358,1.6245883752435526
1077.699045255544,1.9594177017591936
1081.781109801721,0.6677924036903351
1085.8881547394712,1.345159750781836
1090.0112108943265,3.3911031222014083
1094.154411695026,4.004427633267248
1098.3259121911715,3.427532100440178
1102.5090433818234,2.333212056451272
1106.695454509542,4.06549156733132
1110.896301289419,3.516997898476665
1115.1304014306702,1.7615581722517568
1119.3919636373491,1.0379292993696034
1123.656337944016,1.284165832678181
1127.9312940689338,2.737484850428628
1132.2236432531126,3.3032268684782577
1136.531431536424,4.0164520844794
1140.8408260720537,3.9163970158984176
1145.1359171437548,4.120714963335862
1149.3987543770777,2.305947685463776
1153.6273997726505,2.39827882159242
1157.8260732214476,1.9949740971586964
1162.0016641043142,3.04632774612082
1166.1770653188958,1.9291382908798296
1170.357266786178,1.7701751377293442
1174.5298991395102,1.0079060287784436
1178.6947495120821,-0.7236268798550579
1182.8579767215222,-1.651040252650608
1187.0238298887655,-1.3069767375789745
1191.1877007989185,-1.0991357981289156
1195.3461059102383,-1.3962252038189895
1199.4905460112534,-0.9460020045255584
1203.6135139141525,-1.7225121347209615
1207.7156091308384,-1.47604202925039
1211.7927437384417,-2.0422737935870767
1215.865059976944,-3.07585107550577
1219.92731461585,-3.8506942000091846
1223.9726175979592,-3.4668517153962437
1227.998884601217,-3.6284668662483552
1232.0163999356103,-3.79649538519992
1236.0254317312028,-2.9406129761311544
1240.0267045702676,-1.167420813117107
1244.0306639021846,0.5900240550758554
1248.0456733427686,1.827063193425804
1252.0777438705643,2.237916235574832
1256.1387530855393,0.1344984471022641
1260.224583809272,0.2520431599725367
1264.321568774763,0.5922831161307703
1268.4286396774944,-0.5898855289076204
1272.5411160373692,-0.9393754373577436
1276.6725481237252,-1.0872895958899909
1280.8264398215197,-0.3951551553134511
1284.9909083208017,0.5847067850564485
1289.1533356425668,1.948469753121248
1293.3008247984012,3.1821412688836723
1297.4362301005278,4.021052341619096
1301.5464026318411,4.090343262215509
1305.637051967031,2.584496156446409
1309.7392600627377,1.676226761375807
1313.8703556000412,1.3340513955049271
1318.0219130713742,1.3027020862863044
1322.174765136835,2.200672589916975
1326.3256310790362,2.422311445905047
1330.478744638202,1.502575825772348
1334.6295832403068,0.1926805517848068
1338.7878188048833,-1.7554350738433309
1342.9504365326093,-2.728688194496103
1347.1087890366837,-1.9790581840983876
1351.2408635212798,0.2812907301700715
1355.3262999725973,1.1008017309011555
1359.3806207049445,-0.2241010625830344
1363.404462351099,-0.2412454438332132
1367.406564237463,1.758491123764777
1371.3811298171413,2.54332256575675
1375.3226781614185,0.8049607884708421
1379.243813133961,1.708852283969085
1383.1182691346785,3.7471390957288673
1386.9304848535544,6.049452190022276
1390.6902664967029,8.209276144043587
1394.4027150293662,8.084705379940361
1398.083593588615,6.88295563156499
1401.740905777151,5.345776828070052
1405.3764557352893,4.388473651675559
1408.987545246434,3.4814085688914647
1412.569417248181,3.934410825452569
1416.1180394602927,4.568358092018574
1419.6144825564434,5.374164541879407
1423.0672456922289,3.594975119885698
1426.4971311697127,1.812972844775257
1429.9121281014066,0.788233294849532
1433.33039133646,1.1851330344365167
1436.7540571912286,1.9291399724499247
1440.1841796240558,1.1468020069317442
1443.6112213524048,-0.2134358456503484
1447.0448885569697,-1.2510444622804089
1450.476284030891,-2.7443694687482765
1453.923092761605,-3.67753809398238
1457.3843027986466,-2.7078551009194056
1460.8685891397563,-1.449853984010349
1464.3619104559891,-1.0665556312874411
1467.8416086903085,-0.3898260621800946
1471.3173039194899,0.0728320693344788
1474.777380144377,2.304484362147065
1478.2233631244608,2.376331170877976
1481.6568959667748,0.175525647515109
1485.0701073516589,-0.8055908004791829
1488.477397376925,-1.246876327650409
1491.890544960696,-0.7688826015554342
1495.3078702510152,0.6621524193543415
1498.7108568098506,2.020175941012325
1502.1030509958414,3.9323577545254103
1505.5048212125027,3.277542875290884
1508.9322206910485,1.4381332308222796
1512.3707356061987,2.3648911544634803
1515.8084592632013,2.245902138212505
1519.2449480688554,1.6547947276442587
1522.6759935259809,2.339644808864144
1526.1014155746793,2.252675975378675
1529.5034123006615,0.8908207906922159
1532.8829927771724,0.8108067686977821
1536.2416293403237,0.1051584235905341
1539.5879078033634,-0.535350433593319
1542.9196784620349,0.5394462337653596
1546.250211824223,2.5516409605576644
1549.5714489645761,2.1000146295265933
1552.8839698064307,-0.1381622268744713
1556.2056243079558,0.0817764218019749
1559.5468804148768,-0.1474891188935936
1562.9126685515957,1.3476911461179293
1566.3168147575213,1.0794439229794948
1569.7650294079128,0.19616187842149
1573.2508854354478,-1.20118849896307
1576.7624815304112,-1.3345814844731307
1580.3031540908719,-1.4748908862821146
1583.8597017325474,-1.014274782068864
1587.424045429885,-0.7361107455139971
1590.9850640584416,-0.1465892466564217
1594.5374338400986,0.1571930459114576
1598.0837615429475,1.2182392322636466
1601.631395982746,1.1595280665903995
1605.1843482406632,0.8693915503466397
1608.7363441715815,0.4963478267947016
1612.294350491456,2.0986291631374305
1615.86507102809,0.8195444760052208
1619.4330922443025,1.8365524294187276
1622.9957871716388,2.2686215539360477
1626.5448201878835,3.415897625336075
1630.089410744344,5.050803811612036
1633.630264851404,5.657802093860446
1637.164494830315,5.380558045620363
1640.674088052361,4.9803710512322485
1644.1675654050227,4.468048626008777
1647.639996696256,2.746549624400114
1651.0730193599616,2.088013417667866
1654.4862312545692,1.3515872821787047
1657.873505929236,1.8833846452073884
1661.2346949293346,-0.1135442270987032
1664.5677372925938,-2.3708858068056404
1667.8725076271007,-1.4984852392993513
1671.1522855487851,1.2204590484563251
1674.4030698550862,1.89604035475149
1677.625622278901,2.1946969168318717
1680.8315549900558,2.066081609207272
1684.0405636227802,2.847731977850961
1687.2447692505298,3.534823929224941
1690.4314380413846,4.10813359513303
1693.6099432225917,3.756289596472962
1696.7861949053472,2.6951954501779354
1699.9586389624055,2.417130749883083
1703.1093185938762,1.4583535918746282
1706.2113336425462,2.6256148504273837
1709.2899207801618,4.831425041419362
1712.3695024057608,4.727491072839346
1715.4314845837193,2.963222515811651
1718.4990450131468,1.838510776319532
1721.5738186859903,2.054999474462965
1724.649366700469,1.8861799801686252
1727.7409401312864,1.9511808369446548
1730.8343299154972,1.8947523408226348
1733.927896756218,2.2572211872601384
1737.010421552687,0.6283095765457232
1740.0638910117743,-0.2182865115076993
1743.0981211506323,0.2256871609788547
1746.1192539530105,0.4859985428498178
1749.1298230422312,1.6173609086425458
1752.1222212045718,1.3602304176189586
1755.0833515460952,-0.2064762319188116
1758.0257773435656,-1.976040258632544
1760.95521246948,-1.3409815584248042
1763.8567784537981,-1.1288863064360184
1766.7272041381445,0.4584505284987634
1769.5587588425913,1.3557525376985988
1772.366448781144,1.940705607567626
1775.1626660983345,3.0643833235156777
1777.9435281719338,1.5170456858273575
1780.7131527759436,1.721101488006847
1783.4841128582573,2.335973783818092
1786.2535857810285,2.988876309143468
1789.0157494392586,3.345817375443513
1791.7827021423034,1.8025659208543503
1794.5618327310615,0.2524120474427557
1797.3513541280472,0.830510024934453
1800.1790423580362,1.2348690458681522
1803.026643869534,-0.0624034471507433
1805.8954921179568,-1.5415041304010648
1808.795154516478,-2.929895367853505
1811.7076050786536,-4.124947705626127
1814.6392702909172,-4.888727732036044
1817.5828607497292,-4.701916673433314
1820.5196705697815,-3.658165027799275
1823.4500905484247,-3.211230506913557
1826.369886406239,-4.212858121266114
1829.2820738515557,-3.4153232517374983
1832.1655847100678,-1.9677437905446284
1835.0258845756875,-2.029620103858819
1837.874409847752,-2.7571741125176272
1840.7031074014967,-1.5856689263490211
1843.5113490187925,-0.2291440244063132
1846.290743246951,2.1162391364481614
1849.0435609089955,4.050399500943836
1851.7769562812332,5.660726852766216
1854.4851804473026,5.969210826386712
1857.1585460280132,5.979272821715799
1859.8156793113033,4.9439634324930335
1862.4665820029618,2.440704504421109
1865.1110928643493,0.873032124269647
1867.7562277370498,-1.1337515715186344
1870.409133157102,-0.5967509417727429
1873.0748948049065,-0.0757879757626014
1875.7500693288127,1.139623908303815
1878.4294271992203,1.1887397435299476
1881.1024561896595,1.527701909174144
1883.7804151112132,3.121468342388044
1886.4715458874925,4.146909839770769
1889.1758369252743,3.983356557145001
1891.8734381582362,3.807539256632734
1894.56542204658,4.671869578834854
1897.2471884039558,3.4709059512482234
1899.9160782964043,2.63363331970692
1902.596300414566,2.9349862725247737
1905.2966682625383,3.836310442758544
1908.0108283787451,3.4852157329671005
1910.7371799785367,3.437991407701112
1913.4953514192807,1.415961971824012
1916.2743263129178,1.4077407801486506
1919.0786464141859,0.862378184587024
1921.9119746892038,1.0932736902594442
1924.7616673817479,0.3345491748354186
1927.648453653295,0.8550176679770463
1930.5661795582266,-0.1578487192075149
1933.5133115917524,-1.4371522809267383
1936.4683975449761,-1.1670999690571997
1939.4327759836754,-0.7166726674209352
1942.4068481634583,1.829586498508512
1945.396715829181,2.36689065913306
1948.3848395650098,1.7161067669082075
1951.3581951770898,0.6380319551527137
1954.3268551963588,-0.6522356654424837
1957.293634954356,-1.5690945121218318
1960.263633974016,-1.0718735195808191
1963.2314283451683,0.028602379087682
1966.1828644756513,0.414324372563927
1969.127738655439,0.60023636062851
1972.0706794909006,0.7660040468386715
1975.0030650159667,0.5565558130632953
1977.9184070932804,2.34557124491883
1980.830336801466,1.346059601613862
1983.749262998568,-0.6456128754207765
1986.646671156615,-1.8778712280240264
1989.5324111123464,-1.1600692968569506
1992.393878983749,-0.6881630219955158
1995.2410654938428,0.2219143290422721
1998.0488744195854,1.2995350474340608
2000.8408597748853,2.5642483060655765
2003.6202672778186,2.033091877031766
2006.3825586159965,1.722529784237247
2009.1239080010664,0.0585754911902458
2011.8524457354224,-0.9071183458217924
2014.5860975965393,-0.7840327464759281
2017.3467454797726,-0.0288670520466192
2020.1278980605102,0.6191709045406639
2022.9188817509796,-0.5102075000510786
2025.7195263768376,-0.6008937338234018
2028.5371487396183,0.0019297255096687
2031.3828057468613,1.1746155118352868
2034.2584285619948,2.3629118898048764
2037.1670745846664,2.663029199219772
2040.1107316032103,3.8345000227991073
2043.0633422401997,3.392456683843558
2046.0091885675408,3.707003554095017
2048.9564452395584,4.206566076094077
2051.9027555086445,4.378423663638423
2054.8523238378407,5.054470096191212
2057.807696801573,2.484216172071685
2060.7856880013965,0.432473409768026
2063.7788872722094,-2.1699216588946784
2066.775088503639,-2.543254272366383
2069.76270139092,-2.929338156370709
2072.740018191321,-1.937870966074961
2075.703818604913,-4.102065113044971
2078.6539250167416,-4.700241118859127
2081.5802107211757,-5.162943497591122
2084.4782330090716,-4.503217000269932
2087.3510650671033,-2.2114395489162666
2090.196431351599,-1.7520072376746374
2093.0268213853806,-2.3246030065901744
2095.8565449180414,-1.0309478673088632
2098.6963874306425,-2.0146139690806115
2101.5363544433776,-2.2206631694449164
2104.3853923605334,-0.3800606403822657
2107.2531556874455,1.5736888693067264
2110.1327339177974,1.882780720586663
2113.0180449477493,1.6428583297112085
2115.916959173905,2.34797062793627
2118.8413732058634,2.7334264373125245
2121.7920467799245,3.0571318282168165
2124.7522361864385,1.6235427002392429
2127.7157851278344,1.115324076085496
2130.6827199997147,0.0078005593401107
2133.640901392558,1.0092527009467918
2136.5778645423525,-0.9865105024359296
2139.4922167654167,-2.230573200643281
2142.3943438900187,-3.217023229010069
2145.268365388056,-1.8306450417494295
2148.1025063054753,-0.3865456725052881
2150.9049111563118,-0.6572694803252626
2153.6885021547378,-0.2633217668851443
2156.4600819719512,1.826913020115678
2159.218237662385,3.988003156505045
2161.97391705804,3.457595855494561
2164.726311226419,1.7186330064580786
2167.4591001928793,0.8041634283732547
2170.188450273507,-0.5828516739506331
2172.908643507332,-0.2526956820599152
2175.5940003648716,-0.0966824554680555
2178.248560293499,1.1008929362255748
2180.878027857162,1.995623506260733
2183.4876005084598,2.954109046009167
2186.074217635818,2.593788132778612
2188.6343205544035,3.157207994810189
2191.176378615128,2.012972518931943
2193.6925215068677,0.6546509736591343
2196.1864878022757,0.8752378903080971
2198.6591084542524,0.3893626851101534
2201.106160412918,-1.160067351449598
2203.532791623369,-1.4540752867552158
2205.9415972400375,-2.051983737235657
2208.3118125780156,-3.5801789037386555
2210.6615044509385,-4.082651260200985
2213.001355631325,-3.9018432974362742
2215.3372250708867,-3.5147694518598662
2217.6755855164847,-2.376056564763916
2220.030528811398,-1.0737316145699598
2222.4012333108244,-1.7581550040587823
2224.777451534342,-2.937678668221234
2227.1585815635653,-1.9484063077658584
2229.548649725618,-1.7901345062231877
2231.928297651356,-2.4976270239455944
2234.282635210744,-1.8968839432718432
2236.6228488777633,-1.8576829093815657
2238.953266389645,-2.0612418767276925
2241.2796435468813,-2.363593665974056
2243.6042147930784,-1.5633056542047168
2245.908863618094,-3.353736979315641
2248.1856188878387,-5.416679784222162
2250.445182759244,-7.486597459253359
2252.6995973231533,-9.041143351638606
2254.945292208589,-8.824954631564868
2257.174586028166,-9.71617394791029
2259.37640533397,-6.503743628160542
2261.5460288177896,-4.015377393383295
2263.681646603362,-1.0795632268155475
2265.8040962983546,0.458378097542661
2267.9251843917104,0.8990935536273005
2270.041523252432,0.1944960221883451
2272.1454832765785,-1.8918391143659008
2274.2482517969106,-0.7952623047327301
2276.3568640889957,-0.8119298243427201
2278.470625483033,-1.304250443304751
2280.5849378478456,-2.4203596363070385
2282.705689668147,-3.2256778352226063
2284.8435621427006,-3.98912073501942
2286.9820763188272,-2.325493930490577
2289.1064924991915,-2.2179607352936275
2291.2153909985973,-2.8180287833912154
2293.3201910236903,-3.794243675691181
2295.417208247593,-3.1650084816084703
2297.4960114315722,-3.1709242912221254
2299.555007310507,-3.816351020958432
2301.6022694871203,-4.361114593951201
2303.6559827249152,-3.751382968405293
2305.7254749477543,-3.785445829436724
2307.808166982734,-4.401257129227611
2309.9132362574596,-4.711719981122157
2312.0466474004543,-4.717181911859868
2314.205405555039,-5.160307481535253
2316.3864248656546,-4.772170592523265
2318.5867998084836,-4.201816213411922
2320.8298677061925,-3.2219828606507943
2323.111468122924,-2.51801051225538
2325.4238534591746,-1.8758968098605495
2327.753997805738,-1.4461355295881693
2330.0903392508985,-2.555465560538388
2332.42619964115,-3.998412275120395
2334.761959849957,-2.909716016877012
2337.0888206756867,-3.0809893936567407
2339.4091773829596,-2.253645965343019
2341.735513221081,-2.692325778620477
2344.0578365437,-2.3680081231802945
2346.383208876986,-3.62256454231453
2348.7075723172698,-1.917867768408964
2351.038991877891,-1.8662444727517784
2353.384370170073,-1.647221666520628
2355.743865801653,-2.760532616204894
2358.094614924571,-2.061000416367468
2360.43970940291,-2.4170544611958302
2362.797235628504,-3.183191675994175
2365.139045574707,-2.832396406809074
2367.4576065355204,-2.28267814626853
2369.7600386449535,-1.4258345661878855
2372.0454325458168,-1.1197644688131716
2374.288559351235,-0.2968679962888145
2376.4834857086666,1.3751424665798246
2378.6471979842518,1.146174653857717
2380.793324285156,0.5634062356751657
2382.9254053735403,-1.5381244783460295
2385.0415223640625,-2.2430297319646737
2387.1529196791184,-0.4907806194897219
2389.2582247209816,0.017173517624908
2391.3539695896384,0.2859661701466766
2393.4354311592633,0.9927365141974956
2395.5114015702397,2.419197659733416
2397.5858267138287,0.6285999255010766
2399.6643645677254,1.0621003565564653
2401.7504054968763,0.8327647716943498
2403.8460108400036,-0.3691585262235373
2405.9673037872944,-0.8754429129677208
2408.1179879383676,-1.9903293412937044
2410.281870695522,-2.0275506879865985
2412.4574867180836,-1.5254879147091702
2414.6646322312636,0.5740725062398162
2416.8974324858723,1.7060401378830017
2419.1542375305344,1.229193321475591
2421.4233512738815,-1.0355348253889205
2423.692155807363,-2.565523858166282
2425.9792091375994,-3.0842119581394805
2428.272189581374,-1.3024061881699849
2430.5649820424223,-0.769538094693694
2432.860346437226,0.3717870341308548
2435.1349388003796,-0.0125413996214793
2437.360408279637,2.8960402162969507
2439.562066179822,5.967129850928609
2441.7519374901503,6.730107991128458
2443.9267138914474,3.636217069618708
2446.071615714235,1.1487300094888913
2448.1943313123334,-0.4258603648648493
2450.297915679935,-2.3352225231423667
2452.3787826832154,-3.586882743085144
2454.432956547876,-1.463666382710432
2456.45850334285,-0.527279738300082
2458.47944872591,-0.083723541034634
2460.4933850285224,0.0623156577115316
2462.4962821764075,-0.3186482994410739
2464.4979656252776,-0.5939569763824007
2466.495032190274,-0.3785236378425376
2468.5009737697255,-0.4385950427966563
2470.5049418889907,0.7178766003705696
2472.50039248309,0.1839014413920127
2474.502069029776,-1.2847638469456948
2476.5162524007897,-2.776297232381965
2478.544194125003,-3.731326060545645
2480.586294013632,-2.945681212723419
2482.6328542451624,-4.562832776219958
2484.6739123468465,-4.348017216554928
2486.7014006849663,-5.722301879608748
2488.736560484186,-6.064358189243528
2490.795347188714,-6.77284175760899
2492.861591953636,-6.115935194546028
2494.9351478103076,-6.095582267670353
2497.023382191624,-4.736514436097368
2499.1204719508237,-2.1774310380663584
2501.2249368863995,-1.0008198577627132
2503.335048144476,-0.0383178002696844
2505.458895358613,1.4997927032834202
2507.591643681403,1.197155010635416
2509.7133374358546,0.2280763276343926
2511.830565873078,1.266068636140146
2513.956120867741,1.4854648555454593
2516.0851660457943,-0.5614387085009311
2518.2032898533885,-2.937367661365469
2520.3156869830586,-2.362258205510524
2522.4167949324315,-2.477689807606355
2524.5075420966123,-4.046482161607837
2526.597119020084,-5.047999465301736
2528.7030581811014,-3.8648802828621673
2530.820883326403,-4.098004372934916
2532.962598698211,-3.118753912329122
2535.1256746191953,-1.8448707443303136
2537.3002198053578,-1.1280623689074178
2539.4918670799952,-1.017034470215733
2541.7068670488775,-0.0972070703759018
2543.94402433329,1.1042505860375678
2546.2259585994634,-0.5724351790606674
2548.543446083815,-3.0044021674282675
2550.892555425193,-2.52950860675113
2553.280396945266,-2.191208745629372
2555.6816485314994,-2.7232729095555754
2558.0916157750185,-2.820284288146964
2560.5051828152605,-1.326358354277939
2562.9500926145734,0.8527780136672648
2565.4086829534954,0.2406495986179677
2567.870109043786,-0.8073879765670945
2570.332042130432,-1.0161721680874427
2572.7862041823464,0.3110769643438038
2575.2223946496947,-0.3607835021825671
2577.636229185167,-1.0873166073131737
2580.020801089305,-2.667388944358465
2582.390441469372,-1.985376802447404
2584.739568248713,-3.060355728947073
2587.081157327435,-2.1394783457798368
2589.431578734697,-2.4432586189691845
2591.803289876053,-0.8553359109446874
2594.19345009597,0.4375672873746898
2596.587268994366,0.9300635980943568
2598.9724698092646,0.3545442406087425
2601.3677933677855,0.0746574529109095
2603.7605352678993,-0.4764253057337863
2606.167707557056,-1.8003868167979993
2608.579089932243,0.119359938398055
2610.978538365171,1.3715041656001612
2613.3789084427854,4.028711549163612
2615.7775425429077,5.647397647247393
2618.1676541304,4.423724716810581
2620.5318050243973,2.745338182870152
2622.855492918456,1.92731921224297
2625.143564394402,2.151399961135476
2627.4082108954767,3.4363281202447915
2629.6644077014344,4.8707464526506286
2631.917537982577,4.906654555890766
2634.162297526326,5.124999107840566
2636.396016698183,3.236883856051556
2638.624231723301,1.4500478281488736
2640.841325308656,1.7097008911592813
2643.0384941317916,2.069465756348172
2645.2324392039845,-0.5849813208582977
2647.4257777330463,-2.66695857462738
2649.6177828903915,-1.6202959051571435
2651.827130646637,0.0479114333041722
2654.065203487946,0.6474476293389779
2656.311640057238,1.7739577548069163
2658.561111118812,1.5019631632235126
2660.8069153411166,0.3354006077211489
2663.062513546524,-1.3724354734415982
2665.328366951977,-2.402099401150925
2667.594244685946,-2.256829222627549
2669.8708293548816,-1.5654964998353775
2672.161493272921,-1.6468878273455363
2674.4715452509026,-1.1363973709106998
2676.8073870673234,-1.067516008028754
2679.154704456954,-1.458873696709531
2681.502068204858,-3.473592429995171
2683.8394966134038,-4.259616974207229
2686.1644330761674,-3.301132101121938
2688.4823970708712,-2.3116982067820917
2690.7837730386286,-0.5746927024828041
2693.0830926574204,-0.8646739470784738
2695.380203944393,-0.9821013990227744
2697.6657754540315,-1.3884401759102594
2699.9345361058754,-2.3435314821036237
2702.198640941297,-2.385790541878092
2704.4579893457494,-1.07931429397782
2706.7402830299075,2.0287670506812656
2709.042680914852,2.517191850756454
2711.335257967938,3.082024584448269
2713.611354346699,2.54212450762954
2715.875855308957,4.525237236749357
2718.1296422735863,3.416366182823568
2720.367634388873,3.1853674481865344
2722.6004076810877,3.0329906959562827
2724.8363808598324,3.01156846244044
2727.102442155719,1.2119414332093728
2729.40372734832,1.1822307003341677
2731.7387977498015,2.5610587717216093
2734.0982324650386,4.780628318102149
2736.4625875921724,3.952100857588724
2738.830536304372,2.930341587592167
2741.214891181706,4.47624616471956
2743.6138967162206,4.196930422527404
2746.0324062697405,5.167212427475359
2748.4544607198573,4.920276945143223
2750.8803268436345,5.244699400440462
2753.314950391557,2.7003243343148444
2755.7739637153873,2.114925132439641
2758.244901561274,-0.1301054120791622
2760.714835026284,-1.2710747506621904
2763.1763047583563,-1.052971583687874
2765.6325970126904,-1.4681598192440208
2768.082602314836,-1.6159293062555302
2770.52678247123,-1.1419146764754844
2772.9512311445837,-1.6535852896751777
2775.3609719547107,-0.1914002856052286
2777.767263405932,-0.2495494789663118
2780.161199759625,1.5859843861825225
2782.561564887878,4.441302656656688
2784.974722607881,6.608293844778494
2787.4087802100416,7.3470881423951635
2789.876264064818,5.089054415276027
2792.365796488255,2.5356305814500195
2794.8741135292603,0.1748137373668866
2797.404566925366,-0.5302438854183664
2799.9481789871656,0.8275616822139116
2802.50548601943,0.935453166407838
2805.0859416245316,1.0457460627190711
2807.683233196749,-0.6600318608453045
2810.2891560206635,-1.9377905366647168
2812.892497447715,-1.6239283074962798
2815.505376413257,-2.768027252438224
2818.127703681911,-2.56683354965956
2820.749862292016,-3.764112965820086
2823.3615350135315,-4.701802501912794
2825.959078750973,-5.831100169368111
2828.555587512593,-3.875220145400992
2831.136500746384,-1.9764991989883645
2833.6870288608816,-1.8386517998187888
2836.2000060778664,-1.9971509064596715
2838.703507109279,0.1041703416378223
2841.209973192566,1.8663969294951304
2843.7022869811794,1.9949448695437848
2846.1850343621327,1.986317936698976
2848.6496114566335,1.5440236010416055
2851.091941069922,1.177646778782944
2853.5247282394266,-0.5966091296233859
2855.9325692752623,-1.747996249645217
2858.3260632432393,-1.8537466948825845
2860.700216323096,-1.0148423395356558
2863.0677542062963,-2.3977757578794408
2865.4307319424806,-2.748672794588978
2867.796521547796,-3.883893858573698
2870.144749546184,-4.058217391373075
2872.4729029868886,-3.5374937235960995
2874.795710753296,-2.041207162629936
2877.117012738016,-1.9350230326634887
2879.434171329198,-1.662382500339912
2881.766414990004,-2.163555623282168
2884.1073390946376,-1.4111843700362008
2886.4618720293042,-1.531036996811184
2888.8153626935805,-0.7286901638109686
2891.1732598847148,0.4248813890975734
2893.5285836018984,1.0209782977728088
2895.8784111265077,1.2582390832161687
2898.2135322292033,-0.4371934969197482
2900.513703437927,0.2884915662542053
2902.7703027341204,0.7829934937273234
2905.0050455062365,2.502500907321733
2907.212891422597,0.6162236208735961
2909.400812222414,-1.7212488940948203
2911.5826667976607,-2.0633057288962333
2913.7609447220284,-2.4480740499409106
2915.9368966210773,-4.257599330022005
2918.116647315822,-4.737841216093358
2920.3093595747787,-5.7762244708481605
2922.523634418529,-6.550919735980302
2924.74449055486,-7.088964945677252
2926.986564619306,-7.213780256627936
2929.2517702014325,-7.239205883897124
2931.5421162984667,-5.115636259250197
2933.856856250197,-5.293280275826591
2936.191740948001,-5.050776216441976
2938.522581809194,-4.7745426787297
2940.8479350317143,-3.772232409502237
2943.1862684511034,-1.92015010981381
2945.521030308733,-1.4752811271670023
2947.862763419074,-0.1745690996304018
2950.203257410747,-1.1749972348061948
2952.5425708235866,-1.696197814783766
2954.8969852167047,-0.5401424162143189
2957.2490606869637,0.9874023626741878
2959.5878879196885,0.2659429694214432
2961.913133872017,-1.2665688678433458
2964.231546870131,-1.4204398971314636
2966.540663577695,-0.4802788809558902
2968.828908254649,0.4819670096348596
2971.109548166984,0.4440561253620616
2973.3675721458326,-0.935209722141221
2975.610207978185,-1.188905434841418
2977.8456996030422,-0.3730348964994645
2980.0697424572154,0.3727837831014363
2982.2878567424136,0.8615494745203908
2984.5087959330117,0.1048198032387667
2986.7215487868316,0.6352048616314891
2988.9202923489443,1.761711035371412
2991.120990860975,1.623799869988816
2993.3255255177937,2.2052323230836985
2995.5310106962297,3.342882680369923
2997.7396525265076,3.9891528172190274
2999.9633777418208,6.031835870538821
3002.2046387984933,6.828813715437209
3004.4549674002083,7.2470064570894035
3006.7253614844676,6.325721640271595
3009.0130380923065,4.769655239136156
3011.299116597154,3.9489394476247783
3013.597170480351,2.8240678036198914
3015.894542311917,2.591012165607812
3018.1899762062776,3.707369797201684
3020.4797980605995,4.471453043793919
3022.7375092571474,3.597160018693594
3024.978262810192,2.923079036388551
3027.2219625918187,1.2426031953621943
3029.4825485587603,0.168087513050553
3031.7548976905737,0.8694237024941379
3034.0495545861886,1.988913739465734
3036.3527132708996,-0.2570805784754841
3038.669624887356,-1.3477373493896168
3040.9977133453067,-1.2089900785442664
3043.3239886187353,-1.581129677514037
3045.6451148566343,-1.913769375794942
3047.9616468435715,-1.0561182929217572
3050.2689302791105,-0.1717342590003393
3052.5642973274985,0.0549587346178977
3054.8525867591375,0.9598924679847118
3057.1558214837282,1.3691676376695354
3059.475488543877,-0.3584894576508577
3061.7950476877327,-1.0881114551422506
3064.1184166005746,-2.6544446717205004
3066.4362521509097,-2.840746632687229
3068.7633489271857,-2.908320692678294
3071.0971055427717,-2.044340861843273
3073.4131393844336,-0.7490042630875503
3075.7209896985214,0.2796268447156718
3078.0287368867007,-0.9394623994525256
3080.3113143130495,-1.9568151613806029
3082.5784893777904,-2.695384407281048
3084.849474417484,-1.9726843271401835
3087.120336361262,-0.449172742050703
3089.39233407656,-0.6354164605281265
3091.6686264860955,-1.7539412392274
3093.9539663028313,-2.615583966597056
3096.2530616446847,-2.800569467977841
3098.5496016990214,-0.1936564750332312
3100.853219138154,2.383602226365083
3103.144816404064,3.741741746168119
3105.424185216987,4.247858685941955
3107.6948318472414,4.439782346051014
3109.9586000484082,3.1059241306728884
3112.231159350665,2.1278144139865542
3114.516315423074,-0.3210004058077955
3116.8072947815804,-1.745974672242799
3119.107065431871,-3.4348317259926606
3121.4120573872615,-2.364784684745598
3123.7091651388905,-2.953047373459876
3126.014850538774,-3.4349793501049537
3128.335989832932,-3.639607843137303
3130.6648707061195,-0.5197787372239224
3133.0200794239454,-0.0433674441684344
3135.4078050951794,0.461926682545375
3137.8229447846447,1.274330391535203
3140.270527025632,1.728933930618662
3142.7372423872757,0.6949182490113471
3145.214956434272,0.1283668393970808
3147.701035937171,0.4696733809255564
3150.189378545842,2.754346812211754
3152.698469446006,1.759132576360441
3155.22999577362,1.513537790207693
3157.789373039149,1.172195579903152
3160.376024588646,1.5653938153131488
3163.0004304992995,2.046028521822192
3165.653235831276,2.001946281069383
3168.321129678973,1.6549197629310008
3171.0096706652116,1.6095947416823877
3173.721896881057,-1.06683901154451
3176.447301779821,-1.0034744027819695
3179.1622651534562,-0.3713810356064271
3181.86549816445,0.7577230638391559
3184.5704079970787,0.793446119868668
3187.2727569616222,0.2634896055929436
3189.9695900297133,-0.9336689124794486
3192.6823323227986,-1.1736487507985518
3195.4300625881324,-1.253960689380093
3198.20694196875,-2.2987127930265263
3201.0138388109854,-2.820870997886071
3203.8481862478757,-1.0071093523227848
3206.708207918184,0.6794759993923842
3209.5854696930305,0.8617978510993258
3212.480974231592,0.0403929554955971
3215.3897524478166,-0.067584762246236
3218.2995384782307,-0.3179525535090095
3221.2065144279914,-0.1633711843500995
3224.1016309372903,-0.9543343477049744
3226.981087384401,-2.501505953056524
3229.856040491919,-2.214753490729554
3232.725264073109,-1.4013135947567177
3235.59773425348,-0.27477683232402
3238.4698870702387,0.0422377968887213
3241.3465253375316,1.9172278606736173
3244.2294269692034,2.33440294422734
3247.1033510730385,2.6039453438754743
3249.9467077822524,3.6057733558661287
3252.735709719588,4.395146300003343
3255.4861121751696,3.810172444712393
3258.2014419858497,3.560499674442881
3260.895563699769,3.884175417824828
3263.5772657145844,4.833784851845822
3266.2431498860906,5.493242420686107
3268.8973532493137,4.353297298583678
3271.513358157384,2.567287949485962
3274.0884282346833,1.597322786885148
3276.6573939727346,0.8025460635218951
3279.2194056948765,0.5652938795181981
3281.768718164706,0.5788093450615502
3284.303939315518,0.8430411473030853
3286.8328091970766,-0.9868462398960676
3289.3571992211682,-3.037414830105788
3291.858087646853,-3.7442553172208815
3294.3487296351227,-2.7267929068810703
3296.8368616593593,-3.176037657499432
3299.302072127367,-0.6343195944407625
3301.7510407032337,1.0698785894173324
3304.1869054982144,2.1468208429135918
3306.6061093565263,0.8238131468987553
3309.0214444055155,1.8589184813146444
3311.4415282790505,0.4961842860151308
3313.8396719393336,-0.6415301878133975
3316.218388597904,-1.084653331154843
3318.577416414683,-0.8582789999319489
3320.9237370534033,-2.0320656050695494
3323.26277339553,-2.641889457948231
3325.6144697489167,-2.821830933371726
3327.968847959702,-2.749730534590067
3330.3220307549327,-3.725277739391047
3332.6885319313687,-5.565823443930905
3335.074989905471,-4.488929837238209
3337.4672632904967,-2.277201077329904
3339.8512805829614,-0.4236425330068044
3342.204301496505,1.6598960022507778
3344.5345818672617,-0.8056957441985526
3346.8587454396734,-1.4586331661502234
3349.1945344781448,-3.619324934863784
3351.526193107298,-3.5682115680913613
3353.8395193296333,-4.900579261466151
3356.1475773231637,-4.608471711965003
3358.459552968301,-4.949449933194794
3360.768127042491,-5.248289067523319
3363.0761389661366,-3.8187866833963167
3365.378304125997,-1.9610281053146923
3367.677084884809,-0.4799372720831716
3369.956678045271,-0.0983667517743074
3372.209922030034,-0.282709706549028
3374.4534440521347,1.2264228558894046
3376.666414412803,1.77136825313202
3378.852633584642,3.1338961260896645
3381.0359324001315,3.987817408035242
3383.217589565247,5.378228830168075
3385.400680299183,4.105735546414648
3387.586930211181,4.343593962972304
3389.7699426131376,2.3524125054309386
3391.9581814190087,4.194929975893516
3394.1592109084413,5.284974744577403
3396.358400625537,5.642345788039458
3398.546183539,3.049868470105963
3400.7195763789055,2.394893817785974
3402.892292398851,2.363217767215509
3405.081423801252,1.8726767992886848
3407.277718399366,0.6104195063692299
3409.492046354643,1.8521437243238237
3411.712188007988,1.4484205598800195
3413.9429194852605,0.7467440018547354
3416.193916391657,-1.2399002606922562
3418.4521699130423,-1.6853285289779294
3420.716839911123,-1.6683574445551457
3422.9809190092287,-0.882447113788334
3425.2398148086777,-0.8810063965163837
3427.495039567148,1.3022707828902331
3429.7490021574704,1.987256298529761
3432.018311802667,0.8637651294727378
3434.2890138992425,-0.5562763916535871
3436.5575852381735,-2.241172108366024
3438.8191011583367,-4.099781960224307
3441.0684996277428,-3.189082533021204
3443.302146467587,-4.275154669797423
3445.5213644930277,-4.5130476254794845
3447.729148053414,-5.34399527399936
3449.923863826201,-4.866562372985629
3452.118038216257,-3.796851176951255
3454.3142812382525,-3.661747130088465
3456.4966049146055,-3.7409698065749897
3458.6606642578986,-5.701716527333159
3460.8205051520376,-6.748752807599431
3462.9644093494317,-5.676476058934696
3465.0978709783435,-5.815420001097311
3467.224059639722,-4.864374847789431
3469.3311920014635,-4.26740595152358
3471.418169064394,-2.856543186640536
3473.4891642865628,-0.63046462145588
3475.5425351182043,-0.6330073188059397
3477.5720548265745,-1.5502653112574771
3479.5956879601185,-2.152279162528684
3481.622157803805,-1.7076881352779854
3483.6509177302405,-2.6659803156575093
3485.68351869064,-2.4881813889164035
3487.7019608301603,-1.343439161397853
3489.7031054686695,-0.646957533789616
3491.686333132148,0.7081606270961904
3493.6562116868918,0.2866233181364654
3495.6052492192994,1.150130645179201
3497.5391902130755,1.302989016553392
3499.4482270954545,-0.2941526183734837
3501.3299558970257,-3.7227531717618487
3503.1604244693417,-4.825096951242686
3504.9650879078026,-5.174687175874337
3506.7508152198816,-6.086688079683234
3508.510423808366,-6.04755890377868
3510.2498261982155,-5.539257719685704
3511.9799770339628,-4.331768567917296
3513.697030950769,-1.7450089759455654
3515.3924074626193,0.3500863596488054
3517.074007276907,1.6434002220825172
3518.722374347256,1.3102545297941712
3520.355875878426,1.8703299336069432
3521.978567791417,4.264081034377694
3523.5975619328883,3.5091847783341485
3525.2222801638322,4.272157123599249
3526.874408150815,2.9856695156042665
3528.5519941655243,2.8275628328517475
3530.247203881682,1.2960331199250583
3531.9521314350895,1.2119547803474364
3533.6723292375636,0.1032724104590702
3535.39945800423,2.024173016649054
3537.1251505215514,1.0845889713475303
3538.8465106428494,0.4484933809613512
3540.570763014985,1.0978255366327874
3542.297481139822,-0.5964461973075719
3544.0260518146943,0.3625040383656017
3545.772005249671,0.7133675510652817
3547.5209602856826,1.2444691514610091
3549.256426803882,1.5028777602619303
3550.9716607278274,0.8435684873969858
3552.6630724952943,1.217810097028036
3554.332836459087,1.8497052958256857
3555.961863710783,1.2684373609407853
3557.564077908866,-1.5301906807034067
3559.162096966747,-3.1018676969888728
3560.7412943761374,-3.413751035069536
3562.3087819485145,-2.9660851820757874
3563.874756188515,-3.14751447671843
3565.436794692533,-3.829496569211909
3566.974241327839,-3.3490284933174403
3568.483074851709,-4.494430632352958
3569.9767023271256,-5.692534773618337
3571.4665762846093,-6.385962409317757
3572.959190083169,-7.716641148148477
3574.4647643288226,-7.256436051980076
3575.9766318620495,-7.920804853088712
3577.4883960196444,-6.230310639553732
3578.994035269348,-3.130053702886625
3580.4623272382228,-1.4957259309592703
3581.895787331271,-0.3962495043996921
3583.303201710722,0.2252858438370219
3584.6777819225686,-0.227655346032132
3586.0251300225423,0.3481634153854518
3587.347256327006,0.5544799733007664
3588.65792242387,1.3561420674887743
3589.9507903034378,1.7199167287218875
3591.231316390614,-0.0848562198359983
3592.51708377306,-1.516358663113421
3593.8024924019987,-3.2467600263746066
3595.0948482017698,-2.25972076982649
3596.3766367005505,-3.107532462565901
3597.6490282283553,-4.510292397749817
3598.9201766443916,-4.878718430243829
3600.1831397498613,-5.292840092457011
3601.437891028919,-3.907481052597765
3602.68446931931,-2.1713282345443554
3603.927941127911,-0.9669545514767371
3605.1635442486418,0.6416594142387453
3606.3707771975473,1.4296295170567406
3607.564741193859,1.8905839597445635
3608.7256327276123,1.5886707770145403
3609.854530673721,1.4918911227606064
3610.955968046325,1.9778936843430064
3612.029477261435,1.0994514690030568
3613.071966580072,0.6411529705942499
3614.091180163262,1.7861597768390896
3615.0858476996045,2.384930586334155
3616.0710816631185,-0.3133768264502476
3617.046718647292,-2.685749335453716
3618.030727992849,-1.970417211885042
3619.0178113341185,-0.2309691399720267
3620.0210616702375,0.8565956225437568
3621.042121862102,1.7911514011655068
3622.0619478821577,3.820383119628626
3623.082758958572,4.91204046023129
3624.111596282509,5.159963983555018
3625.1505044103337,5.3793453425677615
3626.208789279635,4.617597591318512
3627.2954358067414,4.199639686431657
3628.396837713167,3.5814593954539284
3629.4930430244576,4.16344881032531
3630.5792293925824,4.999903651150977
3631.642916176546,5.119600741404364
3632.69101376692,3.501398058068799
3633.7319439138946,2.3913729780266024
3634.7638156588614,1.1584141736039806
3635.7798832395224,-1.2359395547807848
3636.7900027602423,-2.0639341123791106
3637.791612196744,-3.9080662099755177
3638.788378254643,-4.030715444641577
3639.7609096064216,-3.923131129480543
3640.70720187576,-4.063279199142601
3641.6447202387067,-2.1970689032412176
3642.578104132338,0.6840027302150533
3643.5100226878635,2.3690195684635857
3644.4305049056993,1.4207363751571844
3645.336119451685,-0.1673909111238389
3646.2427032196997,-2.7326987283579096
3647.1339119193585,-3.6549014472362207
3647.9958203466076,-3.0777982911084694
3648.82098732423,-3.5997376917547066
3649.619460782556,-4.905010014231662
3650.4123944135476,-4.552671077291336
3651.1982793260763,-3.6771890926123247
3651.9787452896685,-3.3958641439900243
3652.7486800128304,-3.3454167581321457
3653.506214091418,-5.0445565818400375
3654.2504515263067,-4.39286477259437
3654.9728172915006,-2.749568111651365
3655.6589145041826,-1.7139519070298332
3656.3142881221065,-1.5642417182251496
3656.9428506566164,-1.2143826492466168
3657.5444722119128,-0.2072853792695619
3658.1509757123495,-1.4857775703005145
3658.7780298040147,-1.4407558299137029
3659.4060614554855,-1.448575074348997
3660.0223473153815,-0.395049667281133
3660.6349847122597,0.7186985686366734
3661.2610001628627,0.426894888953051
3661.8866072678156,0.0473649842405866
3662.514976057249,0.3337555173151562
3663.1377600218907,0.845151888923123
3663.750160301307,1.1835172944627148
3664.3468930620593,2.634685989231227
3664.9239175565876,3.330117151002825
3665.478985485437,3.5126938956812523
3666.007532281891,3.1709101046103885
3666.522919155133,2.0369849405680167
3667.0175989912877,0.0504788598675576
3667.4717523464287,0.5118757901206609
3667.886985438183,-0.8524655429660328
3668.266856532012,-0.946830106441528
3668.6333525035993,-1.009357974771446
3668.992904995647,-0.2014757990667255
3669.3357797317117,-0.2433213060798703
3669.6799839188056,-1.9627628065174023
3670.0313746125994,-1.6204569473697925
3670.39133777601,-1.484392414633556
3670.759795428793,-1.6328170039366483
3671.117126021226,-0.9105321763081456
3671.4633285010677,-1.3618327465141111
3671.793857297504,-1.2435919994864069
3672.106173124387,-2.2411944338614798
3672.4161348996313,-1.8962031508096997
3672.722805265284,-1.927819224570668
3673.0189620775773,-2.021412274594523
3673.301301546591,-1.0653920351356103
3673.5879599376894,-1.4529237778711768
3673.8695853396134,-0.7253186134895556
3674.160424146737,-0.9656509142646086
3674.467967736433,-0.5645228687300864
3674.7913646506063,-2.272372597910844
3675.1377466549316,-3.100886746861719
3675.5119900728787,-3.9929896352605394
3675.9099708933045,-2.450684283814326
3676.3237000530116,-1.632938142115715
3676.760019495183,-1.313156887204429
3677.204183963323,0.1807173042448759
3677.644845918902,0.7725893846740975
3678.0740134771663,1.8609060849612895
3678.490373739894,2.7812461577048326
3678.899674870151,2.065510164744383
3679.2957909654338,1.3121787879316975
3679.7024381189126,0.5266653646041106
3680.1276183297086,-0.0443715557317684
3680.5570290921128,1.5583308021828537
3681.005166586439,0.8558532768233713
3681.4792714851733,1.5593080658002982
3681.985203695584,1.677188616502354
3682.52229440963,2.53580696524363
3683.099837809868,3.0312352698172464
3683.715184675311,4.725788590382074
3684.375017912391,5.8230242905569565
3685.0878733765708,3.6090511629809514
3685.848121703196,0.8450239287511014
3686.6478288109333,-0.556456543902954
3687.469104253076,0.0127926352319499
3688.3070985479285,1.4078341440692042
3689.1780575738658,1.3996229260322053
3690.0852977221743,1.0324378320747676
3691.0154030725234,0.1922248499862913
3691.962364810625,-1.8690301117519363
3692.9232724641492,-3.255405984664034
3693.915394819815,-3.5290221424543127
3694.932410683623,-2.9107691550305983
3695.960110371102,-2.8825407450168967
3696.982176197151,-2.867781263617153
3698.0175931939484,-4.966479165183738
3699.0859607660077,-4.667323583865096
3700.1651257207554,-3.3604204956525603
3701.2626787809563,-3.146086591164272
3702.3844972332704,-3.3591689275537897
3703.5085565109653,-2.7076925164093533
3704.6234214824167,-1.5353700725705477
3705.7350046424776,-0.6046518513209319
3706.839766462434,-0.9891706141174046
3707.9235146438723,-2.086865324726076
3708.999899136605,-3.6119423840668
3710.071301584507,-2.219712825085168
3711.124342597088,-2.163532692230417
3712.1563215347032,-1.3635101883761798
3713.166623349453,-2.366313127819889
3714.1506572500257,-1.7071901778730916
3715.105178584814,-2.017001298674855
3716.0365265527857,-1.942808597249988
3716.9387451525845,-2.360223349721089
3717.8302561396713,-0.1547565066246388
3718.7102401437332,1.5098721836762683
3719.5603082610733,2.3576994827449496
3720.3762111134974,3.157568873545035
3721.1666055930855,4.669762510861101
3721.936232158813,5.884770172179904
3722.6880823749757,4.940681157659163
3723.407702302316,3.6851707055018585
3724.096542047192,2.4274147232719248
3724.76112918172,1.424624199228414
3725.4056703094725,1.1890208448142092
3726.028891426239,0.7694189403499542
3726.6377287533683,1.859350083670496
3727.2378633741414,4.524623384707605
3727.831799240257,4.889514295845164
3728.4190464381504,4.958142491296584
3728.986623403706,4.03570677149835
3729.540572186261,3.6054424449338778
3730.080809072051,2.262169406699741
3730.5973124918123,2.750646063537689
3731.0956214846783,2.411377372042076
3731.5877876299114,3.2107111036589835
3732.070020422857,3.504717574353812
3732.562861107679,1.3971347689343392
3733.089935321071,-1.3865646430910024
3733.642292230738,-2.595144622601517
3734.216926887134,-3.706783591912551
3734.808964947524,-2.527799247586165
3735.4194348956526,-2.6606754553767606
3736.0487067333283,-2.04251956281742
3736.7030442312584,-1.565497113993521
3737.372739373241,-0.7121932601768808
3738.0613710981925,-1.5182631695995203
3738.7817872032897,-2.9668899672854243
3739.538072743164,-3.6256683152393063
3740.309166713654,-2.788457706492227
3741.1126791800057,-1.938112203848929
3741.959777229278,-0.6779901691117857
3742.8303186462076,-0.6680072503951057
3743.7201665155553,-1.3661700373861234
3744.6257498801056,-1.5922074638265336
3745.55272308146,-2.076138278628889
3746.4873577419207,-2.118475308080484
3747.425681539718,-3.157373427834985
3748.3633976428714,-3.4101260529154755
3749.313748574904,-2.55735680722377
3750.2731038874545,-2.6819206577548877
3751.2299319892145,-4.196933822939803
3752.183158338919,-4.20232162445939
3753.112822815552,-3.509445684864559
3754.030182052486,-2.291107036327252
3754.941799181008,-1.2193729979868615
3755.8473074274702,0.0192569463500907
3756.747014571595,1.0342280198499534
3757.6395331742315,3.015847415776858
3758.5398255891096,3.3028303738957936
3759.4483098095347,3.209401033997352
3760.365805171493,3.6307508727344073
3761.3066510183367,3.6561985898934095
3762.2592760846023,4.580033026287981
3763.2275711720736,5.573210895141049
3764.212157691544,4.055987924008908
3765.198770985075,1.5092124084618543
3766.186105797714,-0.3466648657732413
3767.157670488248,-0.3135275078237645
3768.1172484258996,0.9264196889428744
3769.0678240482584,0.5186395130257311
3770.0102992842085,2.022281163831801
3770.9442530051106,0.5729930052129206
3771.8630794139267,0.8507010678224947
3772.759470514167,0.3383529317417057
3773.665023300172,1.6235014397157443
3774.5912719132634,-0.1078896155835831
3775.520006299995,1.4976605852128826
3776.4472589316597,2.352356323626958
3777.376079340764,2.7825208703025868
3778.2981194867584,3.0024120608738936
3779.2035217141556,3.643296792167301
3780.1147768776736,1.7084385898203682
3781.050397185594,0.1658670388616366
3782.0128376157877,-0.4609845578925515
3782.996555058419,0.6007994425769883
3783.9894483939293,2.0708941424237426
3784.989288348141,3.0614628030643867
3786.0024575343846,2.615880981575584
3787.0189663904443,2.9629443173311323
3788.026114152417,2.4306479318876177
3789.012404943687,3.5533555517950104
3789.975800026797,3.092710478626496
3790.921787011165,1.7871079657434703
3791.856002474024,-0.251942914829679
3792.774119106477,-1.776573048776986
3793.667592201517,-2.8932548600903067
3794.5410620088005,-3.494358306610173
3795.4049359227665,-2.546982321156633
3796.2596868812902,-3.854408494985344
3797.106647688356,-3.870026399187641
3797.931158968224,-5.31792803476707
3798.711020762254,-5.873835282749248
3799.4588742400315,-4.635483076336082
3800.184583734097,-4.562051575210854
3800.8939770179127,-4.413512588640149
3801.5890904350563,-2.265721094194968
3802.2767606092234,-0.7389787260387871
3802.9594291065832,-0.4390813993407119
3803.6349288954348,-2.3666723343713194
3804.3221657783824,-0.5141026744949913
3805.0416748899042,-0.1626396733286544
3805.796260819419,-1.9740435459672645
3806.5833971917486,-3.148669141829004
3807.4100898249994,-3.702171906323169
3808.2730186329372,-4.260843028884118
3809.1520255564574,-3.625363661294448
3810.0508463127594,-2.3309603719215675
3810.9751626161874,-1.2114359311291707
3811.8968222540734,-1.803388608453252
3812.8229207096733,-1.06767231997451
3813.750854863017,-1.383071180445679
3814.6642266252306,-1.887730873500572
3815.5584098185986,-3.985670766709233
3816.4331433077073,-3.729083486842727
3817.2888763041756,-2.068421343485519
3818.136045895886,-0.6095862245840402
3818.984146761967,-1.218138882379912
3819.8351041816536,-0.6942415871739444
3820.6923873635624,0.5789292054674933
3821.554568758275,2.232873523075797
3822.424340765175,1.4718443153675906
3823.3135827712617,1.6104196247389737
3824.2252651056683,1.598944935188958
3825.1523084892683,0.6727539089012953
3826.069574728995,-1.8151270242318311
3826.9683609027393,-3.005403351224355
3827.8535090860046,-3.2636504196060687
3828.7237744809477,-3.696976866380029
3829.571362699901,-3.735454499865327
3830.4096383599785,-3.3800671504987707
3831.2476055311804,-2.993113118532094
3832.0808887832295,-3.7148280711441535
3832.8983049196677,-3.415464056015777
3833.6876544351285,-2.8112229307149508
3834.4597801582167,-4.430440518632199
3835.225026087724,-3.931024400579238
3835.9810543720164,-4.404880582377384
3836.7209670888374,-2.85330024051001
3837.4506851605875,0.4085890878645668
3838.173695943397,0.7519697081750834
3838.8809566730333,1.098215671225283
3839.577832905064,2.453984594665
3840.27473454724,4.999612682076498
3840.9606669531977,5.448887778590512
3841.6269687003823,5.043625903850373
3842.2749413902325,3.9616539363745327
3842.894608363495,2.3569842898251903
3843.4979794262727,-0.4780662460681393
3844.0883467424505,-3.146359118512308
3844.6636112758365,-5.757395979725972
3845.2257383001925,-5.261475809171694
3845.789795137327,-2.519323608467581
3846.3664561480064,-0.97452781321688
3846.9453701281977,0.0207504803867775
3847.527293391689,0.1852067815339543
3848.122651977055,1.2958591444431042
3848.7182723089686,1.2119647390497024
3849.3166299299573,-0.112930724091995
3849.903052136926,1.3027242063430526
3850.498442251106,0.9944246979531132
3851.1014529374165,1.3195121468126172
3851.7130855007267,-0.5228739205389589
3852.332619298319,-2.459916430231848
3852.9519413561034,-2.179590351377117
3853.58066379916,-0.1692184803606156
3854.2162203688417,0.0755442872745378
3854.8501868169315,-0.8354880401834253
3855.4881628551384,-0.7073671871156603
3856.1342773527713,-0.0720555735573257
3856.7687401207213,0.798000930445165
3857.3854688377182,0.6182522456794628
3857.995850148043,0.8218736418499175
3858.6118392167673,1.0642922200248317
3859.2317925346465,1.0834558836615538
3859.859974036057,1.452368749131519
3860.4958016132055,-0.0366401654875487
3861.1378808494273,0.5896594514596161
3861.7557701167284,0.8597224082643126
3862.357833462956,2.05511556192118
3862.9510532592794,3.523822448325642
3863.546786268425,3.760361035702639
3864.143449647366,2.782887572658482
3864.737159243226,1.944823332139331
3865.329640328029,1.7813538397242263
3865.91371046949,2.3078394032161915
3866.495385626227,3.4458797725779697
3867.071681988146,3.477092903844184
3867.6234935906473,2.32100891850346
3868.16771019767,0.6977045806707084
3868.721903561804,0.3365591479091168
3869.286392920263,-0.4727582414755061
3869.8713388395295,-2.0152818531891703
3870.4743684103682,-3.743813847984729
3871.081557229774,-4.360478768449146
3871.676552625987,-3.730388862990632
3872.2741933856087,-3.102317148833193
3872.87530555067,-1.288318788548784
3873.4701850820056,0.2687907263368605
3874.058113739252,2.087115030852007
3874.632673872167,0.9411820596741538
3875.184845645515,1.3446316156478038
3875.712729987461,-0.0018723080827021
3876.2299485402677,-1.317223478053648
3876.7266772847915,-3.0614383694517806
3877.2037012340415,-3.1236904231786795
3877.666118420986,-1.466740433977865
3878.1211586729755,-0.3331301847579579
3878.581386717463,-0.1713687808834446
3879.0488379542376,-1.2425269682735345
3879.520635782663,-1.6715747998995072
3880.0127914298832,-3.045263413952052
3880.5076448433906,-2.2551855827110163
3881.0137982704778,-1.9071008414391843
3881.510838824286,-0.6919050689048747
3882.0003464590695,-2.2428811085260265
3882.5151382296,-1.3344065589392666
3883.0432395091057,-0.6907866398325784
3883.562076340094,0.399185514798299
3884.0663511438324,-0.2975677470407146
3884.5507255413886,-2.1011976278958797
3885.0268249952956,-3.995261183379534
3885.495839202987,-3.635530017778846
3885.9488995494808,-1.056092188504892
3886.4044740866393,-0.475424321788037
3886.864967255089,0.2770068374977615
3887.3174202020673,1.4039331485850757
3887.7755521110603,2.5003927110528004
3888.239001182697,2.2048824237733933
3888.710608963839,1.5938286691849188
3889.1919138844482,2.123600462683396
3889.6810934436003,2.3944916485022807
3890.166768430714,2.6747741586347806
3890.6439383127818,2.6874087724212266
3891.107484727355,3.2677970765676765
3891.563566733561,2.859309841519052
3892.006189092733,2.692029436199398
3892.4624007508874,2.099737916260304
3892.942300823387,0.4649938203722701
3893.4530554275843,-0.8207193293368954
3893.983576131721,-1.4922525486719271
3894.5278812352135,-1.859980188415291
3895.0793013904167,-0.8192789335802566
3895.6168056647384,-1.6714596128710713
3896.1479580051623,-1.5529356372087944
3896.6651696839835,-1.3909904450204134
3897.16185273872,-1.819232958339424
3897.639098315707,-0.5013175471213942
3898.1034812434027,-0.5229552633077831
3898.555126376327,-0.1926632834139821
3899.004183512268,-0.4879696162826176
3899.4427273261717,-0.6081893103041228
3899.8805147761404,-0.8920904544464286
3900.2992924989735,-0.46448430050551
3900.702345223044,0.4947424989479981
3901.0842052533912,-0.5885621188766172
3901.4530244051975,-0.2364496988076819
3901.7931463290197,-0.2732611887652096
3902.113120498151,0.4497886360025186
3902.4144722983815,0.4390719986459453
3902.712381962469,0.3207350328384919
3903.0110515194647,1.2792820766066055
3903.315946221083,2.648077626107689
3903.620880038997,4.376708817544835
3903.9318448178847,4.24607683726169
3904.2449293376353,1.6665511430149256
3904.553496739575,-0.9316641466321064
3904.862800082032,-3.032677553998184
3905.1630166830614,-2.6004920854680567
3905.460985336597,-1.0605808128058989
3905.764534562216,-0.1822016299410959
3906.0637335435267,0.7427011068973319
3906.3501044002787,-1.533079914498675
3906.6260631159134,-2.4492738993692624
3906.9090595227844,-3.842333529720831
3907.2132682637484,-3.868464181712119
3907.539597180287,-3.6025243368353697
3907.8838645643987,-4.164577178564331
3908.2568003989395,-2.348802606115794
3908.6491549912685,-2.7372877738242947
3909.050826599088,-2.5288781698800165
3909.4787200736364,-2.9735868662730787
3909.9227881290135,-4.064692980940833
3910.3777896361785,-4.51197175302816
3910.855584699601,-3.659475503790486
3911.3488140743752,-3.1906998152580384
3911.838469893376,-0.9263270325854808
3912.3269915307474,-0.622596705420712
3912.818892428622,-0.8203477056812256
3913.3164111220754,-1.8815652023016975
3913.83646517946,-3.509242806603481
3914.38530688982,-3.0684472373857288
3914.9387116282946,-2.4873670933221845
3915.4815907053903,-2.285421782800422
3916.019024242018,-0.6165435582257388
3916.5503026550205,-0.4343697657200162
3917.0875303115954,-0.6083502152164633
3917.6227741511725,-2.8807211646313813
3918.146405752661,-4.236442999078427
3918.6394126358114,-4.267105384022623
3919.1105174967415,-5.550293283029999
3919.555995133733,-5.890714222792319
3919.982128754897,-5.143330982843145
3920.397865477448,-3.020334724624523
3920.8023961809695,-2.0629747597130264
3921.1840334237495,-2.4163471063783324
3921.546848426797,-1.5970294084614056
3921.8977696861834,-0.2607788272405059
3922.2496204029044,0.4510404480736983
3922.601035297576,0.9381370716800262
3922.953364756633,1.9334563030852276
3923.3064881353353,1.9897250519177796
3923.6543835520024,0.0196557405181279
3924.0057641564995,-2.2650020318234203
3924.3669427999457,-3.158673075964776
3924.7559304301444,-2.0113865582341406
3925.1727884984753,-1.6346226539226747
3925.601714749971,-2.035633040454418
3926.05023135779,-1.8925248654047864
3926.517249632855,-0.4613271174128137
3926.998902264081,1.9568704817691185
3927.4818756326117,3.1938818691878166
3927.9646201550877,1.879013475618306
3928.442448412745,0.6304342368998337
3928.9250117568713,0.0566053114643476
3929.412121466526,0.3801368506120748
3929.893169675661,-1.3623643473543694
3930.3661288001445,-2.4481878515523854
3930.829715334936,-4.408333463520361
3931.2900883461116,-4.149107313957465
3931.7725573524976,-4.240744396111667
3932.2646189326883,-2.201089418265635
3932.7618849812343,-0.2942210173970707
3933.2590800332773,0.4124837298787295
3933.767774413998,0.4215090146452882
3934.2975657058228,-0.785318568352861
3934.8472305899963,0.4565498492502526
3935.4140680316154,1.1929661629960624
3935.991577125234,1.3149467595246451
3936.573964559508,2.014937995846603
3937.164387436303,1.4758088004839884
3937.7595956296186,0.9556734129045558
3938.342147372279,1.822932852480034
3938.9011730085226,2.205946232926042
3939.429900326896,4.434336641205571
3939.9559640988923,4.95599933588454
3940.4625360907803,3.9043854639427247
3940.964336763062,2.0304867744414814
3941.4867230625105,2.243595822026633
3942.0228335945117,1.6098884627260135
3942.5632251361035,1.6165822168787796
3943.1149095604687,1.5862815262218803
3943.6522356087553,3.5729075786429445
3944.163039966595,3.2985300124612102
3944.626731099262,3.377820450695343
3945.065519880397,2.517014216020149
3945.4883331248006,0.9229327578993132
3945.894626450785,0.590462562927633
3946.2818422509577,1.4301805262053366
3946.651456965278,2.01639733237215
3946.995912301903,1.2985282281166333
3947.32981184599,1.0115268142298672
3947.659919901743,-0.3371159572399842
3947.988459602861,-0.8291528869026019
3948.325388636239,-0.6694751420869403
3948.672149899444,-0.8623639525373918
3949.0313171022426,-2.6987668400622025
3949.403807147561,-1.7311227787199135
3949.79627705535,-0.4354012349399687
3950.2026257740363,1.0430718866558149
3950.623556459038,0.1180937542394726
3951.0591869836976,0.7628093471506935
3951.5001103248433,-1.0512627755163773
3951.943585154024,-2.271434554793851
3952.386770303617,-2.627978854781012
3952.8182529993605,-1.8541924200638924
3953.2599846723356,-2.169613580995513
3953.707877603677,-2.897073865365984
3954.1623274497997,-2.8340804405301263
3954.6202601986547,-1.2634476857851156
3955.0916824813407,-1.191498729632775
3955.577973951139,-1.5304123560589875
3956.0639289579913,1.2340015319830258
3956.5468824519385,2.3527732785656026
3957.0322092177516,2.0524783186472626
3957.533742455582,1.099317206781752
3958.0631781135125,1.433432560704912
3958.623537236614,1.1904443025675504
3959.2140405614628,1.86473984114836
3959.8181114702006,1.017868348760638
3960.4193590442014,1.3816812731773394
3961.0194215578695,1.2900921266059244
3961.6149383027546,3.2357061022455347
3962.2045387761673,4.108362099664685
3962.797422365298,3.382779135333327
3963.384739326152,2.5836414651807766
3963.9742429440207,-0.1855513460505675
3964.5661957125285,-1.1877518048673628
3965.1450829028577,-2.9010341563957778
3965.705419035058,-3.0793494538683226
3966.2652789033214,-1.5282214453225051
3966.8419445323148,1.1917847256256784
3967.4407198231256,2.8058839538484026
3968.071804989946,3.440017691472489
3968.7284826233317,3.084000994102508
3969.3978409682013,3.3825284213696816
3970.0817421121687,2.516720937757488
3970.7652762920725,1.7103648425785218
3971.447943356781,1.6999503935388522
3972.129693599927,0.9051458714277372
3972.7997522590244,0.1321659399940241
3973.458644265387,-0.2764368742496419
3974.1019411303637,-0.2993280383885561
3974.739917302608,0.3250545690616453
3975.3816409620404,-0.0272377505979354
3976.014106864829,-0.2384661079202284
3976.650980230792,-1.1985673741151106
3977.2920108447133,0.5537574197244846
3977.93513707019,1.2416377719634009
3978.5939246462553,0.6919313885349644
3979.2748136787295,0.1944270574266756
3979.974804910725,1.2505269018668042
3980.683459960824,1.8927894637851757
3981.3969644342274,2.2821104882680183
3982.123546236543,1.7724893086367604
3982.862464749522,1.8590587832604804
3983.608785600352,2.325083807493756
3984.3492016426917,3.091265671464719
3985.0760278300636,2.8035906812670404
3985.808050057197,2.688928010915309
3986.5427913040558,0.5858595853521065
3987.288921260819,0.6947521729894309
3988.0423161558997,0.2466182091966211
3988.7901077288434,1.4862008351322828
3989.533333571969,1.1821615970732895
3990.2609579908185,3.146633179603006
3990.978688260709,2.664300515632208
3991.6924162253204,0.9852939757858548
3992.3908832263633,-0.3277973131952995
3993.0759050131996,-0.4304419614444126
3993.745874696442,-0.7933671392526616
3994.403315955554,-0.5487077955583275
3995.062216673811,-0.0894741969118592
3995.7136802702016,0.3328154479791214
3996.340205719704,2.0679523801572146
3996.9451494248196,1.9564922045295463
3997.5471677031464,3.1591910448550835
3998.1253074545234,3.7052151985920463
3998.6861830179914,3.502678575158132
3999.21872192479,1.9783656712913196
3999.722850648497,2.0636432972935297
4000.209568023237,0.9290888465153672
4000.68690248772,-0.618831053094926
4001.146293452,-1.3019958675524457
4001.616625791433,-0.2314953204226385
4002.1092519499434,0.6426966926657844
4002.6129658493983,1.22380057083755
4003.1149717970893,0.8026246277344308
4003.633395881909,-0.1651929250384493
4004.163006704605,-2.458032569425301
4004.6972590439395,-1.9453639848708009
4005.2494874571557,-1.649422182475023
4005.8213019136724,-1.2383824677674502
4006.39418547932,-3.067692523278164
4006.951724363097,-3.067323021034057
4007.491868023192,-2.724713348768958
4008.0301290869315,-1.4893949653339529
4008.577723415964,0.3444386181760845
4009.1377367092405,1.7970178065497713
4009.7057423478545,2.075402283988345
4010.291974821648,0.2201799995422901
4010.896278992207,-1.014069696240671
4011.522123214491,-2.7008200621508944
4012.1825480057787,-2.7457050535823595
4012.880772562471,-3.5920130489504207
4013.6032946522146,-2.616463412515893
4014.3749302324377,0.4867604128253675
4015.186337475362,2.50887074422765
4016.0284352683893,4.27697002934442
4016.907440795376,4.558159916483732
4017.8061976158438,2.7706324143972125
4018.693532806212,2.6873872253792443
4019.557314011467,4.172905442293819
4020.397521537486,5.473079192362313
4021.2046952938595,2.645266503974381
4021.9835941612987,0.4862591478151746
4022.7347736051447,-0.3312659628303403
4023.466931760017,1.9862482229424825
4024.187033583464,2.6910716350817188
4024.8988926346224,2.9978852693077003
4025.618150313647,2.2157913979510924
4026.3535021420917,0.4077855873894966
4027.093793950258,0.3133573269580203
4027.832429725984,0.3976124987400435
4028.5666891687924,-0.1541598607496308
4029.2606710661476,0.1036526301319898
4029.9213245541077,0.9119964988191138
4030.561190842172,0.7961924125820683
4031.175936047748,1.452819440653658
4031.759932874722,0.5332031172358052
4032.329747299847,0.9798791621003512
4032.875367327626,-0.5317298466667337
4033.3683821843647,-1.132487899795837
4033.8212769269308,-2.4472960812196467
4034.239732235272,-2.83718264129962
4034.6150783908474,-1.980628953804945
4034.946724760733,-0.2206209469802047
4035.2438106543573,0.1970598205732628
4035.514428467723,1.0382027563817906
4035.748258679184,1.9249304785033123
4035.9631267250616,1.3417193032836363
4036.165156468717,1.6337783538365265
4036.3471033677574,2.828514007810306
4036.513801405628,3.233410341251813
4036.671727139572,3.646244429440465
4036.8092052871107,4.82056809624786
4036.9371639932347,3.441039717955327
4037.045285328949,0.8528580936742256
4037.129777093376,-0.1916612051473973
4037.208390073428,1.6013332044784154
4037.2903964365687,1.211037729394285
4037.382063624745,-0.0112868929737137
4037.48596770725,-0.0414032620921828
4037.600867876077,-0.5632305110074052
4037.7221320295644,-2.773845216225809
4037.8328726372674,-2.629803816451055
4037.928051172473,-3.202282182266914
4038.000588588588,-1.2043403627450024
4038.045925594094,-1.7748318555969242
4038.0453491631124,-2.4962753309048047
4038.0154242933577,-2.9489808980101317
4037.966067251306,-2.0513996002048875
4037.907769599351,-2.1253433990635338
4037.847929201687,-4.382223022620302
4037.794293470145,-5.808282721297641
4037.7413414931816,-5.81227400280719
4037.6814808198124,-5.53035929952197
4037.6188678554745,-6.751956418197214
4037.5569851371956,-8.034476103723282
4037.4970387497697,-5.563441816486849
4037.451301499111,-4.461603584952877
4037.4149495302854,-3.857067563915959
4037.3839028899915,-2.729182648513424
4037.3565259668585,-0.8267302907502272
4037.314591125682,2.3727103615811536
4037.2408381819123,0.4446061079868992
4037.119327384519,0.6535356505614225
4036.9490266391813,-1.3904931173330275
4036.7405962956686,-1.6103041849385955
4036.47907779731,-1.228575935363338
4036.1516647168405,0.150410437882099
4035.779426616252,0.6545754201895786
4035.3547886828364,2.40134300562306
4034.8788582891943,1.6899208818591052
4034.3798766817467,0.0150026555458526
4033.882550262378,-1.7185095966823285
4033.3887623024075,-0.0894004618207917
4032.8840438027646,-0.6649585101410652
4032.3775959522013,-0.0942662742100831
4031.866370883705,-1.8506461411898352
4031.3547099558486,-0.9581203876703336
4030.8330160119226,-0.4089601932904189
4030.294936764353,0.1814028647848932
4029.7508768885236,-1.4425429298252328
4029.1995650853696,-1.5949886141729497
4028.6318286304463,-0.9195303301794224
4028.0617614134967,-0.2024745791163845
4027.477075001165,-1.6775476072609146
4026.865006480193,-0.670624074700255
4026.2261406838197,2.025033417602001
4025.570897539356,3.1903075721286283
4024.904075090045,2.231048727617874
4024.222348909342,0.9905832232111124
4023.513665659065,-1.467403038267592
4022.766160253603,-2.0408851973426247
4022.005956212736,-1.9116191170284271
4021.244447445286,0.6667438962236707
4020.466368609657,1.7075148960465725
4019.6695551511116,1.3899084477672528
4018.864328746495,-1.3068004055045108
4018.0611867756634,-1.4831994098024976
4017.2575765440306,-1.989257935940091
4016.4565800913924,-1.581007238094364
4015.653465262838,-3.204591097669084
4014.8398570809272,-1.130955438620488
4014.010883066437,-0.6178479240052055
4013.1779681673106,-0.1909055635061856
4012.338796074431,-0.3514028985782632
4011.4885999764347,-1.493239908084821
4010.6332147407848,-0.747598292301991
4009.7932705496323,0.3303580635722524
4008.95892609507,0.1639897869842704
4008.1404807744193,-1.6068829104244753
4007.329981178898,-3.882439815296089
4006.5246000714756,-4.034623661389731
4005.739965075387,-3.606094694613517
4004.9727511032534,-1.317361975653685
4004.2204529577366,-1.6905587262025097
4003.489334496646,-2.182155479286675
4002.7788808138093,-3.243857093551613
4002.0759647748787,-2.3544013333354665
4001.380373278617,-3.779962758618085
4000.693224384617,-3.406605671883556
4000.0110105525273,-2.7986674279197343
3999.345567333741,-1.8589942154710228
3998.6968235029594,-2.326126787039232
3998.068948121196,0.1504330692396145
3997.4601169709717,2.585319717407515
3996.8753564951908,3.961816533371156
3996.330700537319,2.864662279043529
3995.8270816042746,0.7555065716886247
3995.339318976876,0.4867775062071957
3994.862992493312,0.7509714333820292
3994.4018984390373,0.3597819698579743
3993.938611744375,0.6087930541116481
3993.485050772311,0.6273393138766734
3993.0236744704675,1.947642478638194
3992.5597924225613,2.327143124172821
3992.089533023031,2.722829904555975
3991.5959145638544,4.016074652591247
3991.080308246196,3.946398059435469
3990.5363782545405,5.820329787045816
3989.9577273999575,5.689998485817216
3989.349476111128,5.800979167231732
3988.720379144156,4.192875564624341
3988.07870210652,3.123282076241781
3987.4331626270505,2.0878897211436187
3986.772011064599,1.6059554337079205
3986.095929045982,2.6618794085719744
3985.40590962349,4.962664288100328
3984.7035964586253,2.8827406626720444
3983.9950803325746,1.0772779881354355
3983.269042769614,-0.7624988856891967
3982.5196532604064,-0.9210002338416704
3981.736636181623,-1.1640913554890844
3980.923646089743,-0.8837109072406183
3980.0906832505275,-1.438431246692544
3979.234497446826,-0.9416165837601898
3978.3594112023115,0.3368173802076878
3977.4693537033318,0.5698567672321107
3976.5763510333745,-0.8517991388227635
3975.693919858373,-1.0762528792478876
3974.8109741758753,-0.6313675529195082
3973.9258920507996,-1.1293255028759794
3973.046628814614,-0.2463312326818643
3972.1654427608964,1.5259646212355755
3971.2766003138254,0.7601534045991409
3970.3762372043807,0.4212635638999389
3969.4750580597893,1.6688086776918123
3968.5741845164835,1.6999688424193504
3967.6754368454276,0.3683378043754457
3966.777597793911,0.7308586505578455
3965.879538805513,0.932660745392455
3964.9847121752127,0.9734984426397952
3964.100009428271,1.5722194114318089
3963.229610010762,2.254808189857888
3962.3848742277546,3.031453415523848
3961.562578337835,2.785296958286557
3960.7583922307854,2.570618366875857
3959.9617533155797,2.641064136686364
3959.1646016746754,1.49674922118656
3958.3682125467008,0.5343004989575
3957.5891297283883,-0.0809369756499297
3956.7979710078735,-0.8712048444099529
3956.005580835126,-1.9595722471897303
3955.2111977720465,-2.0258079411351626
3954.4107937217664,-1.925913741811193
3953.6089678895937,-1.0711497249460264
3952.810671519466,-0.3689583792313103
3952.0186025253843,-0.5080946951809915
3951.240919445828,-0.649959170944768
3950.462510929405,0.2199873735904276
3949.672422610129,0.3171432936012064
3948.872144478007,-0.1424495177867827
3948.059657846238,-0.8897691743337246
3947.225823123379,-2.2321909958879576
3946.3663670268693,-2.2442911128387126
3945.4977569643625,-1.095986051002152
3944.6222186190034,0.6970522826846781
3943.7461131040236,1.9301251064914844
3942.8680781815374,2.5771488067867683
3942.004133257836,1.165236020363999
3941.1482117452633,1.7925011724217343
3940.297681999561,2.232037528305272
3939.46357935377,3.551232571478775
3938.6488428901243,3.282863370943863
3937.841219093721,2.0540312261658644
3937.0409221513055,0.6695293551122145
3936.256001426442,-0.2391809720427103
3935.4909869121,-0.6321088894428537
3934.743020845282,-1.1293486092490692
3933.9897490940543,-1.7246179271122788
3933.2201060971397,-0.5520522508860624
3932.4442645605536,-1.8242483988770288
3931.665557857059,-3.793990668418668
3930.8978537307876,-5.053004981233958
3930.132041383451,-3.798693519472481
3929.3739010892864,-1.8360003575598267
3928.6246361369344,-0.4274660060036193
3927.871875443005,0.5946198951999864
3927.1108649474127,-0.4629598654763385
3926.3544153711982,-1.4239028697804772
3925.59807577082,-1.050019427066055
3924.828471993953,0.9727886026606644
3924.052048943662,0.5103529802306277
3923.2721330466184,0.6998138714352422
3922.4775040839277,1.1994024662866765
3921.6763356385345,2.0469609427237696
3920.8702175803364,2.306102848919916
3920.0670721650413,2.691270132148089
3919.2650070488376,3.035171614840816
3918.4753110995134,3.132556039270965
3917.692573072043,2.758057967555667
3916.922219274039,4.330624161659188
3916.156008413197,2.468163998193814
3915.3780173716564,0.8991891153499806
3914.5826233571083,0.7585412099132018
3913.78681878087,-0.1631001639948375
3913.0082475956137,-0.3893763438866832
3912.2559353131596,-1.1322617640842192
3911.5325987993083,1.016422181938846
3910.8067758765255,2.733686850710465
3910.075860774965,2.839449816708694
3909.3557478709045,2.8094049139213046
3908.6555744680227,2.78369628127853
3907.9689014744235,1.7454713972249682
3907.2898278713983,1.8438923572685089
3906.6077315762827,1.3445329396782015
3905.924149490624,1.088036852656381
3905.2449474384503,0.7246873725995822
3904.588062552291,0.3007340676422793
3903.949863563517,-0.8819717675526177
3903.324951841622,0.328340212254026
3902.7214819223414,1.4613144979809278
3902.1338676933146,2.729662085591845
3901.546867338842,4.845819432289218
3900.9688354411596,6.070087495014007
3900.391335786694,5.642751391596744
3899.8238187119964,5.831120764944973
3899.270409920388,5.111818980554921
3898.742108579719,4.808455510492297
3898.214180375647,5.059441200375912
3897.692857276126,6.427023407399472
3897.190545101028,6.232259379050066
3896.7093820032906,5.380546556289288
3896.243159368936,3.802697180191666
3895.7991291352455,2.707511449113516
3895.3717220955314,1.5023075139389894
3894.9451177747396,0.1517016350465765
3894.5124952992946,0.298999014238058
3894.0559301987005,-0.5253379205479184
3893.582730989206,-0.9585824431832524
3893.089941809066,-0.7806747736903574
3892.58933898657,-0.7261191709524888
3892.0823046338005,-1.7425737850473502
3891.5714408304475,-1.3379936619296475
3891.0513617226693,-0.5308243589394143
3890.5127562726416,0.1823929647896325
3889.959574197715,0.1517577123361256
3889.404289791426,0.7980054910815012
3888.8497551568807,0.9822016822009114
3888.299590758079,1.96706093825824
3887.753447190278,0.9330624184500862
3887.2059066976385,0.8033935418517472
3886.6492756507587,-0.1446919738796264
3886.07068250674,0.5818088914413316
3885.462651954484,0.5869747954616866
3884.8435356146415,1.7009191819098766
3884.215812226135,-0.2406054518383131
3883.585042514708,-0.753565563165198
3882.9386150335167,-0.9583746087852738
3882.272509864551,-0.0979655668772272
3881.5944736483316,0.6689822417366663
3880.893669776248,-0.5010903815378678
3880.181437256268,-0.6929340229332026
3879.4773702956372,-1.2082944127429724
3878.7789930994577,-0.1697174180812412
3878.0930144862537,0.6649201204513191
3877.429758688395,2.6877552850465936
3876.7868593576845,2.843384979183451
3876.151877116703,2.081372496320867
3875.5387539983394,1.137810615581109
3874.94285175981,0.4471184365646097
3874.3575457643437,1.6672749849117312
3873.78237392783,2.623246314613954
3873.2152397345076,2.5394804414043617
3872.6386575032516,2.1301273638305505
3872.04143480051,2.727462151875473
3871.4264519447693,2.59885594004963
3870.8025608875028,4.268215458442616
3870.1744890186833,3.865512623309161
3869.5495902213247,3.1580229794153376
3868.936379982135,1.7919360352767868
3868.3379703130245,0.8149895995823887
3867.748255588232,2.110853633694169
3867.1479722527224,1.0824475607945
3866.5498639530274,0.798602308604089
3865.974201745241,1.5300446983979663
3865.408866956538,1.8690741659482708
3864.849741963705,0.0601787949786738
3864.290484954667,-2.2462012208179467
3863.7187959533053,-3.787291954482846
3863.151204411693,-3.4632889132378373
3862.5848383972025,-3.308655546127963
3862.027592684471,-2.303340912263376
3861.483890260804,-1.2461330410424591
3860.934437746952,-0.3902597354365684
3860.390973444549,1.113679299293166
3859.864732150691,2.232803528047049
3859.3650392854643,0.7977827038177929
3858.8899322355783,0.4642365507195212
3858.439389874806,0.5612931481869354
3858.019475161662,1.5574537700121258
3857.63926760682,1.7352542745104174
3857.2961889593275,2.7440850439826683
3857.0033177629857,5.547193287114458
3856.729062939338,5.149553275506264
3856.468813294293,4.985091439808628
3856.2166703396606,4.970949837915193
3855.9616537295474,5.562153577588732
3855.6822541248594,5.818999646683859
3855.375792786105,7.559207017732322
3855.0402289933018,9.336998349944237
3854.6690293311995,9.589575729218
3854.273171604672,8.241383729096446
3853.852409026281,5.88150273034923
3853.422439323455,3.689201223554087
3852.9652762086575,1.934622771440023
3852.4722264534516,1.056809671357832
3851.9474256220587,0.9597462384297402
3851.391179759528,1.813738045907415
3850.78936786651,1.601103612631977
3850.1504239055444,1.705678334824588
3849.484603169678,2.530144498572002
3848.7880452969043,2.5798818982711924
3848.0827528195155,3.4896465600758413
3847.3739215033374,3.364495926847592
3846.666233239592,3.556116270104062
3845.9776109077643,3.7584869215152734
3845.300125356887,3.736220886294032
3844.630554543757,3.3740885732287222
3843.9803453237805,0.717518948954412
3843.3463729708023,-1.2242093072422642
3842.7175414038297,-1.835487649468991
3842.090673220435,-3.384152321303813
3841.48178763202,-4.679024463308643
3840.890656210423,-4.624434247517529
3840.321026557513,-4.204876121117057
3839.757043436406,-2.940231740280188
3839.181673618825,-3.709154102632435
3838.585295678173,-2.593241516926281
3837.9632491077964,-1.5945303831148192
3837.3101161612904,-2.43556489369863
3836.641347571255,-2.912306537200341
3835.967040300665,-3.300141846387291
3835.2919643549194,-2.4002928567728
3834.6186984943192,-1.5237316821150308
3833.9666574034068,-1.3074190473114506
3833.3241661213046,-3.375797032199101
3832.670673525755,-3.2042696377143565
3832.011864324196,-3.322496926171839
3831.337591996455,-2.388717993163601
3830.664321679315,-4.36292109624179
3830.0083976211235,-6.165519046799582
3829.360821465998,-7.025819564629236
3828.7198097173014,-5.834830685246693
3828.0886416997887,-4.943623652149803
3827.4532407478882,-3.9891908157522087
3826.8057299478096,-3.961924189498042
3826.1331079388906,-3.61623712813159
3825.4288308303567,-2.066170159088208
3824.68893852671,-1.4672495147197977
3823.912356058151,-1.7036095251471894
3823.1191703341797,-0.6452108211670551
3822.3221723484126,0.8339766054208512
3821.536442244242,0.1485884425695751
3820.7491942128836,-1.307855760642307
3819.9476263578217,-2.903715263710656
3819.122835216494,-2.13427025639675
3818.2918806129233,-2.6010565858759644
3817.4493986407583,-3.629885058586692
3816.574465826472,-3.0419072396140616
3815.6613542857312,-1.8905064897458923
3814.715048543197,-0.8926207810013314
3813.7483915536723,1.7429630674644248
3812.7587583089958,2.8417247987490857
3811.7474804080266,2.978629526919004
3810.7305648625224,2.8925099167341983
3809.72577869051,3.3964030999719497
3808.7312478739677,4.837680263739639
3807.7370321266394,3.3980240148747045
3806.7430406068092,2.861364149415204
3805.747691919579,1.7400092916752317
3804.7395638785774,2.501422269538148
3803.695641764593,2.273084395586313
3802.607635521318,1.092953195192214
3801.4998792245815,0.5643021905038892
3800.3910718337165,2.4666781396707576
3799.2870557448855,1.1694058707753747
3798.1928630584275,-0.2356351321565959
3797.112951124789,-0.3366765881219131
3796.0359942361506,0.0793122876432747
3794.9596311642476,1.0995259774871766
3793.8893892031674,0.6706179697374426
3792.833197979857,2.321719617530928
3791.785283300758,3.1231813225300438
3790.748540004727,3.879773864756841
3789.700314650733,2.46709911457305
3788.6465230327735,1.75729796458087
3787.588808817906,0.0083467044528202
3786.5245870731096,-0.5073162656504465
3785.4590604560367,-1.1974156019786146
3784.399445195635,-1.0069636808865972
3783.3440886450744,-0.2706272466404773
3782.3006413778353,-0.0078830769326046
3781.272628738404,3.629016270667696
3780.243728378889,3.059565192656903
3779.215456572596,4.021395760804818
3778.1824665595354,3.126164881814368
3777.1307396717457,3.859008358298898
3776.0796661974546,5.045422751938236
3775.0195379750603,6.769391800496421
3773.932268691605,7.544342458309518
3772.819597245738,7.3071122107225985
3771.6890579687647,5.5951800802159575
3770.53990383194,3.642795766263349
3769.3941271876365,3.077109178780086
3768.240573440227,2.9306059469631887
3767.0632039114666,1.4308236564062675
3765.8608143061824,-0.351824296668928
3764.6491862692865,-1.4391690401298174
3763.4245278648723,-1.3478625867666898
3762.1902338785694,-0.7133263202267528
3760.9455399693074,0.6844909889340925
3759.678623042276,-0.8685918839243121
3758.3742986454463,-0.3645078418439034
3757.041222397956,0.4168340213998663
3755.6729134414572,1.1284523537098972
3754.2698352454604,1.0420395636888948
3752.831824198096,0.7089787765749191
3751.367633099175,0.2750410860981236
3749.8723834137727,0.4690229278685884
3748.3603098720073,0.8855156160319497
3746.8421331194822,-0.0809188757302623
3745.305754012249,0.0205200485971626
3743.775408413717,1.2394515191592883
3742.2555513399575,3.068334286566152
3740.7481846394608,5.016851464808622
3739.260737086039,5.538046762970504
3737.772735188875,4.083818655944402
3736.2837451069295,1.0625267768061106
3734.7793885352166,-1.6580216561883807
3733.244209047733,-1.3135451193207204
3731.6924082915434,-1.2399462618997283
3730.101100666054,-1.1168738009364108
3728.4704096298096,-1.3714682793405235
3726.8256148559826,-0.0866786741021596
3725.156234251006,0.9327194941035526
3723.4683235848083,2.9012990659228985
3721.7717796138963,4.398975766194712
3720.077975743622,3.744086649784448
3718.3885666216806,3.363463393792278
3716.7039279972632,3.002057893210548
3715.0308956176636,3.0471408753716087
3713.3666618771226,2.7342044815301936
3711.6990668813296,1.3681842819628725
3710.0219768796383,0.6444357780251582
3708.3339837837416,1.2892502911258823
3706.623869738074,0.1916324041391506
3704.897504131212,0.7032034634451451
3703.149042781102,0.3564388412937504
3701.372979588986,-0.1838705118775154
3699.567163635634,-0.7280578715737562
3697.736098664027,0.0959344079702647
3695.881113395685,0.3107058634829409
3694.012957712611,1.4327445465246138
3692.1367508071994,0.1467422325584964
3690.2594121480065,0.701850606808684
3688.3880073260316,1.5496725974203789
3686.5060150331096,2.1117950358080084
3684.62543500934,1.6195816183049432
3682.7472477486194,0.8365153906432653
3680.881398557681,-0.8561777819477694
3679.0203128859107,-2.523043010343823
3677.163148359123,-4.063715616241775
3675.317602695681,-5.067743345078388
3673.477438451944,-3.5058714631308328
3671.6390573005606,-3.782748222298328
3669.805354463838,-3.339346930638752
3667.983961198711,-3.0056705083663795
3666.1748658577935,-3.766488794382898
3664.3737250698214,-4.133376313893288
3662.585360300176,-5.830014001902319
3660.8069853926077,-6.950949308855529
3659.0581218144275,-6.014566485085068
3657.3524353167277,-6.652655407416162
3655.6973924338818,-4.366623869047865
3654.075699859972,-2.832460541649964
3652.487199421306,-0.7697443140077088
3650.939819845419,1.0709512345766337
3649.4151365566927,2.539141956188157
3647.9097334125177,3.515724167323169
3646.4146894318524,3.750549061790663
3644.907272040576,2.4755447551258007
3643.3917317188625,3.334038648428196
3641.869156180407,4.461728350092864
3640.3502515092664,4.4247306359585306
3638.846741326122,3.51545088624221
3637.3734848586314,2.657950886570416
3635.9331627565143,1.725263151901003
3634.5179958571257,-0.4191925208461198
3633.12740320473,-0.8165407393984805
3631.7598187877315,-0.4876992790457574
3630.4034865148556,-0.3579789005948418
3629.059625219637,-1.6223992786128305
3627.7331725407303,-1.203168091287402
3626.428749740577,-0.8982948336016171
3625.154022194327,-1.5841787062012225
3623.909957626715,-2.8915195488159022
3622.70033287208,-3.419542046848634
3621.518945641571,-1.976179492446273
3620.366185234992,-1.5758788090576965
3619.2316053481563,-0.00217311289908
3618.10442719345,0.1834163902867026
3616.9784156008477,1.8408333068041436
3615.85631171744,1.122406504289962
3614.738805488039,1.063581262142695
3613.6231084116534,0.893799676970886
3612.4918029244395,1.5355683146082988
3611.3688061314137,0.2976142864462312
3610.261077290701,0.6189156673882323
3609.1703146644927,1.1975765828493876
3608.1096337956455,-0.4261776119327431
3607.0758129709598,-1.1007303910825483
3606.0501831789343,-0.4777169517009748
3605.011289315261,-0.6771179629784903
3603.968513656483,-0.7803829333147667
3602.9214497972594,-1.4635914984134644
3601.8575963971334,-2.2620088442060364
3600.766967911168,-2.9405176081816844
3599.6595055687612,-1.396373731778764
3598.539905503616,0.3746565199384197
3597.4217377788436,1.1860605896037848
3596.3129847618834,3.2630832167571366
3595.218923626306,0.8616409407234062
3594.1263779286683,1.9674454809055495
3593.030022590386,2.3388128612430705
3591.933471144227,1.1137502606559897
3590.835790755141,0.3569937195717718
3589.7344053731076,-1.007922183304788
3588.6363830179503,-1.135350056428668
3587.549612708894,-2.6911300675590653
3586.467601352998,-2.64063262759652
3585.3846925020807,-2.5266071890708868
3584.2839261892677,0.3253268046340647
3583.176463307897,0.9416289861173606
3582.0636005801266,0.7848910575525649
3580.939497921178,-2.7072004581594964
3579.8139750073706,-2.272979012223547
3578.690745073163,-1.812635355976481
3577.553874037043,-1.1919147214233858
3576.4195445996047,0.7808772554653265
3575.2953837830273,4.041383053417377
3574.1866356224696,6.368662196045143
3573.0960072014104,6.825082554238308
3572.011186074074,6.7828581384891695
3570.9504511765685,5.298414397319005
3569.9155644327097,4.299912005623323
3568.890077185946,2.014010342000032
3567.859307535527,0.7893187172675588
3566.834262143982,0.4704528494571698
3565.813004925713,1.1202147438137002
3564.7739680684836,2.4592338132184954
3563.7277041017287,2.1477007438539717
3562.700648132762,2.50997752787004
3561.687963480287,2.585690833806106
3560.6801390795194,2.499384431656876
3559.674284232125,2.1764813159724588
3558.657335893584,1.1991232076705804
3557.6309521330754,-0.4729560830333568
3556.6136922449723,-1.8609460710420689
3555.5988356746057,-3.0521406982892034
3554.578200948837,-2.1313050217158924
3553.541243730932,-2.490519449874935
3552.486901854317,-3.061121960774037
3551.4112619408165,-1.8662702878396813
3550.3210754279194,-0.6601072134757797
3549.2290901504048,-0.6685025565177782
3548.144568420421,-3.09820892888438
3547.066175012997,-4.065894932137651
3545.999707860984,-2.910243037897957
3544.9409093378363,-1.0147268324452725
3543.900398305742,-0.9022330382636088
3542.897452182403,-1.981473071551012
3541.922829156712,-2.215188737063393
3540.9879462348076,-2.01120228489527
3540.0823980221344,-3.2459781468847897
3539.1717722158824,-3.7722104077678176
3538.252607206639,-2.266744296555432
3537.3334336993266,-1.5741597774001383
3536.4186908060196,-2.01625556180218
3535.508290152567,-2.76590700534455
3534.5992213990558,-2.37611677804472
3533.706949618094,-1.8414343066704653
3532.832535201087,-1.5599678737581932
3531.954900334963,-2.847386491258417
3531.0828086871848,-2.80881676551062
3530.2066936397086,-2.545031486438195
3529.33109791959,-1.3888881782766975
3528.4794996145574,-1.211890556006732
3527.647102401862,-1.5857477019283177
3526.805027006486,-1.246441142605972
3525.958144579092,-1.078457706999267
3525.1168013551164,-0.940993366404592
3524.297336452163,0.8109432868843891
3523.490093755624,2.2412923521819987
3522.6835554848294,3.060694552767433
3521.87329099547,3.5594871278556552
3521.0627574381683,2.579113704472995
3520.267518626709,1.9911706812049264
3519.4841870494247,0.4498770403330835
3518.7086525726263,-1.283005485386779
3517.9418665852704,-1.8051535658575948
3517.1768671391437,-1.0961789083428066
3516.4219450260407,-0.0740145382100709
3515.677193489373,0.8147950180353964
3514.964959322757,1.029225092908594
3514.284158135118,-0.136840705649079
3513.621350265935,-0.4662147358880356
3512.9622106132783,-0.4330377283245256
3512.3061093374854,0.9025235862494568
3511.6582300752493,1.0080944241203569
3511.020063532421,0.649085851163949
3510.37475692881,0.776481264550519
3509.711279845661,3.1772056543691884
3509.042906340372,2.807892680946133
3508.380453943001,1.984520919669201
3507.7162686973393,1.1686124049194662
3507.033546732811,0.1424273119067115
3506.3181732533844,-0.056100647948851
3505.56883714514,1.627496089433386
3504.8040543471097,0.5923367817688661
3504.029513864034,0.5876710860382511
3503.2592062350423,-0.2321535714480164
3502.5082256309315,0.4251116099372843
3501.7676031139404,0.6627815609867729
3501.0244077068833,-0.1602058994278089
3500.2683127269484,-0.767383324485045
3499.497432187597,-1.6497874569260689
3498.715575817514,-0.9293630451841136
3497.926550786135,0.0365518495049556
3497.1357827017923,0.5354784121053116
3496.3361711809134,0.3654553151442308
3495.528490920833,0.0699757606587654
3494.7163321087182,0.8392443072455663
3493.914996628698,2.470411964041463
3493.1058050377724,2.3565685293464584
3492.2886150616887,2.8138495028803043
3491.472543375397,3.3374985986099865
3490.6755991936247,2.345677182910413
3489.8928119485586,2.116642705034688
3489.107618109672,1.548876220461741
3488.317242154738,1.434752833265875
3487.5181951394943,0.0044032940840657
3486.708331125703,-0.3820158999547121
3485.898637707284,0.3627579252697618
3485.0858829440695,-0.0296715757263213
3484.274343515708,1.154551373593243
3483.4543358581063,1.913374001674947
3482.612913144093,2.8784716519741087
3481.763381523774,0.7620262299596412
3480.915975800449,-2.053189291903993
3480.0629921866994,-3.7076434581032633
3479.2058264291545,-3.5020189365085206
3478.3681359381135,-3.738501753474546
3477.5402249945873,-3.1433738063479884
3476.722720037299,-2.518303720579224
3475.9314852473094,-2.5755365463957998
3475.166490198613,-2.0472357723595325
3474.435733193531,-1.827011625441916
3473.7225792034205,-1.989357404217178
3473.0398534919386,-1.2808500160378578
3472.3859345488436,-0.1376884675277759
3471.753182585185,0.6243517537793526
3471.139809932669,0.7954335948085939
3470.5449797203596,-1.1462358372075667
3469.961830727404,-1.6017131568861864
3469.3766625918115,-0.9868866694347892
3468.783558894245,-0.053779737437998
3468.180213077377,-0.8191953533902803
3467.577971569478,0.3389076086477069
3466.972283272108,1.2603758281298283
3466.3676260121324,-0.0582139914082016
3465.7553394298807,-0.5129059315910129
3465.1280822136328,-0.0062135190155707
3464.495489165301,1.2365571061151035
3463.8594104562167,2.6660212788175888
3463.195693775955,3.4951706711059543
3462.5067869818827,4.487744127281479
3461.803162878065,7.102251219170413
3461.0864728653596,7.250365112455999
3460.366869480103,5.692436192848669
3459.6573509696545,3.004899384324081
3458.976341270809,2.7116608101918094
3458.3206710375093,3.185509646781413
3457.672098501945,3.581678424392538
3457.034580915323,3.3156627523658684
3456.4141408384367,4.420130471653067
3455.807401150582,6.446644541083844
3455.2038087592227,6.513635417145548
3454.611527878232,5.913871438046719
3454.048235236701,4.566544726483016
3453.4968365940226,3.270189846988912
3452.9423735621854,2.451306194633172
3452.386007447458,1.4844649160349208
3451.82356334655,0.1452747345398304
3451.2517815116616,-1.216044240475948
3450.6784031998477,-2.3035482695686538
3450.0980137363877,-3.817179516165484
3449.5344916393124,-4.901055307674922
3448.981629683852,-5.0217227000028775
3448.4393840034627,-5.408867762850178
3447.9039310289736,-4.975935151557876
3447.374574202799,-2.666176532669066
3446.839674818957,-1.5316361029460963
3446.2837149874745,-2.712138717117334
3445.7163028170166,-3.578833396510038
3445.1291395925978,-3.6707696300041306
3444.519686481112,-1.162711465498188
3443.8821534019403,-2.30671417604034
3443.229006650465,-2.920366003425918
3442.5307179739657,-5.4789472669662445
3441.788666261323,-4.619453154397373
3440.993867467674,-3.233385465044979
3440.1357402624826,-0.4875458547688609
3439.2185654908744,0.9808550154827248
3438.2527102423596,0.0084804787126371
3437.2478866044576,-1.2201506002801827
3436.219211320565,-2.0592676979766127
3435.166588217616,-0.635170799639994
3434.0822613269015,0.6758001395625226
3432.9594187736625,1.622679791787336
3431.797330575687,1.9929328577020995
3430.6039941586737,2.56620367162288
3429.374880429851,2.365365421472768
3428.1045606024563,-0.3137216017001953
3426.8064009017353,-1.8753515175475632
3425.482160342592,-1.1848743236121444
3424.129469923296,-0.3861239615447531
3422.7565941464973,1.46952801928182
3421.373626970171,0.7964038149690345
3419.9981718202293,-0.1925732266208122
3418.6367704883373,-1.1482951813150626
3417.281257698911,-0.4333683905205746
3415.9256825905404,0.2157038281391457
3414.580541910428,-0.3170666493967343
3413.256383333729,0.0535643342860101
3411.9384065086406,2.128406936469857
3410.6095821855615,1.3635181938273395
3409.271098993214,1.8895487580516024
3407.9247231259574,1.2323237134015912
3406.5628905110016,1.7717306221090925
3405.186646611313,2.070878792328868
3403.8135382569226,1.634572741208869
3402.448298413871,1.4579671755323718
3401.0479611345054,0.7183158939287126
3399.6275925517793,0.8250424099774416
3398.181641485084,0.9343685502126304
3396.7098895058853,1.471891907985832
3395.21415649703,1.1828938316020137
3393.7058597052082,3.0991274899567545
3392.185369328751,3.132221073199013
3390.669614622208,0.0203528124102065
3389.1646866032593,-1.509070035891314
3387.6679961488358,-1.1367130051224603
3386.166939427945,0.1328600586628087
3384.67583678889,1.174136385274266
3383.198978452981,2.752271059769833
3381.7301895909204,2.0264907710119866
3380.264726349666,0.4442373983447863
3378.807318979645,-1.0826562612641768
3377.3624532268936,-1.2429775818997548
3375.922025346171,-0.5188189090171946
3374.480925170923,-1.3742990336046463
3373.0244546085487,-1.1649266962596
3371.5638313534037,-1.0769229271776903
3370.102396366559,-0.1312021587895635
3368.6379455385195,-1.1782959307254766
3367.154114288773,-0.8812439185140579
3365.6526774521913,-1.8237880533319928
3364.117891941511,0.0154951079811864
3362.5563724568133,0.1303310448650661
3360.985888506977,0.9962356278004076
3359.432524100004,1.076842151709992
3357.9003234222528,0.1965041989801321
3356.4043369871274,-0.2135409856627799
3354.9440741852372,-0.1256184914043813
3353.5052635470925,1.5299992254838868
3352.0886159663496,4.595126276298946
3350.680327309586,4.512485728138654
3349.2677477651087,3.529193003019397
3347.8417680368143,1.085978613472102
3346.401726349319,1.4545635177609
3344.951241478879,1.051279291937474
3343.4719907457124,1.0751389567522096
3341.9732365667824,-0.1339255298027462
3340.4772636886496,1.6047199819293745
3338.985494230684,1.0032439004000746
3337.490405077953,1.4981864374160587
3335.9930055100485,0.2712997793406112
3334.4862277525754,0.7425707727398865
3332.967767957789,1.815695579542033
3331.4414827240926,0.8872114181717601
3329.917373481044,-1.1702809287927818
3328.393406025863,-3.797141199047212
3326.8719010921477,-3.457660518433526
3325.365086086384,-3.273939829065588
3323.8818597384134,-1.5216434419256186
3322.427550190996,-0.2964197912435309
3321.006781947647,1.502346695437645
3319.617379766639,2.9189087655563624
3318.249693583684,2.985124447691416
3316.9025269109075,2.3033869472093675
3315.571968320925,2.61133181949305
3314.253325090413,2.0203875894667345
3312.9617839495872,0.4847164760385845
3311.6859753708836,0.8460292780255582
3310.4301121081594,1.8313294575812933
3309.183434339543,2.449651886641536
3307.9425851126375,4.009654769347704
3306.708075769796,4.439250330148536
3305.470361136809,4.924482136432962
3304.223285916822,4.443672225385961
3302.971891498317,1.5093597212413783
3301.712931281863,1.4155460830169868
3300.441628871762,-0.2132388446238071
3299.154473611657,0.4070064030116691
3297.8432326332177,0.2401131188906428
3296.498476101657,1.6164579166341335
3295.113608968808,1.9423937989482576
3293.68795585345,1.3855213734536465
3292.2317908445816,0.6746810310870974
3290.7388922184714,1.0764878281939134
3289.2291345024632,1.5772490280433349
3287.713818932989,2.30862672777247
3286.197562492417,1.0831877985297031
3284.6662795139023,-0.5200509501504763
3283.106021014924,-2.826184696120973
3281.525823180452,-3.0210596607110487
3279.9294248907695,-3.637717407343146
3278.3203569672155,-1.3174946844040796
3276.7109729158547,-0.5198642651385996
3275.098722251889,-0.255691927343651
3273.4731982264457,-1.4453436929464132
3271.8315331949443,-2.1490183645560803
3270.178632264449,-1.8113613792013248
3268.5056727142683,-1.9719191124575937
3266.7967788465157,-0.1383237495221221
3265.050011708569,1.8720755842379893
3263.277648543157,2.7645850264178
3261.4984999372264,2.625265522457001
3259.715427427995,3.1342165109768443
3257.914820427507,3.8971181129327177
3256.0965575267073,3.962965816482684
3254.2586299376467,3.942713477394992
3252.4161033281052,4.939412159789093
3250.6006552411745,4.246483344496082
3248.8049141616643,3.526055811091505
3247.0125976664463,2.5546815612048284
3245.2311004218905,1.588325828599007
3243.4708162050497,-0.2705674531565267
3241.724471520959,-0.2800462192958359
3239.9809967364313,1.7030764932235014
3238.238376713863,1.837723209186584
3236.4941283318844,1.7071667307282123
3234.739717017388,0.7478427630435112
3232.97929249739,0.1652377156999621
3231.210711838188,-0.9154424419738648
3229.424378077184,-1.4654367022612889
3227.6223026051293,0.1946447292655122
3225.816763914698,2.289292999527725
3224.005909255564,3.760505097078572
3222.202145506935,2.236237637424092
3220.4195013294307,1.9274291012417968
3218.670737314873,0.3803739193186752
3216.955318660647,1.4975164268176049
3215.257682822225,0.7427139536740607
3213.580800728249,0.957662768591394
3211.925100472352,1.5914180369162687
3210.275364982028,2.465869034396889
3208.6236636617155,0.3829814574860388
3206.9519887848596,-2.5407198607596326
3205.267878549606,-3.5569989887871927
3203.581578145099,-2.6327753083525303
3201.8810460602976,-3.9112306556039247
3200.1794325178753,-5.196257505096514
3198.4832509043517,-4.379983893420062
3196.7805560789698,-2.3332429218929054
3195.061606855757,0.0167784651068438
3193.32330846172,-0.545275948033279
3191.5699522270543,1.3355039459719964
3189.797051154156,1.914027910898388
3187.986285903023,2.037404264526668
3186.150489933783,-1.1667099493280797
3184.2881134021854,-1.9025412051459472
3182.3938338257967,-2.715597159354205
3180.4732110956465,-2.6964208239886185
3178.5430271496552,-3.512167990352453
3176.6060794781256,-4.030067820041863
3174.664667987443,-4.55692518787798
3172.7318785845628,-5.003559150691555
3170.820090590168,-6.041017854982872
3168.922478485306,-4.550038013761904
3167.059560176072,-3.767988425222762
3165.2461166387325,-2.5072966327876385
3163.4654177342177,-1.3704939864617645
3161.7331587885797,0.9902587957793636
3160.0378663730344,1.247294151030024
3158.375429695333,1.426631141567405
3156.7504243175645,-0.4763475926774914
3155.1519670147536,-1.8928594064613984
3153.5684178330016,-1.9542481622596617
3152.0065044098383,-0.6649959170315998
3150.467005086206,-0.1360703452352011
3148.9471851263856,0.2941887971601226
3147.445637254497,0.262930242347151
3145.9483465170565,-0.0582673251127366
3144.4556574108237,-2.0498298551051155
3142.9410511990327,-1.9440077538724068
3141.407775611384,-0.92501368501103
3139.8819042787,-2.036288456310809
3138.3582917064136,-2.8132025487586425
3136.843207711635,-1.1574518957934143
3135.3409369316228,-1.005718608521156
3133.8541568079504,-0.3669912838875204
3132.3817600080934,-0.4431380504338324
3130.9280490676897,-1.2070177013226815
3129.4921412629215,-0.6198042985878829
3128.0569592682104,-2.565269296387097
3126.6341298549232,-3.7317240886895
3125.2245471890683,-4.57299888668806
3123.823127899965,-4.561732632902052
3122.433976360581,-3.5337088117028594
3121.0410638547423,-3.480506808118479
3119.646240448558,-3.8234679007690713
3118.243118565156,-4.601869949005683
3116.8284450871806,-3.747043364419197
3115.406497250276,-2.978773211172272
3113.9922750122514,-1.8933761329902128
3112.5874364927663,-2.209522419033204
3111.1793089991706,-2.7547810648645594
3109.7452935192837,-4.454338213566059
3108.2873075950533,-4.3055131534499855
3106.8017356583987,-2.9966577414462696
3105.293293373609,-1.2389432852960272
3103.7607624556827,0.4435263922426472
3102.206778357459,2.070742677447394
3100.633775744081,3.525682383641005
3099.037068355925,2.089495712776394
3097.4324765956344,2.547764856951253
3095.8189474371275,0.5519086715276413
3094.197134619759,-0.1955733185430225
3092.5485700240597,-0.6209037006362711
3090.885107922997,-0.2161550079949421
3089.2144314213892,0.5621059572185588
3087.514033181099,-0.682005439445327
3085.789979039647,-1.2861491155346567
3084.0510189080956,-2.5484603319710857
3082.3034709490844,-3.628520549941721
3080.554041056013,-4.840909595411293
3078.797019312791,-5.193976612305326
3077.057058412349,-4.357991151241105
3075.337326845918,-4.50348965541183
3073.6184733598216,-4.082530497654209
3071.89468085727,-5.002373887521211
3070.154004504732,-3.0351203384351826
3068.3995132329883,-1.2696250757746572
3066.6325745439713,-1.5019309930751723
3064.852314245919,-0.702237797055691
3063.065540088645,-0.7529352483364865
3061.2745863011523,-0.726323628562608
3059.4782826378896,-1.5398515998476978
3057.6678232164145,0.0919334122614377
3055.8581803530024,0.9578799488868588
3054.0541536841038,2.1366159292672995
3052.245126359188,1.4853948598622306
3050.4393964138108,0.7503024098390121
3048.61811790235,0.920297965579063
3046.7763101072046,0.6474652401908128
3044.913874478786,0.3026184604772202
3043.038560241877,0.8877310024297076
3041.1569856288593,0.7119686369432174
3039.2804329136793,1.8477463251973267
3037.4151084923333,2.483760403357027
3035.557210394068,3.052076545561148
3033.7093813421093,3.4038668660701727
3031.864973336471,4.509321606177031
3030.0255263380827,4.304752146623046
3028.2024813975986,4.93463778635673
3026.3883961198444,5.97806355545472
3024.571185198414,4.759524686951924
3022.764589711294,4.060003165686791
3020.963869021256,3.9276469509015786
3019.159762934286,5.078317558747355
3017.3573346276457,5.97794432838156
3015.5412258533756,5.324137587183397
3013.714226301362,3.509034538543913
3011.8902746656295,0.9998218478809484
3010.05094750399,1.233748745526316
3008.203151371051,2.574950352102752
3006.355804863136,2.368260918628696
3004.4976093989926,2.6965004671382027
3002.6244161666523,4.153234331381112
3000.734662650966,3.821879232971377
2998.8398194562697,2.068948152564108
2996.9383712461176,0.8865676628373986
2995.029666784077,0.5628939678553079
2993.1099678200835,0.1116329688638742
2991.176827528818,-0.7278252431856996
2989.2333211245577,-1.7254250437089282
2987.2688901951938,-0.7003922986990154
2985.2788382605763,-1.1349656096924663
2983.2772457696856,-1.471846326070864
2981.2787265724805,0.5422179688077975
2979.2830061801697,0.8132148710212954
2977.3004807148777,1.985162293046364
2975.352401041175,0.5647276833053341
2973.415761452754,-0.3264274891643512
2971.4893838555827,-2.351696854459128
2969.5690850984474,-1.958314276441695
2967.646780982935,-1.59176498556586
2965.7192783705254,-1.5641192389088467
2963.797223299745,-1.650039017856161
2961.8747103375345,0.3343379712709913
2959.938407223188,-0.099677643288961
2957.976084182745,-1.7486607844730098
2955.9787795137927,-3.1958080541181424
2953.9439162798026,-2.381450577802116
2951.8951995970097,-3.088500946659702
2949.8502263545515,-1.88728827340895
2947.801698351087,-0.0076385189248724
2945.740136254826,2.940365378000356
2943.652995878095,4.414506290502057
2941.545682811294,4.277589302469091
2939.4410134187524,3.315314054500266
2937.3249198539843,3.5296134153403145
2935.1937821860665,1.912268921608023
2933.0579469844392,0.9976229992844312
2930.9392936062522,0.2215398195515927
2928.825716243109,0.5087552864916778
2926.7064679691257,-0.4961464939523032
2924.5957397196016,-0.3832618166929621
2922.517814907059,0.4609435154641181
2920.4649258314603,0.3367285652085119
2918.42045091715,-0.2658912079926246
2916.3958973488243,-1.0220628145772268
2914.417062312165,-1.6814014512131117
2912.468623965092,-1.146206962782005
2910.5434961720334,-1.1320352134279146
2908.6532421346856,-0.7229677995184585
2906.7963472311467,-0.9387328435085676
2904.9654868593802,-2.268455325455328
2903.165460617347,-3.0349845584878485
2901.391697629717,-3.794723081735862
2899.6592479434344,-2.6880073844394
2897.9558589088,-2.812330667075124
2896.279700212303,-3.370654052715963
2894.5989774582786,-3.252123059475659
2892.9194387121975,-2.5710697538966905
2891.2274702163277,-2.464949359358348
2889.519204255693,-2.316412322115702
2887.809827284244,-4.08799098612994
2886.0888008199577,-4.901346544236644
2884.3501931691567,-5.490572268694685
2882.6033130413794,-4.873141789997925
2880.8490063203008,-4.100301204199883
2879.09987686711,-3.5893049351372524
2877.364096116993,-2.8063158499629903
2875.638060369913,-1.6952080639475011
2873.9083067142724,-0.4412552823903443
2872.15235497837,-0.4453491734042494
2870.374220483604,1.1060292640043687
2868.5721375906605,1.5361811722961576
2866.743816040725,3.232607271845329
2864.888244937675,4.871809152586705
2862.996142177117,5.558639228141096
2861.092345061092,5.7101941587456935
2859.173507519393,4.184742875611925
2857.236627427612,2.69054522513179
2855.286956183277,1.100244927280752
2853.3283903457177,0.6278782750196698
2851.3744605768925,0.2655820825963953
2849.416576975956,0.0048703576111363
2847.452303698534,-1.6051999486359436
2845.4809890026154,-2.512535763103439
2843.5191692126036,-3.651693980145804
2841.559421190571,-4.394639628328147
2839.6010609256105,-4.519346532545183
2837.660827799805,-3.76518263634982
2835.7367060225156,-3.0152887449941197
2833.8195108152318,-1.150422801774188
2831.9143713226636,-0.6062995882187471
2830.0370836953966,1.0375875366094762
2828.187332497157,1.6386456555925593
2826.3708157058386,3.2081906498702897
2824.5555008874335,3.7093350709785846
2822.746768660336,3.532827608304389
2820.94799828079,4.753923907380427
2819.1420235514574,5.435033037186361
2817.323482920204,4.731820172511034
2815.490996196386,4.107444782209981
2813.6543028074466,2.289227869960798
2811.823786072832,0.2040750928375452
2809.978117263041,-0.3539015875103857
2808.1163524866975,0.6254302389154227
2806.2592932413,0.9140259972249346
2804.406684112491,0.3584240796302435
2802.553146625532,-0.2179523079094635
2800.7021989299997,-2.071033128104132
2798.869568572787,-2.019692528216827
2797.04369931268,-2.928278560306902
2795.2179383827056,-1.424108385168239
2793.3774152242204,-0.7393964527387665
2791.5196522361503,-0.4432605339298853
2789.655495242132,0.0500915026207746
2787.7885449660707,-1.1805991081953089
2785.9001064386753,-2.00848449073093
2783.9937345508956,-3.01891382962601
2782.0848307060155,-3.456609950143154
2780.1718264986603,-4.230406396546528
2778.235024448876,-4.538721909602078
2776.282556826805,-3.0881098968661025
2774.319484304156,-2.3331517696120745
2772.351256890393,-0.0884728481510956
2770.3840652225877,0.4045245606028074
2768.42233600851,0.9380286412378412
2766.470241146257,0.0234899770899897
2764.5046049196208,-0.8086824751782518
2762.520356749517,-1.3811105813469666
2760.5009999473664,-1.8392549582739528
2758.4645569806166,-2.449750875928068
2756.4319130391823,-2.4438578441283667
2754.386264529903,-3.715956940704461
2752.322804402444,-4.59006251393193
2750.2505843667805,-4.880804628965071
2748.164641628948,-4.087490443654877
2746.089085855491,-3.689410048783519
2744.03651973599,-2.894261146396791
2741.9918897604452,-3.495101647765908
2739.952042509203,-3.8138697988032697
2737.9035368991863,-2.806042363080375
2735.8402069085173,-3.0204459469166443
2733.771710599807,-2.6037510296894424
2731.7034022483836,-2.931805144875152
2729.6404818721044,-2.7057514895340966
2727.5804434867478,-2.4592084550436435
2725.5197893435525,-2.94213754289618
2723.454079155084,-2.911138045880237
2721.3659896038766,-2.6812257117191134
2719.2471967124206,-3.166612646203557
2717.1171702540546,-1.8567978427677616
2714.9783834966047,-0.7836239097581634
2712.847795287359,-0.7206055011564652
2710.721380701812,-0.5392123584908988
2708.595921807366,1.140302632562966
2706.461816797957,0.9864714729254748
2704.3130520593586,2.228747348083332
2702.157504088268,2.6859676483752053
2700.0053620565945,2.775943185756418
2697.845576764683,0.5664730600430397
2695.6876914979916,-0.0161493097724187
2693.539194121979,-1.6947335311130682
2691.403930182963,-1.6251669866306435
2689.2737783122516,-1.9257171926182155
2687.1632966769776,-1.5214888002838771
2685.057119142932,-0.8101275443418479
2682.9457071714264,-0.8979848174025014
2680.8405777264934,0.1258794188471972
2678.7475492683357,0.2562644872642453
2676.670329976975,0.7321919870715337
2674.603079140651,0.6558049157258893
2672.561987953456,1.5913414027462311
2670.5447083385384,4.35279291719638
2668.5526988975193,5.195365040112487
2666.5867304141857,5.856550243365229
2664.62926793282,3.3440062710141283
2662.683193891009,1.736970948640257
2660.748175962156,1.3478033953337292
2658.8106937850444,1.5992178088231792
2656.8633837515595,2.1310843619351263
2654.920519790786,3.4244999805261678
2652.965039224455,2.8453913366690946
2650.9907969503565,2.3001288416254693
2649.0015941390707,0.9571350684211464
2647.0029345568914,1.3565421846615706
2645.008635858085,0.261609314441261
2643.024282120658,1.6439807019389834
2641.0415461761777,1.868031604341143
2639.0656380990276,2.406162039891385
2637.09154520265,3.419427398072484
2635.110499542542,3.7793689826729473
2633.1373170218303,2.942836362749545
2631.193998067158,0.6157274677911204
2629.2783225736234,-0.3680846677080923
2627.3710582581466,0.4029648286854257
2625.472649177275,0.8664702704392528
2623.5963328930247,-0.7316377236574696
2621.742419971709,-2.2988489331649467
2619.892277971163,-1.905978306650297
2618.0456298152876,-0.212712646673034
2616.2193996806163,0.2689784503840686
2614.412092621413,1.5685734671827
2612.612442290592,0.8509739361521943
2610.8333297961094,0.0869403590397912
2609.101095383655,-1.5437641327685585
2607.4065401190637,-0.2970563085841105
2605.7486404113397,1.511214482561528
2604.110205534817,3.010754943074807
2602.4825291039974,3.517782106935559
2600.8711020999444,2.989730414760821
2599.27719813888,2.212680912585242
2597.694954260407,0.4081015150597031
2596.1314316870453,0.2302434156950266
2594.583392254897,1.4497396747277755
2593.05043919816,1.2207584827611648
2591.5263814363257,0.3817033340763108
2590.007233993973,-0.4323225720805259
2588.4810514141013,-0.352614859808333
2586.9603051752165,-0.519544356413143
2585.434905607559,-0.2031107580302863
2583.921450732557,-0.0754999681519073
2582.418458881351,-1.0459712104883114
2580.9109266460114,-0.9466148087632844
2579.3875080932635,-2.5748767255035667
2577.8350758959987,-2.8574586176544923
2576.261607393382,-3.232002876453544
2574.6576307258865,-2.8258461940019424
2573.0259466794946,-3.1245091221681154
2571.374101749721,-3.0508498959291868
2569.7192218072364,-1.9383980755353447
2568.056293117264,-0.7546632425612283
2566.3929869787294,1.1698416598116628
2564.7287489050864,0.91406825160494
2563.066678464282,1.2796108937227713
2561.4192403792827,0.049907036053746
2559.8000901911305,-0.0108158809147761
2558.2275003265245,-0.173289354881917
2556.705552748038,1.5534265384444677
2555.213474269632,3.0460275495827887
2553.7380188618426,4.100168938150173
2552.2828833444746,3.259315700606304
2550.854489647903,3.27587865403416
2549.4489458279154,4.182272503407562
2548.066839722506,3.903755243767289
2546.70679694113,3.59444677715928
2545.3680947162525,3.1204834195806823
2544.0468910118,1.743872304960903
2542.7389059618663,1.5820431576109684
2541.440531771545,2.778738506532938
2540.1548859485015,2.141158232537549
2538.858476291496,0.4638365873468226
2537.5432709317047,-0.6826936528709617
2536.209658705824,-2.304225561322993
2534.8550893419883,-1.880723855440896
2533.480479780892,-0.4668435912027175
2532.091216435862,2.360715457011386
2530.708898286835,5.527488924788786
2529.32061349895,6.144377780357537
2527.9339547216755,5.285992650003098
2526.5456832125474,3.9168523104007487
2525.1509588726285,2.3272140366702336
2523.7550657641523,0.912325784000166
2522.346633077277,0.2206016894523339
2520.9382341423916,-0.7360749069579536
2519.5452920283037,-0.682676168228533
2518.1715634544853,-1.4213951575983683
2516.813546983711,-2.4363354775219115
2515.4795253290217,-2.708107765784156
2514.1740031201407,-1.6863547099591618
2512.8809969688477,-2.003913059375674
2511.596764311683,-2.3888911401857915
2510.321072529514,-3.8502788028426673
2509.0642107308777,-3.403493621114157
2507.8212458356275,-3.678934186485354
2506.5827572849985,-3.7993437456475663
2505.352250321706,-2.502582328344224
2504.129908310754,-3.06827568313566
2502.920507924602,-1.3112788618091
2501.71925283375,-0.380503895534812
2500.5323338986473,1.4238207072898397
2499.356812842708,0.96911937290647
2498.1925438195285,1.5823876249184703
2497.0219648760276,1.612440340001001
2495.8579563203384,1.8479691220264869
2494.7138433125933,-0.9135771032235758
2493.5929311878267,-0.7112841342551055
2492.4918376286296,-2.1423081192926903
2491.3956108524103,-3.419077519998857
2490.3020441732538,-4.22389135385616
2489.1987705884026,-2.111003610179972
2488.0836419108923,-1.2055038945869951
2486.9804473795543,-1.5222067010527978
2485.8870136657383,-1.1724848170711153
2484.8181202368637,-3.6991538584740016
2483.7692591642044,-4.596211813656496
2482.7396944662314,-4.050816990041263
2481.7270578413554,-1.5378043533034411
2480.719396623441,-0.3189122942608047
2479.7132887338084,0.2054408377218987
2478.714738084961,-0.9281584031352502
2477.7276172797774,-0.7847754813020434
2476.7422595605763,0.4466690463420146
2475.763468936181,1.948763517954104
2474.78399428905,1.6021111659407254
2473.800617372022,0.0683328797124229
2472.823240342727,-3.355772971122155
2471.8460165565666,-3.567422729447272
2470.8650064857566,-3.5901455469064003
2469.8646270978556,-3.040482314746561
2468.841935753237,-2.588153730043972
2467.7995083701007,-2.021692587151529
2466.7280258531523,-1.6073612060248008
2465.620268636562,-1.855403858534773
2464.489177832175,-1.860706114217949
2463.3325574098853,-2.046335845014178
2462.1537079167956,-4.104081651808761
2460.9495796182005,-4.966053805641354
2459.72145699223,-5.406740359506582
2458.4655863077223,-4.789215671461638
2457.1709441953185,-4.992904806612796
2455.855893024409,-4.372316580041036
2454.5419160443334,-3.273166321111345
2453.2364827330634,-0.4141655378203857
2451.9481651610226,2.062941724798528
2450.665780051217,2.037057192563653
2449.39976945319,1.9668121617341128
2448.1542499439724,2.6508482098156456
2446.9219440222873,3.716467655648296
2445.709882115581,4.788934021708101
2444.511233040945,5.924845909030612
2443.298646082529,5.005797062663804
2442.0844214045346,3.4890187558268475
2440.88144671779,3.8060470281736696
2439.6890148399702,3.958118398046661
2438.5094521967476,2.3800503605605945
2437.3360246083653,1.4345436884115028
2436.160697021519,0.7190325374668006
2434.9802491044393,1.3341623066779904
2433.77464180335,1.2286209840529694
2432.553927833369,1.293893713460939
2431.319358580353,-0.2739154188936332
2430.0855007257364,-1.9129996867381955
2428.848842701632,-1.4524219295487455
2427.6001375362443,-0.1942473761100586
2426.3257832570266,-0.3239545841906451
2425.0170467518656,-2.3074859678289688
2423.6944744246666,-2.935630146600646
2422.3611364766202,-2.032402774905276
2421.0069322414024,-0.5300742065551516
2419.631620182382,-1.61364829940585
2418.2342146727788,-3.5292529925121845
2416.812587908738,-4.131768211209386
2415.371501560615,-3.572122374160254
2413.9139936710867,-2.768778145301244
2412.434001437342,-1.6998087833229971
2410.9318250169104,-1.8541766824993808
2409.421898736952,-0.708381460687739
2407.910251609366,0.4931318972949178
2406.4023476140615,3.4654328485327843
2404.909877293229,2.6036694803465723
2403.447043440201,2.2283773030860923
2402.0207791080634,0.2696485321724555
2400.624972130551,0.4341365493090262
2399.254716057662,-0.7119657753336042
2397.89707644306,-1.2040004707981424
2396.542727938326,-3.2279651551649176
2395.1724123509116,-2.509688775378251
2393.797166828039,-2.322415172464143
2392.4460856622914,-2.280876039752772
2391.144833167793,-4.671214531391255
2389.883736146636,-4.950142733166584
2388.6562535973285,-4.723267370757036
2387.470287229148,-0.944647006743125
2386.335186328893,-2.078277650189773
2385.2354037062214,-1.3996095598306248
2384.1630585814805,-2.610572388550447
2383.124703082389,-2.4301815093707324
2382.1262090728633,-3.5340505423880395
2381.1525089675265,-4.300756532254361
2380.202636801062,-7.006861757858994
2379.267731213856,-6.385442906008746
2378.342984752881,-6.124488908567256
2377.4362373809226,-5.416862251946164
2376.5430686271493,-4.07087023278428
2375.6763979054576,-1.8542237427710528
2374.832292152942,-0.593062187887062
2374.012258471349,-0.3504758191677141
2373.215675929003,0.6097387147623434
2372.4542908326785,1.249592217678456
2371.733889161533,1.2260359887962824
2371.069842397259,1.0385052755508437
2370.451604160142,0.707309613820744
2369.862135402385,1.249177715403232
2369.2850762727085,0.840458153119688
2368.717571117056,0.5248287126654912
2368.147953239625,-0.5244674568250938
2367.5647676553745,-0.7951836079876008
2366.961525542495,-0.558679269407028
2366.340199466231,0.4819429340756973
2365.6924859908927,0.7121741875472811
2365.032900483693,0.9054856957105956
2364.356112071269,1.876368031187157
2363.6577768355737,0.7557335338103175
2362.9511578382667,0.3349068190711765
2362.2220550076668,-0.2495704507490641
2361.464132492752,-2.2899702357176923
2360.6852823328054,-0.954342386667264
2359.8795440192325,-0.8012098155341817
2359.0460889578744,0.2570444898448231
2358.1964816793425,-0.316994928041759
2357.341022250033,-0.9251538622531504
2356.489132517635,-0.7911825764318074
2355.6396171595065,0.0932824652602439
2354.8107831261586,-0.6705136637843274
2353.9930213151215,0.1598871867048095
2353.189352243423,0.0678831268027573
2352.415198490515,1.406396758176732
2351.6740283398235,0.865386168766911
2350.9552001739844,0.2117577559475556
2350.2378161891,-0.2086996770557855
2349.5346455283325,-0.0572731765892855
2348.8279832285148,1.9392069249353807
2348.1175068288367,1.746677216832982
2347.411694540682,2.3125679138008763
2346.7139665897025,1.8972394907983088
2346.0394122244775,1.4403027743082624
2345.3745931836397,1.988004808834336
2344.7160938620095,2.1043242729297
2344.0589495752124,2.2752943442130573
2343.402612901643,0.3357677975475368
2342.7373884936874,0.3884065934183862
2342.061379720121,0.4529871504150272
2341.3834358415056,0.6663475568957773
2340.7056250813107,0.6317218324655118
2340.033951503287,1.5576025294647122
2339.3804399932205,2.589225030028639
2338.735127306329,4.414599031821319
2338.0859762455098,3.5962008305945043
2337.4433330325455,2.3869516528178925
2336.8164511601417,1.188110009612276
2336.204710386567,-1.8379652646549
2335.603259521049,-1.690016025558576
2335.0083799661434,-0.5856146856635975
2334.4192171463746,-0.5977827558986086
2333.83245258693,-2.590077361505835
2333.2545174619695,-2.893205618331332
2332.6910553771663,-2.1701965232871263
2332.1307591910313,-0.3201023045314073
2331.5675422142263,0.1595643544237232
2331.0037503698845,-0.6556521705253483
2330.430119525538,-2.6263915505575293
2329.849648637392,-2.273116809946127
2329.2705652149803,-0.2447620308183404
2328.702320709647,-0.3672479593350957
2328.1343467587003,-1.047128514640053
2327.5566765751714,-1.5534620295103356
2326.980016860552,-2.403066663816608
2326.4062842356275,-2.7690362678936
2325.8356929752727,-3.430214564944541
2325.2546104730964,-4.293528677287186
2324.6588730219933,-4.308130160093045
2324.048450850428,-4.543404743273712
2323.4202328310616,-3.2654562821753434
2322.7755801303238,-1.8486681833484984
2322.111498819721,-1.7922064753864486
2321.4188322006607,-2.652115444797748
2320.7133334293253,-2.7889061678703557
2320.000173928001,-1.6212813336282894
2319.285944385939,-2.4862026881487376
2318.5684834059657,-3.053215786945477
2317.8512612362224,-3.8777351446806567
2317.143512157717,-4.526737876753733
2316.446811782799,-3.5358186168830184
2315.7590064308506,-1.7939843049914586
2315.073678214696,-1.3219432580153825
2314.4036194044447,-1.5437334230066877
2313.748765728939,-0.2297400875223794
2313.1099900496883,-0.4454698421932928
2312.4938092154694,0.1279800097331698
2311.9021795982526,0.5702100570432883
2311.3391751077565,0.4457389140451192
2310.7860075136505,-0.2964667189372637
2310.2557094048566,-1.3168890170659997
2309.7338572309677,-1.8799039284844388
2309.2229790132355,-4.104723574092352
2308.723655417957,-3.139227503412773
2308.218366016558,-2.5464917763661714
2307.7128541687866,-2.264037191731547
2307.22120839646,-1.7634437055320693
2306.739312686986,-1.7381744040631943
2306.270962836294,-1.776899462704474
2305.802187651421,-3.241183071226954
2305.3377374841525,-4.945964084560196
2304.872502259112,-5.365117220269345
2304.409296475005,-6.991071436034575
2303.95515402431,-5.957375321127907
2303.5102253307227,-5.537701130020898
2303.076850504871,-4.737317730177924
2302.6523721620742,-3.082174328241344
2302.225559401201,-1.552723807550256
2301.78831919858,-0.0103423896153945
2301.3502316182025,0.3448369107511726
2300.8948480764784,1.2597502495483055
2300.4338060703762,0.3245272516602222
2299.9720054135023,-1.0952675054928158
2299.518287250501,0.4050016845927218
2299.07448446017,0.5001177009055506
2298.6253540411844,0.6709818354038591
2298.174227097841,-0.3752726805816599
2297.716872399731,-0.0314977088651514
2297.253068788453,0.1617329787525119
2296.7926776319196,0.0451734181230052
2296.328022700084,0.8878691989411989
2295.843583671288,2.7475637634731367
2295.3535424802967,1.9402369084660067
2294.854022482309,0.7301442003335771
2294.3656147900897,1.751486042809249
2293.8990871350356,3.260953098596606
2293.4505322409386,4.98099796180023
2293.0081258766445,6.083766436208312
2292.558146647321,5.950619026051837
2292.087850507813,4.97106173274508
2291.622146727253,4.424377712088666
2291.157972657996,2.226892620249929
2290.685779207477,1.103097306825107
2290.226149621964,0.1242467760824843
2289.7876319890456,-2.6193370241797536
2289.3614449824677,-3.8506859369575537
2288.9481231735263,-3.823192014123582
2288.5491667839565,-2.163278921871956
2288.1579933472894,-0.4255392478112353
2287.7693634058687,1.127958113354707
2287.3872986416254,0.8541943688401045
2287.0107647022783,-0.916444998230708
2286.631713404432,-2.6413947278685934
2286.247340884644,-1.452998293003833
2285.8614400159063,0.0960639207953221
2285.479122787965,0.0618143359337127
2285.112478661435,-0.2888990605734842
2284.760565711261,0.2942403360445242
2284.413005693161,-0.0193853528012311
2284.0650962662894,1.5156574001008325
2283.720957965309,0.9499333594001752
2283.387069691564,0.7933203333086178
2283.050557713007,0.949109176788163
2282.7025723177303,-0.995661998589198
2282.336501535265,-2.853581986564824
2281.9714489131943,-3.572756523223625
2281.5917707271656,-3.886711165401569
2281.1877177675783,-1.847145902841332
2280.7553699364644,-1.099468960351233
2280.3012847044724,-0.4084949548530421
2279.8195716482523,-0.7605284950538759
2279.3160242285585,-0.4293269943015963
2278.7792857193226,0.6766815569237106
2278.2097778832876,2.173794598082909
2277.6326546337195,3.357575070433059
2277.0387930047723,3.5701684740507806
2276.4389314828795,1.2950279796735604
2275.8536491732343,2.571221308307986
2275.268459452779,3.657505274601034
2274.6825340704,4.355356321057247
2274.097683795023,1.7889737550188127
2273.511008713558,0.9056229230296404
2272.921407645039,1.6254466358287238
2272.319574787951,2.6000954096186257
2271.701483477588,0.8386097823108156
2271.0781080453203,0.7622793815319274
2270.4394739107747,1.7921779966044964
2269.7771818346673,2.17578373453011
2269.0958971937384,2.78544562226687
2268.400406378292,3.166621483648634
2267.6823369806475,2.377473458286289
2266.9262536946585,1.7451928593260846
2266.1377003615808,1.600982329095043
2265.330484170805,2.7221352320542405
2264.502453409534,1.9674467891596503
2263.66602618793,0.5852802655257804
2262.808094530509,0.3352239573282441
2261.9187781228925,3.1059310267758025
2261.020360918747,3.751841430852392
2260.1160875574715,2.759850486430961
2259.182712250461,1.5529103055053644
2258.2149510503796,0.058304315767881
2257.2227942385025,-0.3263566302467162
2256.1956557628528,0.9009049614504336
2255.1504155905404,1.287899951633379
2254.0992080478118,2.2634747483147803
2253.0402241284423,2.355892936387007
2251.9605999939154,2.814260909329323
2250.855749757777,2.0048954728065063
2249.7355499130454,0.83577914936398
2248.606414411093,-0.7802078691148502
2247.452620808288,-1.0899744966726517
2246.2840135858382,-1.4484533084950215
2245.1089100145127,-0.5743311779175637
2243.910784972155,-0.947590850923414
2242.710498552784,-0.5325550639822048
2241.5331988487796,-1.3787091150928492
2240.378482000376,-0.6143497032668469
2239.2575155559766,-1.1793970645967804
2238.15327136357,-3.067299605492158
2237.0598047501876,-3.163469757395361
2235.9821029603227,-1.9047297654423805
2234.924834432196,-1.203034548958534
2233.900534284972,-1.6024225629601072
2232.913586705249,-0.1253131938242191
2231.9621062876477,-0.3036101879226245
2231.044619616958,-0.3450426139572186
2230.1396800986618,-1.9772177215411724
2229.2359254042976,-1.7884994447862042
2228.3423326527013,-2.0034390314236927
2227.4548622410334,-2.4648479145206545
2226.5800364639003,-2.8454911166051264
2225.7140300060896,-1.398888833515895
2224.8681323529595,-0.9626911499277128
2224.0477951045236,0.6625116047601614
2223.241347395964,0.0097344440996574
2222.428814817388,2.436570365780061
2221.610980719214,3.412612898621817
2220.7959446018244,2.0044196633650007
2219.9877310888555,0.0363068584762836
2219.1859572863204,-0.6040767253605457
2218.3978490558784,-0.2982385977091494
2217.6225513745526,-0.7372353714956031
2216.8533232194827,0.2026054183161258
2216.087833309296,-0.4387614754450681
2215.319318025236,0.2250371221091144
2214.5601633210636,-0.6685020687908985
2213.812053728221,-1.7463073141260916
2213.0817825401737,-4.970176421479465
2212.3859646252704,-5.520023365002889
2211.7087697410093,-3.5852167140779274
2211.0664358301296,-2.2420045904888384
2210.4627377537263,-0.202443978198384
2209.884500197303,0.6210483866481266
2209.3462532484114,1.6936157854775065
2208.838039587769,2.9807962075954126
2208.3643594966525,4.565194120583323
2207.927597050397,3.531533910813573
2207.5249287384236,1.488389186622038
2207.145870369652,-0.1268268409476668
2206.7806399407154,-1.0998965755923646
2206.395473414122,-1.1152929319257814
2206.003091892586,-2.1838502511959583
2205.6049819527734,-3.2421871105665976
2205.1897232448746,-2.2146766778078337
2204.7551347447607,-2.5851743308902773
2204.302649362483,-2.928516702876755
2203.826157798964,-3.378099987962998
2203.300527588116,-1.6088399531851834
2202.7333246840067,-2.0377215185004154
2202.138505995386,-1.1664339723285797
2201.518349160104,-1.6045731148929616
2200.898406513993,-2.87189672492591
2200.2713946259028,-4.457457612015744
2199.645338039122,-2.5032995304967542
2199.0199228907572,-2.196407892107918
2198.3882464924964,-2.348311107434202
2197.7466461969425,-1.98907864065451
2197.093888052834,-0.8343941054151727
2196.455030136688,0.3600157895612285
2195.8308427563243,0.1619654829803274
2195.222671757291,-0.8589564717923657
2194.6563945077796,-2.4816818321340333
2194.1230819653283,-2.099202100139638
2193.6188322154044,-2.2916409267889133
2193.1270935445064,-3.3539993757727204
2192.6508905148507,-4.606487782978123
2192.193268787522,-4.431006339800122
2191.738210125261,-4.2935407414437226
2191.287795003147,-1.8010867072367014
2190.8245877083973,0.2330258471895522
2190.3597083798177,0.5773052485110062
2189.9195361151724,0.0596356124454713
2189.4896507311123,0.1625435199032879
2189.067746661011,-0.4464253021622765
2188.65495430369,-0.9021862119428165
2188.238411933389,-1.1505710076206273
2187.8115187834314,-1.5837286479953123
2187.36738200442,-2.5649185577216773
2186.9150277555514,-2.0404652098415643
2186.47590912577,-1.8959702493109776
2186.0349600877134,-0.0475632425625902
2185.595258983136,0.9474899088845044
2185.1535034514986,2.8095191332810403
2184.70949601388,4.268805927908961
2184.274997065217,3.26011505964456
2183.8349116663962,2.636629249686721
2183.3695165460554,2.04766845410249
2182.88249409819,1.7496736865383085
2182.3815335301574,0.6906214580696585
2181.854825076023,-0.1683591151567979
2181.2893891138147,1.9284275657456296
2180.6981501388223,2.568559612547473
2180.0868659096745,1.5732663449097994
2179.4436567280536,0.8811090440700795
2178.7760804666027,1.11266857291757
2178.095891502082,2.1111196822975136
2177.397662054827,3.2105175846720213
2176.668673450455,5.246536603840855
2175.911641392039,4.61641528337924
2175.144396343031,3.519682869686619
2174.3725157198505,1.2030529981285738
2173.6081820030795,1.9741318576273548
2172.855364771022,2.788207922365795
2172.118424161622,3.132288689684236
2171.392681705158,3.5155468673425743
2170.6689474705413,1.7840046120877435
2169.9596458643914,1.4839698286157967
2169.266819063432,1.175555473720128
2168.5651210790347,-0.1615839099981271
2167.8552701748954,-1.9224041096905664
2167.1311161121407,-2.134248171770305
2166.3845060286826,-2.4457606417003976
2165.6314840265945,-2.865437659612469
2164.8600850496377,-2.418511137349885
2164.074641004143,-2.7571739579763603
2163.280273195411,-3.9072436586756414
2162.4884010792834,-5.991915546029393
2161.7087974907017,-5.885254793017431
2160.9495082177787,-3.0417611819247274
2160.1875943621653,-2.026324818615428
2159.4421533358864,-2.8095810532439374
2158.7167629075393,-3.9846839427810714
2158.0062847828267,-4.321077355924905
2157.313474686134,-5.879681972249
2156.621826673222,-4.586279564897529
2155.9300770404034,-4.354614650512721
2155.232998345338,-3.2622873390109595
2154.5221983989013,-3.248272114392214
2153.81336702934,-2.013053940737711
2153.1175544306316,-1.5367704371464426
2152.4353840641834,-1.5804505192375635
2151.764079278938,0.8490716113846015
2151.1031509788118,2.828051561298678
2150.43875203897,3.418139173697145
2149.772099265611,3.499050545601966
2149.1045957826823,1.2094288810206637
2148.4145851743356,1.0355771861066358
2147.6949702141987,0.1261208641395623
2146.9683776297816,1.5494292993807912
2146.2370405002043,2.298711111043817
2145.5104842929973,2.1570949917689166
2144.779290050915,2.1968359103325232
2144.061558349431,2.1250914292901246
2143.3529639023054,2.476379763685374
2142.6382048525993,2.97110855718976
2141.9197855847806,3.437407936461647
2141.199938332858,3.851359124154623
2140.4685921021505,2.564772156476588
2139.726656872836,0.1669115716907068
2138.9753593660766,-1.0390168750648758
2138.2168916405262,-1.0122781405632504
2137.465091503775,-0.3794063055290151
2136.710366558751,-0.6103777373709948
2135.9544583527136,0.0889310422635584
2135.189662889151,0.9591746433983688
2134.4128116024676,1.2616978315396028
2133.6266934726063,-0.0740850787962852
2132.8461173898672,-1.8520106828192475
2132.070802235073,-4.419513245358405
2131.3080235398324,-5.59692466957225
2130.553627997211,-6.360533061631123
2129.8031168059656,-5.5825230573475295
2129.0560327992766,-6.620540531639463
2128.3111501725625,-6.045706684906343
2127.5873361220565,-6.295766226983492
2126.8770640526095,-5.90727624688278
2126.170508441387,-5.525666045742298
2125.4585681204494,-5.020656286181478
2124.7356844228657,-4.850793551582012
2124.0242204088595,-4.529625145389635
2123.3171245435437,-3.9382872224126975
2122.6204059971783,-3.8281379806989726
2121.909364212467,-3.2974639133531416
2121.1955956837687,-1.7691203278778116
2120.480356153476,-0.4438337860058896
2119.7473947778576,0.8351682618141896
2118.9972917578057,0.0020825257130727
2118.2404127513173,0.2189491162084063
2117.4849681205656,-0.3827194457826848
2116.724814678673,-1.2210959242259327
2115.9693206748557,-2.039774873156413
2115.2262508750514,-1.6629909999324566
2114.496268533592,-1.195999757759324
2113.7598266309915,-0.8249473901419773
2113.0222732344546,-1.0421025127520689
2112.296932316866,-1.09348053790391
2111.5676738651587,-1.029808081848038
2110.8234884636768,-1.3973079962928947
2110.091554320044,-2.054393397959376
2109.3665762865985,-1.5017630473025894
2108.6399784815676,-1.4025735886667845
2107.912402798673,-0.637439465711733
2107.1871143593457,-1.17273512239928
2106.4530068169897,-2.0808717910203405
2105.706971974012,-1.86230023255473
2104.949924998544,-3.735959986383069
2104.1946291355903,-5.8065671186129
2103.4175689460462,-7.887434768736108
2102.614811436934,-8.792599571482972
2101.8002639855126,-6.91928933476888
2100.964972746359,-5.00622279606638
2100.094407987873,-4.919419973383837
2099.1967475546144,-3.4482511710426262
2098.2705654908714,-2.2351512162238585
2097.3240369112996,-2.759026841466283
2096.3615879578374,-3.616869335714176
2095.3896697194077,-3.969235022610704
2094.389167678425,-2.057240828233873
2093.3581082479104,0.7002723427610957
2092.3149694714652,0.6725867545986419
2091.2521007728483,0.9074741529884472
2090.175615334383,-1.5202515679126591
2089.1018268467665,-1.110696234344963
2088.0254461090785,0.1841780468827503
2086.9397682859235,2.057199073781097
2085.835155029886,2.970990193802677
2084.701256861917,3.62046450441456
2083.5477618691616,2.5605076909994446
2082.3840390299797,1.314406789146666
2081.212168783507,0.81657565836266
2080.018781711101,1.2130444883453646
2078.8009343676226,1.63981463557944
2077.539949400814,1.5933813606994682
2076.25201853499,1.5512043935399804
2074.9324491381963,0.9659835816854724
2073.5969226305306,0.9896677135564144
2072.263968778947,1.8599272690525772
2070.9428372163043,1.841136357195899
2069.634770481327,0.9509099060335202
2068.342269929611,0.3890270619636967
2067.0551712099796,-1.008140887528068
2065.78133500085,-1.6276986429731832
2064.5312508549946,-0.8464117033783222
2063.2886642250846,-0.9639094681063164
2062.0679741872436,-0.0674623908370735
2060.8413275197504,1.0183623460952087
2059.6038131521514,3.2166750524984025
2058.365396089053,2.9757557696978303
2057.1220243617277,2.91138173057588
2055.8720126211997,4.8622496917207325
2054.6104320861286,5.30486174008188
2053.3433755956944,6.272481002252902
2052.072797625442,6.197713181126119
2050.806317875377,5.770890828987781
2049.5527524625836,3.7772189055201952
2048.3196057112914,2.8609167156084148
2047.095054094994,1.93654987105204
2045.8844293691752,0.6640315075064257
2044.691262168804,-0.04218342077662
2043.5084279153868,0.8384778158055448
2042.322620367049,1.0753733489888968
2041.1293992644214,0.4910443331178766
2039.9357394265844,1.1436221709230636
2038.7432626394261,3.0913497376645456
2037.5508297817264,1.9223109318420617
2036.3687106549953,0.7277675960771193
2035.1914514854489,0.6275553361071168
2034.0376874364292,0.0314696572503011
2032.901320832847,1.1758714219186115
2031.7809118485445,0.7704858908086626
2030.670254810692,0.4500242727410767
2029.5636240029637,0.4365191664319245
2028.448333342337,1.6082421191999232
2027.2944430563546,0.6839259965164832
2026.1171792765497,0.4158004909845755
2024.922130958399,0.0021743132909173
2023.715198015379,0.5201653049042847
2022.4922025910719,1.3548012602591402
2021.2380179183403,2.132425506531296
2019.9609086016658,1.5835270526893166
2018.6586466778072,1.7628398248972563
2017.3344088233416,3.7614670400584034
2016.002026471362,4.131758419205527
2014.6536022105765,2.288276542847579
2013.2800379207995,0.5899158193520446
2011.8839067976505,0.1080305115548674
2010.4640720627146,0.4065275190093666
2009.0152662454345,-0.8199007019459176
2007.5628043912516,-0.2716257639199121
2006.093347773884,0.9308951031571912
2004.6063599606305,3.3138487925678084
2003.1084737945375,4.269191600922453
2001.583840660549,4.514048467855079
2000.0292214826252,4.222452023524308
1998.4456576876057,3.1525243672817536
1996.8233414380009,3.892249095443999
1995.1621998065634,3.560068006695916
1993.4746910573695,2.9657674047364537
1991.7640535738105,3.675489067175388
1990.0184802482697,3.473442294335149
1988.256770789192,2.301382579653609
1986.49355488029,1.4109073536413446
1984.72738280944,1.261801488194224
1982.9539990974145,1.9981364438930984
1981.171699156559,1.6379776082116928
1979.3902387257053,-0.2621953970297637
1977.6125528563957,-2.0391053211574333
1975.8207547976751,-1.5953913548029135
1974.035931222973,-1.19874074384278
1972.270243200394,-1.2316935094747836
1970.5121870899295,-0.9689195273205716
1968.7727779714135,0.3905382846858065
1967.0498502628436,2.7423780727458684
1965.3440467433459,2.931479783620455
1963.658203733607,3.23772409287501
1962.0146778510923,0.9280257646568038
1960.3881861035507,2.1961628388049506
1958.7754268020567,4.184847598331219
1957.162223192054,5.43609095674366
1955.5426489478848,4.122429524566678
1953.9263802493563,2.787057112351574
1952.3175632542293,1.4108750261149472
1950.6979956326265,0.9956870167160946
1949.0730225646264,1.2925063175410645
1947.4369075722814,0.4924572576824201
1945.786750896868,0.1596002350355492
1944.130041299799,1.3463415641579926
1942.4669656655876,1.0496133141704933
1940.7996742186388,0.9241384974795288
1939.1392747950842,0.446256276470092
1937.4863415097375,-0.767145681217131
1935.8462376102673,-1.4698438455901568
1934.2175890223648,-1.6202251539531842
1932.5922728198618,-0.1754705035907131
1930.9796042024732,-0.3697363579899094
1929.3652264500831,-1.1496231104954855
1927.7594370104093,-1.476701398162988
1926.1671539146994,-1.7523220138319549
1924.5810996846055,-1.5646454882437972
1922.9955908925,-0.2700998674529178
1921.4107836230294,0.2722535031634054
1919.8329897327746,1.7067735843833407
1918.2662517278084,3.308852468365458
1916.6813322828573,5.132826360971559
1915.0866650604448,4.906601506914947
1913.4978507468045,4.358594871676724
1911.910996536971,3.9171104003682418
1910.3236978761088,4.216048825799809
1908.7483931908255,2.9541716785988665
1907.1881330248661,0.9631444748998784
1905.6417028795413,-1.5121782455896196
1904.121327717786,-1.3922147769572577
1902.6199466064627,-2.0682510887794123
1901.1447439932317,-1.1185110528188114
1899.7073863306114,-0.6152316101491908
1898.3017718394306,-1.2683158222130653
1896.8982531242136,-2.0191694948593515
1895.5004686446177,-3.252603949589234
1894.1142081796345,-2.9310466564425157
1892.7316962997047,-2.4947083242972234
1891.3442493237285,-3.674206256715957
1889.94863024233,-4.371793252645073
1888.539180476959,-4.872115459179222
1887.0876194887567,-3.937301461111333
1885.596688393052,-2.457170719188662
1884.0684041818622,-2.8564951308207256
1882.5222357655387,-3.880926706310653
1880.9535768570795,-4.037813428805673
1879.345160141146,-2.7804621784722587
1877.7039934485272,-2.512096472570879
1876.0395940347432,-2.622249043544304
1874.3574975622896,-1.6946268753644875
1872.6528431526847,-2.186925853554177
1870.9431068808906,-3.537936809616298
1869.2272250970707,-4.355918833810932
1867.4798097640753,-5.622415585582274
1865.7100952729968,-5.723332301846716
1863.912184943604,-6.926911576703806
1862.0877498372959,-6.853796268666453
1860.2424015010713,-5.269115252445454
1858.4053292763253,-2.267942518804614
1856.569202934165,-2.021560065414778
1854.729858896128,-4.066791561809586
1852.886152975914,-5.096419950786341
1851.0423446821303,-6.303616565807585
1849.2021996089027,-6.00804122474963
1847.3625841604269,-4.316605260050372
1845.5196035476793,-1.8534075976979212
1843.6775477446013,0.363070516562616
1841.8489825719164,-0.5564433654385925
1840.025799342607,-2.466307212828894
1838.2064562863995,-3.9136096694576574
1836.403475697659,-2.769483166749652
1834.616166801334,-3.369847631711335
1832.8402495715254,-3.377856750734648
1831.079200253005,-2.35889669607102
1829.3233136788137,-2.1931966376154857
1827.5790455784543,-0.9023983673288531
1825.858909112642,-1.6102122448685974
1824.157976181642,-2.3142196798031165
1822.4729750409144,-3.993176250106401
1820.791487428559,-3.418903361635818
1819.1247660736904,-2.686400822294792
1817.4815919457808,-2.4334921528307727
1815.848698021806,-2.094625830371034
1814.2237854179384,-1.2270272292612745
1812.6164084901661,-0.4217571801823438
1811.0289189461325,0.2200523582581966
1809.4597337843375,-0.5026273389515191
1807.9060532853355,-1.119636054846774
1806.3573784617479,-2.308881199877611
1804.8175102210535,-5.367604217842748
1803.2817675059334,-4.915498410432978
1801.739031428995,-4.609634988765494
1800.199824813846,-2.552186889395009
1798.6585923449597,-0.8257489892646459
1797.1170156146957,0.595847300188876
1795.571394883353,0.1401808794480232
1794.0317377815982,-0.7682098907979336
1792.4944859293357,-0.1904838404060932
1790.9621016291667,0.0492390048032329
1789.444864060827,0.0962288206715773
1787.9494539516495,-0.1950607506466243
1786.48061998259,-1.3956964481576102
1785.0222693208768,-1.2447923555571787
1783.5761438491163,-1.410298705973385
1782.1389713165818,-0.0560686565152075
1780.68345247425,-0.303869208448883
1779.2072657943465,1.474294792058645
1777.7270566331263,2.587904360131862
1776.2376016446005,2.3103239007190237
1774.7400069014434,1.7226566353317407
1773.22955074703,0.95551645535815
1771.7179533937435,1.485351054399919
1770.2162855019735,0.6659138883482275
1768.7085787721107,-0.312184254295673
1767.1777250899813,-0.3491958416665076
1765.6399174022354,0.8913222244432032
1764.0850477395463,-0.6972924286029301
1762.5082253585795,-3.120125223934417
1760.9190900293108,-4.502346492786178
1759.3242747673935,-6.390686144938133
1757.7380099926077,-5.304861856452764
1756.1634117452986,-6.87244800507783
1754.6130903493095,-5.113553382843276
1753.0862215943184,-5.725491513691699
1751.5804843190688,-5.368187153887835
1750.0966849034448,-5.4397714158812
1748.629014251111,-3.408550406709516
1747.165269097786,-1.3342686841732208
1745.696010965519,-1.5335530535025808
1744.2110388308354,-4.101162916160775
1742.7116772413463,-3.4278727425805244
1741.2168383506248,-3.88205581402406
1739.7357791239551,-1.878325035153713
1738.2564122095737,-0.6203052993589993
1736.7766193721907,-0.0992606605875416
1735.3113528809774,0.8175804246444336
1733.8697376380546,0.1445497516888161
1732.4554441501914,-0.4649724435817514
1731.0532289214955,-0.2930356526328197
1729.6667597055095,0.114556552361873
1728.294186217675,0.0990062108904817
1726.9168443018843,-1.3808172676983486
1725.5382635107708,-2.361322844080725
1724.1664208639759,-2.5393857120547514
1722.8248492464847,-2.308509460606349
1721.5137186461357,-2.6813075354685125
1720.2314718491896,-1.5258440531738264
1718.9692916417068,-1.1702812900006785
1717.72014803256,-1.8851438868410453
1716.4716742616847,-4.512478567274132
1715.210936742016,-6.649436324030409
1713.9485583302662,-7.456675975328411
1712.6788847185844,-5.7082388773786
1711.4207330361526,-4.156782883356209
1710.1683383834397,-2.3827331539948533
1708.9075990157617,-2.518179029589533
1707.6447481119765,-1.7747646875448753
1706.3919700499744,-1.7216845998182553
1705.1623913304686,1.1425860284958556
1703.945085992032,3.2344530021412563
1702.732335407737,2.831640506709141
1701.535552259174,1.1890980362769046
1700.3449144252288,-0.62709764244561
1699.1586275709199,-1.2355048467237533
1697.9638564391382,-0.6247992584029782
1696.7798202647523,0.6090039128098921
1695.6240917632156,0.3965955314595868
1694.5037260672814,0.5056509148239723
1693.4200654500053,0.3962823445668541
1692.3759369791892,0.5910747671765272
1691.3746551750373,-0.117122668313196
1690.4067199575313,0.2615324234961117
1689.4670762424544,-0.6435670427062746
1688.5386676916776,0.3614763987298307
1687.5936413519867,0.3243448100072817
1686.6339173926021,-0.7130838614959976
1685.657618463128,-0.7866949682758408
1684.6529789726228,-1.125376578021436
1683.6339528784704,-0.9663930546990832
1682.6364872500026,-1.0574319165458903
1681.6728780125388,-0.4086947837315242
1680.7259461311276,-0.907822369383094
1679.7959126608553,0.0055267284619393
1678.8878225846152,0.9424423865655874
1678.0188136073195,1.3985455294795772
1677.167877448656,1.7358324550306627
1676.3239340392704,0.7223520753791761
1675.4866776600454,1.6790176809611914
1674.6242714591567,2.2891186459867656
1673.7315449359905,2.7982926784447817
1672.8017082895599,1.7443246423600025
1671.8327062189112,0.2601084768318912
1670.8422280886462,-1.882941754619648
1669.8237161388868,-2.074589790462219
1668.7951949588414,-1.1217387353173545
1667.768094183341,-0.0952171563672153
1666.744553106321,2.841284736066666
1665.6950969188954,2.126686048269572
1664.6305494984153,0.9276634262654896
1663.5556049336692,-1.1194023606342571
1662.476592567665,-1.0250560038172096
1661.41398460278,-0.3796093798415673
1660.3709622734773,0.2564056848602638
1659.337569592742,-0.133929266010078
1658.302779514941,0.0704470814948257
1657.2842972418084,-0.4024815214612655
1656.2707581220461,0.6939831261763336
1655.2436070324732,-0.7999882305724767
1654.2101116509477,-1.2417353015169192
1653.1705460343526,-2.6514999824355554
1652.122958073514,-2.8068834288526068
1651.0631759915543,-1.1095415064291243
1650.005520103367,-1.3608964437542153
1648.9478435070093,-1.977723840514639
1647.8789428731322,-3.162800183011583
1646.7932910604077,-2.17259652106714
1645.700822038558,-1.856702303573341
1644.6015176675749,-0.2564640571958032
1643.4983265768599,-0.5164516559271201
1642.4022361364628,-0.0837007928674765
1641.311059461219,-0.1157738550656244
1640.2188740576344,0.3337071721706395
1639.1303325588458,0.9703223892728908
1638.032777753105,-1.5095276420697523
1636.9268027571206,-2.18366990725653
1635.8125966117482,-4.412741209418769
1634.698364707941,-4.90200287174324
1633.5905359559151,-4.427367163427318
1632.4833757205065,-2.99242876294878
1631.376051217293,-2.2343989194794625
1630.2764312914576,-3.5614659233249286
1629.1824277689093,-5.106884181634006
1628.0938234837388,-3.939315522575789
1627.014904068753,-1.2891092460677187
1625.9624623087825,1.326815056906363
1624.9466598103697,2.7778436976560394
1623.9714001381815,4.996163942599209
1623.020132736519,6.1021718535747285
1622.1018575909713,5.005441613310827
1621.200878731856,2.737949885381998
1620.3097940021887,0.470005592997303
1619.404473805382,-2.0141718832640265
1618.50087188447,-2.555676283579457
1617.6069290730682,-3.317312898742608
1616.7299933437084,-3.7524868643755314
1615.8654638461855,-3.612698647782063
1615.0103476453241,-6.066680149875133
1614.1744755050336,-6.927431082497771
1613.3470177046852,-8.244583929787762
1612.5157422232296,-4.913415281475732
1611.703231772492,-2.809040696895544
1610.8987694769517,-0.4274548282644984
1610.099393841977,-1.5862117836725746
1609.303422445698,-2.800393344357202
1608.5019537244923,-2.7716014143997723
1607.6919423130405,-2.055888516621896
1606.8598402378223,-0.8038841469613717
1606.0118478755364,-1.3888273295119526
1605.1525961106142,0.6823944234191153
1604.2806355278644,1.464028225731404
1603.3910639878616,2.3463709890323257
1602.491768087165,3.3189673750559328
1601.5844020502261,4.500741383699979
1600.6483566498612,3.2076105877335177
1599.6959797155032,2.638884216802214
1598.7444355924922,-1.0930242106346737
1597.8020055149857,-2.32089622587066
1596.847259789794,-1.0558228223384885
1595.8640778381596,-0.7698954627058165
1594.860266956421,-0.6196349451159332
1593.8264112585232,0.7733489299728457
1592.7641384018373,2.209369561491387
1591.704916981835,3.9716348146623934
1590.636997462726,4.629742585871981
1589.5798554015428,5.37210918223335
1588.5483486876585,6.076747910420494
1587.5428767030726,7.754668491799885
1586.554631868134,8.243538713533168
1585.5657241201127,5.956914955240027
1584.5938988768444,3.4166345432910568
1583.651918060644,1.926434885922608
1582.7241141011168,0.3388668931835916
1581.797232999025,-0.9585167071739475
1580.8710256495337,-0.4698865277382361
1579.9481834416154,1.0652153251603933
1579.0375382110683,0.8703622005479519
1578.1487698102821,1.0883175384378858
1577.2643229727837,1.2155864987777074
1576.3857826953058,3.3532084829140043
1575.5282865282936,4.0252332890303935
1574.6986186654856,3.7326242697859153
1573.8783513618182,3.6857896750511023
1573.056688607768,3.8805271638094063
1572.253503071506,3.424459074750932
1571.4695398695333,2.16871941515395
1570.7086924948508,2.13504201738364
1569.9744155034896,1.92259489255546
1569.2407908232058,2.7893377599789204
1568.5017335123534,2.5559139556256927
1567.7662795393107,2.9333089264005707
1567.0295301328385,4.66227414212404
1566.274451327464,4.245419080128991
1565.5129909453153,1.72491933112422
1564.7547246174072,-0.7699868432882135
1563.9960183815188,-0.4034480177146125
1563.2332456204679,1.0512801835814232
1562.4747027016513,2.0380599089171225
1561.7108095567557,1.453369740759439
1560.9373711759918,0.6522308009205832
1560.1530597204578,0.3306235012973637
1559.348396175848,0.9393851497797844
1558.5356626161042,-0.1658093382873218
1557.7153367979552,-2.053762446866956
1556.8894203986556,-4.034507827076131
1556.058733081379,-4.650513557327018
1555.2285339805073,-3.805684000348248
1554.4082808924452,-2.1117151645229164
1553.5870588039777,-0.0982368513973557
1552.767253237388,0.8840737782997938
1551.9641345057394,-0.7250703312074875
1551.1892604937843,-1.8563122816841964
1550.4403303285876,-2.148007110488353
1549.7186106318845,-3.269553603907759
1549.0176748811296,-4.118037187139673
1548.3164301492454,-5.077164789247317
1547.6028248486139,-6.018879712675298
1546.8811915262886,-6.528561568311186
1546.1422320976242,-6.689351979338038
1545.3832646842782,-6.068306510548118
1544.6039305453696,-4.748092083878543
1543.8118352053941,-2.546967237728529
1543.0142429647353,-1.7858485049804491
1542.222682364428,-1.4005441416331634
1541.4418991821183,-2.642328213526845
1540.6639082847148,-3.9583543743589016
1539.8781187451857,-3.355605745463269
1539.077919186694,-2.7576397714306835
1538.261060300025,-2.3220445534957195
1537.436582461096,-2.10651710790981
1536.599196176262,-0.5032374998189226
1535.7688197719558,1.0981000117409958
1534.9544600172633,1.850615082152684
1534.1432191306344,3.294894737996989
1533.3205084586787,4.544402441233165
1532.5021197121355,2.329682895835994
1531.7080828708654,-0.8610821768310157
1530.9324256152531,-3.289116748536026
1530.1594014243933,-2.7917839318516067
1529.3886992182415,-3.87969120629734
1528.6253183623426,-4.855989558125511
1527.8714661395798,-5.507559147095171
1527.121264909932,-4.214087464339536
1526.3814207907683,-1.6162175829418404
1525.660704991701,-0.4846806211681563
1524.944326421014,0.8861512363830394
1524.2366394766045,2.0759306667092603
1523.5242820880849,2.316368505372449
1522.7926787053455,3.238327892233684
1522.025549070765,3.4219075276231536
1521.2199541258976,4.01829882692723
1520.3798974054944,3.779706038387657
1519.527578695685,3.4853214091971765
1518.6659594361545,1.717807581499783
1517.799933971499,1.739479371151095
1516.9378018319467,2.466242639482083
1516.1018116015523,2.705926998594624
1515.2903370517106,2.5503975727698265
1514.495847863869,1.537073109579988
1513.7452708536134,-0.2560514709884083
1513.0335016819097,-0.8914899796132429
1512.337762059094,-1.0063925935492697
1511.6580236451543,-1.751968708280604
1510.9990205078454,-2.038169346060935
1510.3463739732629,-2.318290908972161
1509.6760535852752,-3.5711836920851017
1508.967828264611,-4.943667141170998
1508.2267874638076,-7.013334140309347
1507.4501836866675,-6.826137632462714
1506.6371942336305,-5.562128333859122
1505.7796851060953,-2.9167336822164667
1504.8751974735617,-1.5119894727725902
1503.9379136397415,2.405227804698504
1502.9808132799585,2.726944005618388
1502.0031505525203,3.539242225841253
1501.0132579305666,2.105164670120889
1500.009320220468,2.312379681402331
1498.9815016842279,3.0281791923401844
1497.9361552081664,4.217340749287182
1496.8748378265977,3.4232672400193778
1495.7891275786485,3.189943677911948
1494.686782362905,0.952609733472202
1493.5631663536803,0.0267686459334705
1492.4258208869717,-0.1975184813820766
1491.2684453989716,-0.3828008508774029
1490.0743453178784,1.1632572233896163
1488.857180473439,2.677542823198031
1487.6261329125582,3.386685531042393
1486.3907269733788,1.971662103976936
1485.157502626791,-0.4200500961023701
1483.9087368028418,-0.413147572841571
1482.636934276044,0.7411697017203905
1481.3419252328345,2.965193475840975
1480.0440455446299,1.760117150757138
1478.7394312952351,-0.0075399944764253
1477.4287832268874,-1.1232224408430465
1476.133757096621,-1.006895471996317
1474.8508466130115,-2.7066121205561906
1473.554585827128,-1.7358223082482285
1472.2597082614425,-1.884221886610676
1470.9692108160016,-1.5375277005291208
1469.6893885520228,0.4669707776415428
1468.4372291010882,0.5832762714765454
1467.2092365712954,0.509922920132861
1465.9844511179876,0.6517592368328151
1464.7545624531215,1.965046502387147
1463.528835500412,1.5491763439676105
1462.3159857999956,1.2321007602559153
1461.1132416667435,1.862682280221985
1459.9269286428912,1.246398022414669
1458.74644843125,0.9117354265842718
1457.5693116910757,0.5562682453593847
1456.3742000748332,-0.1636967101670786
1455.1555783180397,-1.341507530666235
1453.9217009842462,-2.1049714007257827
1452.6727433602293,-3.829571294484343
1451.4224190055936,-4.413795509330842
1450.178640012943,-3.917914745698135
1448.9403286413822,-1.3565992805042295
1447.7076155076345,-1.1422963439151887
1446.47821017511,-0.9703804490082136
1445.2475595627045,-2.8749497615406834
1444.0366291021808,-2.689170404266888
1442.8588091481854,-2.9442456448176872
1441.6976068654421,-2.2632227282517743
1440.5445440034139,-1.595451475029836
1439.415924720499,-2.1773287199940903
1438.312438305604,-2.010588009940504
1437.2342782743635,-1.2046877498029558
1436.1607531257946,-0.8031793984073607
1435.080903176736,-2.460752297119224
1433.9956508284065,-1.6196835377955665
1432.90784624944,-2.778303128579439
1431.8086728713702,-2.8896057464971547
1430.7004129612512,-4.033476879768294
1429.5776314535726,-2.997029425991508
1428.4531338297404,-2.783939749929867
1427.3227084595555,0.1760086006663939
1426.1915861436205,0.2569092267184366
1425.0656131493336,-1.791972143661794
1423.949297432571,-3.090416670972263
1422.8408008408505,-3.068534993961576
1421.7417256354827,-2.870052915044723
1420.6484608388755,-1.043269633370547
1419.5701678403932,-1.3481389934230452
1418.4897548985407,-1.865499012688076
1417.383622268033,-1.2764127864280552
1416.2565074582526,0.8592502409261932
1415.1100097426179,2.4310355908072934
1413.9554179688766,1.7229732739320809
1412.801102208817,2.127536228631733
1411.650713197417,1.6644633308401031
1410.5020117636022,3.133769216816577
1409.3522212369553,3.13791767016116
1408.2097494290697,3.413873429504904
1407.079234419764,3.491865303119649
1405.9642650383419,4.6271517859628535
1404.8620721496372,3.723299551859294
1403.7685742500764,3.049118189050108
1402.6829448347398,2.5440447201059984
1401.59308140568,3.6308814971559418
1400.4991001136939,4.906186066765205
1399.3981590808492,5.43176832822854
1398.292352532418,4.165322203760257
1397.1571871529036,3.154959463664464
1396.0108008739162,3.2914465220949025
1394.8414123942623,4.600651975491408
1393.6445306879932,3.061266291271388
1392.4258045746512,3.248003773946694
1391.1867032721502,3.0061487225510715
1389.9473819908626,2.9731566867664942
1388.7066445904313,1.908893703477824
1387.4639816826705,1.3571527564873764
1386.2189028468717,2.597560226801523
1384.9651923789643,2.381929015038047
1383.7113637848788,1.4502858517417012
1382.4614077164056,-0.2719418213037889
1381.2056390420753,-1.0061905936091935
1379.961627213948,-1.5128159577282705
1378.7147308109281,-1.697890455959444
1377.4572167026947,-1.5767113076102832
1376.2016126399565,-1.9360465169322312
1374.9504835579976,-0.6990489034760703
1373.6938035417952,-0.4594407169728572
1372.4131887166238,1.1021966286768026
1371.123614296642,2.0011277329799886
1369.8475067858817,3.503484679347932
1368.5748706000313,3.7782141308519903
1367.2962241132325,5.118718093162952
1366.009236173949,5.637654131487059
1364.7079293665354,5.753542263698907
1363.4002625951132,5.261445845253691
1362.074958706954,4.21475137552041
1360.7317209330067,3.4137256185306653
1359.3621918972542,3.2784955866122374
1357.9604846894554,4.347619775905515
1356.519472517424,3.202024966007455
1355.0258757055833,1.7982086493157414
1353.478441266451,1.64773525223866
1351.894235711417,2.253179846826036
1350.2743473402206,1.1674454090220765
1348.6142004365352,0.8664798318958156
1346.9101542627313,0.3840220263469247
1345.1587046616935,-0.5342289886511058
1343.3684623070471,-0.892900036380702
1341.5410382293576,-1.0542119911234
1339.6816884664986,1.07277473709856
1337.800127716498,2.157076716023122
1335.8883628216345,2.8140960031476405
1333.9504726321247,3.0526563721857656
1331.9934394922739,3.367578250929116
1330.0254050701303,2.7721236276024825
1328.0397384716325,2.0657554479196567
1326.0278214632738,0.1194241657854853
1323.988760286296,-2.5454928726290738
1321.944517172601,-1.952866656277431
1319.8784218412454,-0.5453776205378777
1317.785161958949,1.3864789098329104
1315.6712178615721,3.2457368201118717
1313.5416303113188,2.2902621750102323
1311.4089892025772,1.0738777766527006
1309.2714113700483,-0.6553580096807607
1307.1234537328778,-1.2662324413313448
1304.9833149234316,-0.1204585749236553
1302.879561939544,1.4753289825003977
1300.791812954174,1.1477631207387975
1298.702881846131,2.022745947031644
1296.615722033667,2.342988370788314
1294.5318586701292,3.3617425251984225
1292.4551953124187,2.5801363466565435
1290.392901480675,3.4859494466191947
1288.3352287974574,4.2801892522572
1286.2954135017264,3.0925434706011456
1284.2717006198252,1.4469725315674298
1282.2502530017352,0.7664173928713398
1280.2380757569879,2.2105977592609527
1278.238679597037,1.6026420110483552
1276.255971537659,0.945514686570042
1274.2653549578858,0.7909006284960686
1272.2776192326296,2.1357917702397904
1270.2935181466144,2.891642287613176
1268.3112711773356,3.5946305078915968
1266.340655971186,3.258372852192878
1264.3701578646906,1.329230872218416
1262.3819133021038,1.3101177241527011
1260.3658187775825,2.1986774732144294
1258.3234596372627,2.379336874017426
1256.270133301903,1.2161503775494689
1254.203622733763,-0.8764065802298341
1252.1325669489174,0.3317929649179145
1250.051337386316,0.3948506996205294
1247.969316664863,2.027805928618898
1245.8697633415234,1.4181846629144896
1243.7600095853052,1.5126793200724478
1241.6263717706524,0.7528639955544414
1239.461728008856,1.898375306404238
1237.2619563623455,0.6020901680973136
1235.031948897896,1.5500380910325389
1232.7745255038124,0.8762801815526257
1230.4980524807709,1.0860923734876553
1228.2110811042055,1.1761341749935823
1225.9259803842747,3.134777605947617
1223.6490889732643,2.68969695334856
1221.3828415616506,0.8272043844511676
1219.1350676293666,-0.3637174430762228
1216.8809746165882,-1.8155839351309384
1214.611552815684,-2.2909057334403924
1212.3455031681508,-1.6806510585369483
1210.0882958389786,-2.078805286013044
1207.8434286989393,-3.293357357511397
1205.598284054864,-4.005303589085175
1203.3497668852322,-3.5605185302050746
1201.0790590487497,-2.67434193595511
1198.7846513032957,-3.4115811127938533
1196.4938039540566,-4.3054034688000815
1194.2056044498834,-3.391005934003087
1191.9315599800755,-1.1095358464612624
1189.6816379835996,-0.991803836157206
1187.454042300823,-2.9700067531019325
1185.2278168521684,-4.061417968734688
1183.0154051938082,-2.4577519272206
1180.824655647196,-0.3859990883750395
1178.652907544168,-1.4789809285592477
1176.5069844054713,-1.9218146273292316
1174.3691767542082,-2.173546487383074
1172.2395119759285,-1.8196093713050825
1170.1306396572143,-2.5058651537350483
1168.0414067198146,-5.294862794590872
1165.9531832559092,-4.863843685701756
1163.8650442190765,-4.505771017176922
1161.7820020516115,-4.136725724306206
1159.6990352108073,-4.074564083677161
1157.629252244022,-2.774790130938368
1155.5784189977207,-0.2407861146003369
1153.538687836482,-0.2110895265771276
1151.5079871070998,-0.9807055518915352
1149.4821796209906,-2.899839469942974
1147.4580292522423,-3.6163099505445695
1145.4280119885075,-2.7123981175226053
1143.3935215342788,-0.4591406001145683
1141.3516815920527,-0.0002333007081355
1139.2982379037078,0.0811117012194577
1137.2330573229501,-0.7215286391319851
1135.15271104061,-0.9499646365682264
1133.0524423944673,-1.5336764495052324
1130.9449543686424,-1.3887161139096866
1128.839635680017,-0.5473847904155826
1126.7338393196596,-0.2585071321644222
1124.6166006315923,-1.1681581553220244
1122.489866529032,-2.0508045554247767
1120.3782691098888,-0.1329519722436178
1118.2649969845068,0.1557388398182405
1116.1458642625237,-0.0678935291354149
1114.0282354198496,1.3293411589035484
1111.9299099491236,0.7145985987754047
1109.8391036426942,-0.3997480825219204
1107.7486878528978,-0.0907279602344348
1105.6699264156018,0.6959427278085474
1103.5872089063655,1.5713639862434166
1101.491429638586,0.9980880515724996
1099.376039063764,2.442135496702072
1097.2356782626505,2.553546653623603
1095.079634057799,1.0917716898084662
1092.907408986793,-0.9645964782494648
1090.7259723713544,-1.4152119488212482
1088.5476301586855,0.0177556468702644
1086.3684203479477,2.0488748110440413
1084.2016790661146,2.564390272120624
1082.0514138747592,1.8223346277380084
1079.9276489520355,1.9681891632246824
1077.8475557413085,1.2711887224337657
1075.8022330370088,1.2696219749173632
1073.7821220596486,0.9425322296978332
1071.7814148399666,-0.31883114359325
1069.797721647654,-1.2888303409491055
1067.8156470468575,-2.442935410422608
1065.8314360875975,-2.269307840174487
1063.8415230963526,-2.691490784721051
1061.8466381643536,-2.806460268168294
1059.8565553375684,-3.7273278115152033
1057.86114107709,-1.7977222493563658
1055.8568598178065,-1.7427586492325964
1053.8593497579675,-1.5211474672359335
1051.8673053659963,-1.5239374791831453
1049.8737957605224,-1.1974109389723488
1047.881735901852,-2.3600479542807293
1045.8854351433167,-2.637715132848701
1043.8829823880758,-2.3296331549177784
1041.864655745498,-1.7508634064151052
1039.838853192265,-3.8753438401071207
1037.8038277728285,-3.3584409942788853
1035.754435370388,-3.840571859566241
1033.6892704261982,-1.4367533724356103
1031.618336377231,1.0126315902454714
1029.547228901997,1.97166198862564
1027.4612319602286,0.2738212898961758
1025.3575589200354,1.02834748118584
1023.2374892825632,0.5457473277425846
1021.1127323652864,1.2316731642985463
1018.9715402347822,0.8229120731380231
1016.8108552431786,0.6070442705172814
1014.6474516950642,-0.2784226699432557
1012.4721321779934,0.2020805393826894
1010.2885233489482,-0.5659313020544285
1008.0957515845073,0.6063307838830472
1005.8931620514771,1.752172696199851
1003.6763999276848,2.1215116162794296
1001.4572093505606,0.9735940594634342
999.2444678602707,0.7552117778559774
997.0303882220982,-0.2024864184615346
994.8095852280692,-0.7231188113860161
992.5939490673237,-1.563502618552127
990.3787658983205,-0.8520010652165513
988.1576561567929,-0.1055006141128332
985.9406882330447,-0.7615996077337686
983.7430643213249,0.4020472148774658
981.5667383423558,1.6696416020067957
979.4049928943928,0.8239536452688891
977.2338996865565,-0.0896696076622192
975.0606375352086,-1.5403912699233198
972.9083380842201,-0.3853246592672845
970.7825421905964,-1.4719895150893294
968.6686466461538,-1.992416531983269
966.5784910318278,-1.6837827788430637
964.508911367078,-2.0984228079220544
962.4406920671519,-0.0697766620934552
960.379351860738,1.0760459464160763
958.3313733069267,0.1486020757415107
956.3058348069408,-1.1041885463348864
954.2984641247244,-1.2661659483523393
952.3170747706757,0.3908038898673598
950.3344291783244,1.2171061270089982
948.3502843374118,1.1044619953212755
946.3700987154485,0.3847827002398762
944.391980478002,-0.3627116269826547
942.4064537802703,-0.4083019808145922
